global_day,month,day_type,weekly_focus,meal_id,meal_type,time,original_recipe_version_id,selected_recipe_version_id,selected_recipe_title,changed,reasons
1,Settembre,D1,plant_pasta,base:meal:001:01,Colazione,06:30,base:recipe-version:pane-bianco-con-mozzarella-e-pomodoro:35fb5f2be15a587d,base:recipe-version:pane-bianco-con-mozzarella-e-pomodoro:35fb5f2be15a587d,Pane bianco con mozzarella e pomodoro,False,conservato
1,Settembre,D1,plant_pasta,base:meal:001:02,Spuntino,10:30,base:recipe-version:crackers-e-ricotta:b5e12fff16ac4003,base:recipe-version:frutta-e-mandorle:cf32a2fabea95479,Frutta e mandorle,True,riduzione_latticini | varieta_distribuzione
1,Settembre,D1,plant_pasta,base:meal:001:03,Pranzo,13:30,base:recipe-version:patate-con-crema-di-piselli-e-fagiolini:bd3f2ccd5bfa8ba0,base:recipe-version:v6-pasta-e-cannellini-con-spinaci:e4fd05f4eb3c7075,Pasta e cannellini con spinaci,True,riduzione_uova_albume | riduzione_latticini | backbone_vegetale_pasta
1,Settembre,D1,plant_pasta,base:meal:001:04,Spuntino,17:30,base:recipe-version:feta-cetriolo-e-crackers:6874564aabe8b391,base:recipe-version:kefir-e-frutta:9d9d38ab49b00b02,Kefir e frutta,True,riduzione_latticini | varieta_distribuzione
1,Settembre,D1,plant_pasta,base:meal:001:05,Cena,21:00,base:recipe-version:frittata-morbida-con-patate-e-carote:61be066e4bf7da40,base:recipe-version:v6-couscous-con-pollo-e-carote:d861a05c3d30d7fb,Couscous con pollo e carote,True,riduzione_uova_albume | varieta_distribuzione
2,Settembre,D2,rice_animal,base:meal:002:01,Colazione,09:00,base:recipe-version:uova-strapazzate-pane-bianco-e-frutta:a839660cc452be4b,base:recipe-version:uova-strapazzate-pane-bianco-e-frutta:a839660cc452be4b,"Uova strapazzate, pane bianco e frutta",False,conservato
2,Settembre,D2,rice_animal,base:meal:002:02,Pranzo,13:00,base:recipe-version:coniglio-con-patate-e-pomodori:1a88a8e3425ae336,base:recipe-version:curry-bianco-molto-delicato-di-pollo-e-zucca:be2bab570860f955,Curry bianco molto delicato di pollo e zucca,True,backbone_riso
2,Settembre,D2,rice_animal,base:meal:002:03,Pasto preturno,18:30,base:recipe-version:pane-bianco-con-prosciutto-cotto-primosale-e-pomodori:753b8e904a7654b7,base:recipe-version:coniglio-con-patate-e-spinaci:b4d852f99e5bbb06,Coniglio con patate e spinaci,True,riduzione_latticini | varieta_distribuzione
2,Settembre,D2,rice_animal,base:meal:002:04,Spuntino notturno,23:30,base:recipe-version:frutta-e-nocciole:400146dc9e9c56e4,base:recipe-version:banana-e-latte:a4b16218d9a8fc6e,Banana e latte,True,varieta_distribuzione
2,Settembre,D2,rice_animal,base:meal:002:05,Spuntino notturno,03:30,base:recipe-version:yogurt-bianco-e-banana:047824242ce72a93,base:recipe-version:yogurt-bianco-e-banana:047824242ce72a93,Yogurt bianco e banana,False,conservato
2,Settembre,D2,rice_animal,base:meal:002:06,Mini-pasto pre-sonno,08:20,base:recipe-version:frutta-e-grana:e22cb752c07b71e7,base:recipe-version:mini-panino-bianco-con-bresaola:7479944e46394c7c,Mini panino bianco con bresaola,True,riduzione_latticini | varieta_distribuzione
3,Settembre,D3,plant_rice,base:meal:003:01,Brunch,15:00,base:recipe-version:brunch-salmone-nordico-con-patate-e-zucca:6c518a0b9734ea57,base:recipe-version:v6-riso-basmati-con-ceci-e-carote:7277f67999f4413a,Riso basmati con ceci e carote,True,riduzione_uova_albume | backbone_vegetale_riso
3,Settembre,D3,plant_rice,base:meal:003:02,Spuntino,18:30,base:recipe-version:kefir-e-frutta:9d9d38ab49b00b02,base:recipe-version:v6-fette-integrali-con-burro-di-arachidi-e-confettura:72fcd8752957f6a3,Fette integrali con burro di arachidi e confettura,True,varieta_distribuzione
3,Settembre,D3,plant_rice,base:meal:003:03,Cena,21:00,base:recipe-version:tortino-al-forno-di-uova-patate-e-carote:124911724a3abbf1,base:recipe-version:v6c-brunch-completo-con-couscous-tacchino-e-spinaci:a20df9da2d65c783,"Brunch completo con couscous, tacchino e spinaci",True,riduzione_uova_albume | varieta_distribuzione
4,Settembre,D4,pasta_animal,base:meal:004:01,Colazione,08:00,base:recipe-version:mini-piadina-con-tacchino-e-robiola:a9b830a3c5b09b17,base:recipe-version:mini-piadina-con-tacchino-e-robiola:a9b830a3c5b09b17,Mini piadina con tacchino e robiola,False,conservato
4,Settembre,D4,pasta_animal,base:meal:004:02,Spuntino,11:00,base:recipe-version:kefir-e-fette-classiche:4c24043bb18dbd80,base:recipe-version:kefir-e-fette-classiche:4c24043bb18dbd80,Kefir e fette classiche,False,conservato
4,Settembre,D4,pasta_animal,base:meal:004:03,Pranzo,13:30,base:recipe-version:pasta-integrale-con-pollo-e-carote:e16c7d0561e5db8f,base:recipe-version:v6-pasta-con-gamberi-e-zucchine:dd40348d582dc3cf,Pasta con gamberi e zucchine,True,riduzione_latticini | backbone_pasta
4,Settembre,D4,pasta_animal,base:meal:004:04,Spuntino,17:30,base:recipe-version:latte-e-frutta:5810692902d5524f,base:recipe-version:latte-e-frutta:5810692902d5524f,Latte e frutta,False,conservato
4,Settembre,D4,pasta_animal,base:meal:004:05,Cena,20:30,base:recipe-version:jacket-potato-con-tonno-primosale-e-bietole:39d76c332d82bec4,base:recipe-version:manzo-magro-con-polenta-e-zucchine:6497ec9726ad6c1b,Manzo magro con polenta e zucchine,True,riduzione_latticini | varieta_distribuzione
5,Settembre,D5,plant_pasta,base:meal:005:01,Colazione,08:00,base:recipe-version:kefir-con-fette-classiche-e-confettura:d66602f1f4ac41ea,base:recipe-version:kefir-con-fette-classiche-e-confettura:d66602f1f4ac41ea,Kefir con fette classiche e confettura,False,conservato
5,Settembre,D5,plant_pasta,base:meal:005:02,Spuntino,11:00,base:recipe-version:primosale-e-gallette-di-riso:c2e743864218b117,base:recipe-version:latte-e-gallette-di-riso:0305150caf7bf7be,Latte e gallette di riso,True,riduzione_latticini | varieta_distribuzione
5,Settembre,D5,plant_pasta,base:meal:005:03,Pranzo,13:30,base:recipe-version:croque-monsieur-leggero-con-cotto-mozzarella-e-melanzane:3d7b823f7090000a,base:recipe-version:orata-con-patate-e-bietole:f7dd5fe6df51d49e,Orata con patate e bietole,True,riduzione_latticini | varieta_distribuzione
5,Settembre,D5,plant_pasta,base:meal:005:04,Spuntino,17:30,base:recipe-version:latte-e-gallette-di-riso:0305150caf7bf7be,base:recipe-version:piccola-porzione-di-lupini-e-frutta:27a1df3729d2c523,Piccola porzione di lupini e frutta,True,varieta_distribuzione
5,Settembre,D5,plant_pasta,base:meal:005:05,Cena,20:30,base:recipe-version:filetto-di-maiale-con-polenta-e-zucchine:c5bf398c2a3ca85b,base:recipe-version:v6-pasta-e-ceci-con-zucca:04b7f6a9d9589b93,Pasta e ceci con zucca,True,backbone_vegetale_pasta
6,Settembre,D1,rice_animal,base:meal:006:01,Colazione,06:30,base:recipe-version:french-toast-delicato-con-frutta:dd90456291668ba2,base:recipe-version:v6-yogurt-con-avena-e-pera:deac64791fb6ff2d,Yogurt con avena e pera,True,riduzione_uova_albume | varieta_distribuzione
6,Settembre,D1,rice_animal,base:meal:006:02,Spuntino,10:30,base:recipe-version:latte-e-gallette-di-riso:0305150caf7bf7be,base:recipe-version:crackers-classici-con-hummus-delicato:336656d51106c925,Crackers classici con hummus delicato,True,varieta_distribuzione
6,Settembre,D1,rice_animal,base:meal:006:03,Pranzo,13:30,base:recipe-version:nasello-con-pane-bianco-e-fagiolini:c2d1f365a35492b7,base:recipe-version:pranzo-leggero-con-merluzzo-riso-e-funghi:f54301d61167e559,"Pranzo leggero con merluzzo, riso e funghi",True,backbone_riso
6,Settembre,D1,rice_animal,base:meal:006:04,Spuntino,17:30,base:recipe-version:crackers-classici-con-hummus-delicato:9973a6bb5cb9312b,base:recipe-version:v6-yogurt-con-frutti-di-bosco-e-nocciole:b86f2b6106ba2075,Yogurt con frutti di bosco e nocciole,True,varieta_distribuzione
6,Settembre,D1,rice_animal,base:meal:006:05,Cena,21:00,base:recipe-version:salmone-nordico-con-patate-e-zucca:12ef1495b6cb91b9,base:recipe-version:salmone-nordico-con-patate-e-zucca:12ef1495b6cb91b9,Salmone nordico con patate e zucca,False,conservato
7,Settembre,D2,other,base:meal:007:01,Colazione,09:00,base:recipe-version:mini-piadina-con-tacchino-e-robiola:a9b830a3c5b09b17,base:recipe-version:latte-corn-flakes-e-frutta:cf62f1c1f1381a34,"Latte, corn flakes e frutta",True,riduzione_latticini | varieta_distribuzione
7,Settembre,D2,other,base:meal:007:02,Pranzo,13:00,base:recipe-version:sogliola-con-riso-e-lattuga:dad2da960a909df7,base:recipe-version:v6-grano-saraceno-con-manzo-e-funghi:d004b061ebe7cd7e,Grano saraceno con manzo e funghi,True,varieta_distribuzione
7,Settembre,D2,other,base:meal:007:03,Pasto preturno,18:30,base:recipe-version:coniglio-con-riso-basmati-e-fagiolini:81bbf1d5eec9bc15,base:recipe-version:manzo-magro-con-pane-bianco-e-zucchine:a7b476a5b5a0d662,Manzo magro con pane bianco e zucchine,True,varieta_distribuzione
7,Settembre,D2,other,base:meal:007:04,Spuntino notturno,23:30,base:recipe-version:uovo-sodo-e-crackers:b92d407cf54f5e44,base:recipe-version:uovo-sodo-e-crackers:b92d407cf54f5e44,Uovo sodo e crackers,False,conservato
7,Settembre,D2,other,base:meal:007:05,Spuntino notturno,03:30,base:recipe-version:pane-bianco-e-uovo-sodo:cc72ed269e031a57,base:recipe-version:v6-crackers-integrali-con-hummus-e-carote:f06cae1e98dec421,Crackers integrali con hummus e carote,True,riduzione_uova_albume | varieta_distribuzione
7,Settembre,D2,other,base:meal:007:06,Mini-pasto pre-sonno,08:20,base:recipe-version:frutta-e-nocciole:400146dc9e9c56e4,base:recipe-version:frutta-e-nocciole:400146dc9e9c56e4,Frutta e nocciole,False,conservato
8,Settembre,D3,plant_pasta,base:meal:008:01,Brunch,15:00,base:recipe-version:brunch-burger-di-tacchino-con-pane-e-zucca-al-forno:51d145e2523448a2,base:recipe-version:v6-pasta-e-lenticchie-con-carote:86363e74837643b7,Pasta e lenticchie con carote,True,riduzione_latticini | backbone_vegetale_pasta
8,Settembre,D3,plant_pasta,base:meal:008:02,Spuntino,18:30,base:recipe-version:yogurt-bianco-e-banana:047824242ce72a93,base:recipe-version:v6-gallette-di-riso-con-burro-di-arachidi-e-banana:0662b0d58a819f7a,Gallette di riso con burro di arachidi e banana,True,varieta_distribuzione
8,Settembre,D3,plant_pasta,base:meal:008:03,Cena,21:00,base:recipe-version:tortilla-spagnola-leggera-con-zucchine:a462a4a125100c48,base:recipe-version:pollo-con-patate-e-spinaci:60e1b4880c2b8295,Pollo con patate e spinaci,True,riduzione_uova_albume | varieta_distribuzione
9,Settembre,D4,rice_animal,base:meal:009:01,Colazione,08:00,base:recipe-version:fette-biscottate-con-robiola-e-miele:a333b090d4f540a0,base:recipe-version:fette-biscottate-con-robiola-e-miele:a333b090d4f540a0,Fette biscottate con robiola e miele,False,conservato
9,Settembre,D4,rice_animal,base:meal:009:02,Spuntino,11:00,base:recipe-version:piadina-mini-con-ricotta:09c4f393f702c181,base:recipe-version:kefir-e-frutta:9d9d38ab49b00b02,Kefir e frutta,True,riduzione_latticini | varieta_distribuzione
9,Settembre,D4,rice_animal,base:meal:009:03,Pranzo,13:30,base:recipe-version:frittata-morbida-con-patate-e-fagiolini:6ae61ad1c4f4df88,base:recipe-version:v6-orzo-con-tacchino-e-zucca:03634e841f0aec0c,Orzo con tacchino e zucca,True,riduzione_uova_albume | varieta_distribuzione
9,Settembre,D4,rice_animal,base:meal:009:04,Spuntino,17:30,base:recipe-version:kefir-e-fette-classiche:4c24043bb18dbd80,base:recipe-version:frutta-e-mandorle:cf32a2fabea95479,Frutta e mandorle,True,varieta_distribuzione
9,Settembre,D4,rice_animal,base:meal:009:05,Cena,20:30,base:recipe-version:bowl-coreana-delicata-con-manzo-riso-e-carote:65761b5bbf817bdd,base:recipe-version:kofte-di-tacchino-delicati-con-riso-e-pomodori:c9b5203823160ba9,Kofte di tacchino delicati con riso e pomodori,True,backbone_riso
10,Settembre,D5,plant_rice,base:meal:010:01,Colazione,08:00,base:recipe-version:colazione-leggera-con-latte-e-fette-classiche:8fd04a5b7ddd497f,base:recipe-version:v6-pane-di-segale-burro-di-arachidi-e-pera:949d5ac5223fb3e8,"Pane di segale, burro di arachidi e pera",True,varieta_distribuzione
10,Settembre,D5,plant_rice,base:meal:010:02,Spuntino,11:00,base:recipe-version:frutta-in-porzione-piccola:66f165e587c2dffb,base:recipe-version:mini-panino-bianco-con-bresaola:7479944e46394c7c,Mini panino bianco con bresaola,True,varieta_distribuzione
10,Settembre,D5,plant_rice,base:meal:010:03,Pranzo,13:30,base:recipe-version:pranzo-leggero-con-tacchino-pane-e-fagiolini:7f0d78fdb7e3ddb2,base:recipe-version:v6-riso-basmati-con-borlotti-e-spinaci:96ddd02df0493d09,Riso basmati con borlotti e spinaci,True,riduzione_uova_albume | backbone_vegetale_riso
10,Settembre,D5,plant_rice,base:meal:010:04,Spuntino,17:30,base:recipe-version:latte-piccolo:af0c44c699cd8ae3,base:recipe-version:kefir-piccolo:0120716d4b11c95a,Kefir piccolo,True,varieta_distribuzione
10,Settembre,D5,plant_rice,base:meal:010:05,Cena,20:30,base:recipe-version:pasto-flessibile-pizza-margherita-e-contorno-cotto:b7657ff281710f35,base:recipe-version:v6c-brunch-completo-con-couscous-salmone-e-zucca:102298fa07c2f568,"Brunch completo con couscous, salmone e zucca",True,varieta_distribuzione
11,Settembre,D1,pasta_animal,base:meal:011:01,Colazione,06:30,base:recipe-version:kefir-con-fette-classiche-e-confettura:d66602f1f4ac41ea,base:recipe-version:budino-di-riso-casalingo-e-frutta:6cc1d24620d4f701,Budino di riso casalingo e frutta,True,varieta_distribuzione
11,Settembre,D1,pasta_animal,base:meal:011:02,Spuntino,10:30,base:recipe-version:primosale-e-gallette-di-riso:c2e743864218b117,base:recipe-version:primosale-e-gallette-di-riso:c2e743864218b117,Primosale e gallette di riso,False,conservato
11,Settembre,D1,pasta_animal,base:meal:011:03,Pranzo,13:30,base:recipe-version:risotto-delicato-con-gamberi-e-fagiolini:d50853aedadb24c6,base:recipe-version:v6-couscous-con-pollo-e-carote:d861a05c3d30d7fb,Couscous con pollo e carote,True,riduzione_latticini | varieta_distribuzione
11,Settembre,D1,pasta_animal,base:meal:011:04,Spuntino,17:30,base:recipe-version:latte-e-gallette-di-riso:0305150caf7bf7be,base:recipe-version:v6-mini-panino-con-bresaola-e-carote:f4a50d7eba0d1cff,Mini panino con bresaola e carote,True,varieta_distribuzione
11,Settembre,D1,pasta_animal,base:meal:011:05,Cena,21:00,base:recipe-version:manzo-magro-con-polenta-e-zucchine:6497ec9726ad6c1b,base:recipe-version:v6-pasta-con-calamari-e-pomodoro:776c1b90947dc181,Pasta con calamari e pomodoro,True,backbone_pasta
12,Settembre,D2,plant_pasta,base:meal:012:01,Colazione,09:00,base:recipe-version:fette-biscottate-con-robiola-e-miele:88f39a230fcdda9a,base:recipe-version:v6-pane-integrale-burro-di-arachidi-e-banana:7ed21ce5cd13d99d,"Pane integrale, burro di arachidi e banana",True,riduzione_latticini | varieta_distribuzione
12,Settembre,D2,plant_pasta,base:meal:012:02,Pranzo,13:00,base:recipe-version:salmone-nordico-con-patate-e-zucca:382f659369edb060,base:recipe-version:pollo-con-polenta-e-zucca:95b4da9b795cd857,Pollo con polenta e zucca,True,varieta_distribuzione
12,Settembre,D2,plant_pasta,base:meal:012:03,Pasto preturno,18:30,base:recipe-version:branzino-con-polenta-e-zucchine:05d43f46b0cd324d,base:recipe-version:v6-pasta-e-piselli-con-spinaci:1b8955b2f5d4cea1,Pasta e piselli con spinaci,True,backbone_vegetale_pasta
12,Settembre,D2,plant_pasta,base:meal:012:04,Spuntino notturno,23:30,base:recipe-version:mozzarella-e-pomodorini:ed19c9fabc9729ed,base:recipe-version:kefir-e-fette-classiche:4c24043bb18dbd80,Kefir e fette classiche,True,riduzione_latticini | varieta_distribuzione
12,Settembre,D2,plant_pasta,base:meal:012:05,Spuntino notturno,03:30,base:recipe-version:frutta-e-fiocchi-di-latte-su-gallette:bafeb21a29f7b2a0,base:recipe-version:v6-pane-integrale-con-hummus-e-spinaci:1ba508863e4ce1bf,Pane integrale con hummus e spinaci,True,riduzione_latticini | varieta_distribuzione
12,Settembre,D2,plant_pasta,base:meal:012:06,Mini-pasto pre-sonno,08:20,base:recipe-version:uovo-sodo-e-crackers:b92d407cf54f5e44,base:recipe-version:banana-e-latte:a4b16218d9a8fc6e,Banana e latte,True,riduzione_uova_albume | varieta_distribuzione
13,Settembre,D3,rice_animal,base:meal:013:01,Brunch,15:00,base:recipe-version:brunch-croque-monsieur-leggero-con-cotto-mozzarella-e-melanzane:fc8810506d8d8fb9,base:recipe-version:v6c-brunch-completo-con-farro-tonno-e-fagiolini:ec10bbd1714ec88b,"Brunch completo con farro, tonno e fagiolini",True,riduzione_uova_albume | riduzione_latticini | varieta_distribuzione
13,Settembre,D3,rice_animal,base:meal:013:02,Spuntino,18:30,base:recipe-version:pane-bianco-e-uovo-sodo:cc72ed269e031a57,base:recipe-version:v6-fette-integrali-con-burro-di-arachidi-e-confettura:72fcd8752957f6a3,Fette integrali con burro di arachidi e confettura,True,riduzione_uova_albume | varieta_distribuzione
13,Settembre,D3,rice_animal,base:meal:013:03,Cena,21:00,base:recipe-version:filetto-di-maiale-con-polenta-e-zucchine:708b97fb0ebfd06a,base:recipe-version:coniglio-con-riso-basmati-e-bietole:ec8c162e6190703b,Coniglio con riso basmati e bietole,True,riduzione_uova_albume | backbone_riso
14,Settembre,D4,other,base:meal:014:01,Colazione,08:00,base:recipe-version:toast-bianco-con-ricotta-e-confettura:af4d9ae16aa4329a,base:recipe-version:toast-bianco-con-ricotta-e-confettura:af4d9ae16aa4329a,Toast bianco con ricotta e confettura,False,conservato
14,Settembre,D4,other,base:meal:014:02,Spuntino,11:00,base:recipe-version:piccola-porzione-di-lupini-e-frutta:1441081cb6be12f5,base:recipe-version:crackers-classici-con-hummus-delicato:336656d51106c925,Crackers classici con hummus delicato,True,varieta_distribuzione
14,Settembre,D4,other,base:meal:014:03,Pranzo,13:30,base:recipe-version:piatto-caldo-con-ricotta-pane-bianco-e-lattuga:3902a17753d83a21,base:recipe-version:orata-con-patate-e-bietole:f7dd5fe6df51d49e,Orata con patate e bietole,True,riduzione_uova_albume | riduzione_latticini | varieta_distribuzione
14,Settembre,D4,other,base:meal:014:04,Spuntino,17:30,base:recipe-version:piadina-mini-con-ricotta:09c4f393f702c181,base:recipe-version:latte-e-gallette-di-riso:0305150caf7bf7be,Latte e gallette di riso,True,riduzione_latticini | varieta_distribuzione
14,Settembre,D4,other,base:meal:014:05,Cena,20:30,base:recipe-version:bowl-greca-delicata-con-pollo-feta-e-zucchine:15c1162c0403e1d0,base:recipe-version:filetto-di-maiale-con-polenta-e-zucchine:c5bf398c2a3ca85b,Filetto di maiale con polenta e zucchine,True,riduzione_latticini | varieta_distribuzione
15,Settembre,D5,plant_pasta,base:meal:015:01,Colazione,08:00,base:recipe-version:omelette-alla-feta-con-pane-bianco:3fd115ce6030c5aa,base:recipe-version:kefir-con-fette-classiche-e-confettura:565d49687dc3de64,Kefir con fette classiche e confettura,True,riduzione_uova_albume | riduzione_latticini | varieta_distribuzione
15,Settembre,D5,plant_pasta,base:meal:015:02,Spuntino,11:00,base:recipe-version:banana-e-latte:a4b16218d9a8fc6e,base:recipe-version:piccola-porzione-di-lupini-e-frutta:27a1df3729d2c523,Piccola porzione di lupini e frutta,True,varieta_distribuzione
15,Settembre,D5,plant_pasta,base:meal:015:03,Pranzo,13:30,base:recipe-version:tortilla-spagnola-leggera-con-zucchine:2e90390923703559,base:recipe-version:couscous-marocchino-delicato-con-tacchino-e-fagiolini:b9e6f822041b2859,Couscous marocchino delicato con tacchino e fagiolini,True,riduzione_uova_albume | varieta_distribuzione
15,Settembre,D5,plant_pasta,base:meal:015:04,Spuntino,17:30,base:recipe-version:crackers-e-primosale:89b1db2790bd5aea,base:recipe-version:v6-mini-panino-con-tacchino-e-spinaci:f554c16213f54aa1,Mini panino con tacchino e spinaci,True,riduzione_latticini | varieta_distribuzione
15,Settembre,D5,plant_pasta,base:meal:015:05,Cena,20:30,base:recipe-version:risotto-delicato-con-funghi-e-zucca:c83ed23823f534c3,base:recipe-version:v6-pasta-e-ceci-con-zucca:04b7f6a9d9589b93,Pasta e ceci con zucca,True,riduzione_uova_albume | riduzione_latticini | backbone_vegetale_pasta
16,Settembre,D1,rice_animal,base:meal:016:01,Colazione,06:30,base:recipe-version:pane-di-segale-robiola-e-pera:90cb97fa4e2a5372,base:recipe-version:pane-di-segale-robiola-e-pera:90cb97fa4e2a5372,"Pane di segale, robiola e pera",False,conservato
16,Settembre,D1,rice_animal,base:meal:016:02,Spuntino,10:30,base:recipe-version:crackers-e-primosale:89b1db2790bd5aea,base:recipe-version:v6-kefir-con-banana-e-pistacchi:6663fc9362c6db18,Kefir con banana e pistacchi,True,riduzione_latticini | varieta_distribuzione
16,Settembre,D1,rice_animal,base:meal:016:03,Pranzo,13:30,base:recipe-version:patate-con-crema-di-borlotti-e-melanzane:5b22336a355001da,base:recipe-version:riso-teriyaki-delicato-con-tacchino-e-melanzane:6da7b42882068260,Riso teriyaki delicato con tacchino e melanzane,True,riduzione_uova_albume | riduzione_latticini | backbone_riso
16,Settembre,D1,rice_animal,base:meal:016:04,Spuntino,17:30,base:recipe-version:primosale-e-gallette-di-riso:c2e743864218b117,base:recipe-version:latte-e-frutta:52f50bbedb3cc959,Latte e frutta,True,riduzione_latticini | varieta_distribuzione
16,Settembre,D1,rice_animal,base:meal:016:05,Cena,21:00,base:recipe-version:croque-monsieur-leggero-con-cotto-mozzarella-e-melanzane:a514d8f6de6fb815,base:recipe-version:manzo-magro-con-polenta-e-carote:c034ee16ad5033e0,Manzo magro con polenta e carote,True,riduzione_latticini | varieta_distribuzione
17,Settembre,D2,plant_rice,base:meal:017:01,Colazione,09:00,base:recipe-version:toast-bianco-con-ricotta-e-confettura:3dcfa40fb5f04db9,base:recipe-version:v6-yogurt-con-avena-e-pera:deac64791fb6ff2d,Yogurt con avena e pera,True,riduzione_latticini | varieta_distribuzione
17,Settembre,D2,plant_rice,base:meal:017:02,Pranzo,13:00,base:recipe-version:pasta-con-ricotta-e-lattuga:308769defe7b43ae,base:recipe-version:v6-riso-integrale-con-lenticchie-e-zucca:dc511af2e1f40d7c,Riso integrale con lenticchie e zucca,True,riduzione_uova_albume | riduzione_latticini | backbone_vegetale_riso
17,Settembre,D2,plant_rice,base:meal:017:03,Pasto preturno,18:30,base:recipe-version:risotto-delicato-con-primosale-e-zucchine:ab6e3039c5bf6ff7,base:recipe-version:v6-grano-saraceno-con-manzo-e-funghi:d004b061ebe7cd7e,Grano saraceno con manzo e funghi,True,riduzione_uova_albume | riduzione_latticini | varieta_distribuzione
17,Settembre,D2,plant_rice,base:meal:017:04,Spuntino notturno,23:30,base:recipe-version:mini-panino-con-tacchino-a-fette:898c8264b59b67d8,base:recipe-version:kefir-e-frutta:5d2d12ec2da1027a,Kefir e frutta,True,varieta_distribuzione
17,Settembre,D2,plant_rice,base:meal:017:05,Spuntino notturno,03:30,base:recipe-version:feta-cetriolo-e-crackers:6874564aabe8b391,base:recipe-version:v6-gallette-di-riso-con-burro-di-arachidi-e-banana:0662b0d58a819f7a,Gallette di riso con burro di arachidi e banana,True,riduzione_latticini | varieta_distribuzione
17,Settembre,D2,plant_rice,base:meal:017:06,Mini-pasto pre-sonno,08:20,base:recipe-version:mozzarella-e-pomodorini:ed19c9fabc9729ed,base:recipe-version:frutta-e-mandorle:c54c36003b8b56a9,Frutta e mandorle,True,riduzione_latticini | varieta_distribuzione
18,Settembre,D3,pasta_animal,base:meal:018:01,Brunch,15:00,base:recipe-version:brunch-couscous-marocchino-delicato-con-tacchino-e-fagiolini:cdc52c441541b852,base:recipe-version:v6c-brunch-completo-con-couscous-salmone-e-zucca:102298fa07c2f568,"Brunch completo con couscous, salmone e zucca",True,varieta_distribuzione
18,Settembre,D3,pasta_animal,base:meal:018:02,Spuntino,18:30,base:recipe-version:frutta-e-fiocchi-di-latte-su-gallette:bafeb21a29f7b2a0,base:recipe-version:v6-yogurt-con-frutti-di-bosco-e-nocciole:b86f2b6106ba2075,Yogurt con frutti di bosco e nocciole,True,riduzione_latticini | varieta_distribuzione
18,Settembre,D3,pasta_animal,base:meal:018:03,Cena,21:00,base:recipe-version:riso-teriyaki-delicato-con-tacchino-e-melanzane:c8d495a18082b006,base:recipe-version:v6-pasta-al-ragu-leggero-di-manzo:8ccd58ff43dcb868,Pasta al ragù leggero di manzo,True,riduzione_uova_albume | backbone_pasta
19,Settembre,D4,plant_pasta,base:meal:019:01,Colazione,08:00,base:recipe-version:pancake-di-farina-00-e-ricotta:e5be5645f16fd43b,base:recipe-version:pancake-di-farina-00-e-ricotta:e5be5645f16fd43b,Pancake di farina 00 e ricotta,False,conservato
19,Settembre,D4,plant_pasta,base:meal:019:02,Spuntino,11:00,base:recipe-version:frutta-e-grana:e22cb752c07b71e7,base:recipe-version:mini-panino-bianco-con-bresaola:b48622af1e275f0f,Mini panino bianco con bresaola,True,riduzione_latticini | varieta_distribuzione
19,Settembre,D4,plant_pasta,base:meal:019:03,Pranzo,13:30,base:recipe-version:tacchino-con-pane-bianco-e-zucca:3031ea51c14aa153,base:recipe-version:tacchino-con-pane-bianco-e-zucca:3031ea51c14aa153,Tacchino con pane bianco e zucca,False,conservato
19,Settembre,D4,plant_pasta,base:meal:019:04,Spuntino,17:30,base:recipe-version:mini-panino-bianco-con-bresaola:b48622af1e275f0f,base:recipe-version:mini-panino-con-tacchino-a-fette:898c8264b59b67d8,Mini panino con tacchino a fette,True,varieta_distribuzione
19,Settembre,D4,plant_pasta,base:meal:019:05,Cena,20:30,base:recipe-version:kofte-di-tacchino-delicati-con-riso-e-pomodori:c9b5203823160ba9,base:recipe-version:v6-pasta-e-lenticchie-con-passata-e-spinaci:9a451f889d032790,Pasta e lenticchie con passata e spinaci,True,backbone_vegetale_pasta
20,Settembre,D5,rice_animal,base:meal:020:01,Colazione,08:00,base:recipe-version:yogurt-bianco-corn-flakes-e-frutta:bfd6dccd07b87561,base:recipe-version:yogurt-bianco-corn-flakes-e-frutta:8bd9d43e7adbdeed,"Yogurt bianco, corn flakes e frutta",True,varieta_distribuzione
20,Settembre,D5,rice_animal,base:meal:020:02,Spuntino,11:00,base:recipe-version:frutta-in-porzione-piccola:a1939163477f9174,base:recipe-version:v6-crackers-integrali-con-hummus-e-carote:f06cae1e98dec421,Crackers integrali con hummus e carote,True,varieta_distribuzione
20,Settembre,D5,rice_animal,base:meal:020:03,Pranzo,13:30,base:recipe-version:pranzo-leggero-con-merluzzo-riso-e-lattuga:f2fccd0b2d68ec98,base:recipe-version:sogliola-con-riso-e-lattuga:dad2da960a909df7,Sogliola con riso e lattuga,True,riduzione_uova_albume | backbone_riso
20,Settembre,D5,rice_animal,base:meal:020:04,Spuntino,17:30,base:recipe-version:latte-piccolo:af0c44c699cd8ae3,base:recipe-version:kefir-piccolo:0120716d4b11c95a,Kefir piccolo,True,varieta_distribuzione
20,Settembre,D5,rice_animal,base:meal:020:05,Cena,20:30,base:recipe-version:pasto-flessibile-tagliatelle-al-ragu-e-piccolo-dessert:8d3aaca1bb17d7a9,base:recipe-version:v6c-brunch-completo-con-patate-pollo-e-spinaci:5e33b6e57d8f6e2f,"Brunch completo con patate, pollo e spinaci",True,varieta_distribuzione
21,Settembre,D1,other,base:meal:021:01,Colazione,06:30,base:recipe-version:omelette-alla-feta-con-pane-bianco:3fd115ce6030c5aa,base:recipe-version:omelette-alla-feta-con-pane-bianco:3fd115ce6030c5aa,Omelette alla feta con pane bianco,False,conservato
21,Settembre,D1,other,base:meal:021:02,Spuntino,10:30,base:recipe-version:banana-e-latte:a4b16218d9a8fc6e,base:recipe-version:banana-e-latte:a4b16218d9a8fc6e,Banana e latte,False,conservato
21,Settembre,D1,other,base:meal:021:03,Pranzo,13:30,base:recipe-version:frittata-morbida-con-patate-e-zucchine:69d14f786986115a,base:recipe-version:salmone-con-polenta-e-funghi:98ea033f289fe02c,Salmone con polenta e funghi,True,riduzione_uova_albume | varieta_distribuzione
21,Settembre,D1,other,base:meal:021:04,Spuntino,17:30,base:recipe-version:crackers-e-primosale:89b1db2790bd5aea,base:recipe-version:frutta-e-nocciole:ca5c53aaebcf9575,Frutta e nocciole,True,riduzione_latticini | varieta_distribuzione
21,Settembre,D1,other,base:meal:021:05,Cena,21:00,base:recipe-version:risotto-delicato-con-funghi-e-zucca:c83ed23823f534c3,base:recipe-version:filetto-di-maiale-con-patate-e-spinaci:0eea0c723bd3399c,Filetto di maiale con patate e spinaci,True,riduzione_uova_albume | riduzione_latticini | varieta_distribuzione
22,Settembre,D2,plant_pasta,base:meal:022:01,Colazione,09:00,base:recipe-version:pancake-di-farina-00-e-ricotta:fa298161ddd6d4f2,base:recipe-version:colazione-leggera-con-latte-e-fette-classiche:8fd04a5b7ddd497f,Colazione leggera con latte e fette classiche,True,riduzione_uova_albume | riduzione_latticini | varieta_distribuzione
22,Settembre,D2,plant_pasta,base:meal:022:02,Pranzo,13:00,base:recipe-version:frittata-morbida-con-patate-e-bietole:4ceadffcb97291ae,base:recipe-version:v6-pasta-integrale-con-lupini-e-zucca:b3901392e023e90a,Pasta integrale con lupini e zucca,True,riduzione_uova_albume | backbone_vegetale_pasta
22,Settembre,D2,plant_pasta,base:meal:022:03,Pasto preturno,18:30,base:recipe-version:piadina-con-tacchino-a-fette-mozzarella-e-pomodori:263bce48b9c42ae7,base:recipe-version:branzino-con-polenta-e-zucchine:05d43f46b0cd324d,Branzino con polenta e zucchine,True,riduzione_latticini | varieta_distribuzione
22,Settembre,D2,plant_pasta,base:meal:022:04,Spuntino notturno,23:30,base:recipe-version:crackers-classici-con-hummus-delicato:133b905f93d6d0c1,base:recipe-version:crackers-classici-con-hummus-delicato:27b122baaf5f3d79,Crackers classici con hummus delicato,True,varieta_distribuzione
22,Settembre,D2,plant_pasta,base:meal:022:05,Spuntino notturno,03:30,base:recipe-version:crackers-e-ricotta:b5e12fff16ac4003,base:recipe-version:kefir-e-fette-classiche:4c24043bb18dbd80,Kefir e fette classiche,True,riduzione_latticini | varieta_distribuzione
22,Settembre,D2,plant_pasta,base:meal:022:06,Mini-pasto pre-sonno,08:20,base:recipe-version:mini-panino-con-tacchino-a-fette:898c8264b59b67d8,base:recipe-version:v6-pane-integrale-con-hummus-e-spinaci:1ba508863e4ce1bf,Pane integrale con hummus e spinaci,True,varieta_distribuzione
23,Settembre,D3,rice_animal,base:meal:023:01,Brunch,15:00,base:recipe-version:brunch-tortilla-spagnola-leggera-con-zucchine:077a564b9ed6cef4,base:recipe-version:v6c-brunch-completo-con-couscous-pollo-e-carote:b068d2d1e6885f55,"Brunch completo con couscous, pollo e carote",True,riduzione_uova_albume | varieta_distribuzione
23,Settembre,D3,rice_animal,base:meal:023:02,Spuntino,18:30,base:recipe-version:feta-cetriolo-e-crackers:6874564aabe8b391,base:recipe-version:v6-fette-integrali-con-burro-di-arachidi-e-confettura:72fcd8752957f6a3,Fette integrali con burro di arachidi e confettura,True,riduzione_latticini | varieta_distribuzione
23,Settembre,D3,rice_animal,base:meal:023:03,Cena,21:00,base:recipe-version:risotto-delicato-con-gamberi-e-zucca:4ca778d49fafd80b,base:recipe-version:kofte-di-tacchino-delicati-con-riso-e-carote:f7b3875932ca827f,Kofte di tacchino delicati con riso e carote,True,riduzione_latticini | backbone_riso
24,Settembre,D4,plant_rice,base:meal:024:01,Colazione,08:00,base:recipe-version:budino-di-riso-casalingo-e-frutta:6cc1d24620d4f701,base:recipe-version:kefir-con-fette-classiche-e-confettura:565d49687dc3de64,Kefir con fette classiche e confettura,True,varieta_distribuzione
24,Settembre,D4,plant_rice,base:meal:024:02,Spuntino,11:00,base:recipe-version:frutta-e-nocciole:400146dc9e9c56e4,base:recipe-version:frutta-in-porzione-piccola:08e3edbd66951d58,Frutta in porzione piccola,True,varieta_distribuzione
24,Settembre,D4,plant_rice,base:meal:024:03,Pranzo,13:30,base:recipe-version:sgombro-con-pane-bianco-e-pomodori:8a722b95679d9c63,base:recipe-version:sgombro-con-pane-bianco-e-pomodori:8a722b95679d9c63,Sgombro con pane bianco e pomodori,False,conservato
24,Settembre,D4,plant_rice,base:meal:024:04,Spuntino,17:30,base:recipe-version:frutta-e-grana:e22cb752c07b71e7,base:recipe-version:frutta-e-grana:e22cb752c07b71e7,Frutta e Grana,False,conservato
24,Settembre,D4,plant_rice,base:meal:024:05,Cena,20:30,base:recipe-version:wrap-morbido-con-pollo-primosale-e-bietole:6bf1f86e7d657087,base:recipe-version:v6-riso-jasmine-con-ceci-e-zucca:7c93685bbfc7f317,Riso jasmine con ceci e zucca,True,riduzione_latticini | backbone_vegetale_riso
25,Settembre,D5,pasta_animal,base:meal:025:01,Colazione,08:00,base:recipe-version:pane-integrale-primosale-e-frutta:83e53f1342fd5361,base:recipe-version:v6-yogurt-con-avena-e-pera:deac64791fb6ff2d,Yogurt con avena e pera,True,riduzione_latticini | varieta_distribuzione
25,Settembre,D5,pasta_animal,base:meal:025:02,Spuntino,11:00,base:recipe-version:fiocchi-di-latte-e-frutta:a04db2a4f28dd5ca,base:recipe-version:piccola-porzione-di-lupini-e-frutta:27a1df3729d2c523,Piccola porzione di lupini e frutta,True,riduzione_latticini | varieta_distribuzione
25,Settembre,D5,pasta_animal,base:meal:025:03,Pranzo,13:30,base:recipe-version:riso-teriyaki-delicato-con-tacchino-e-melanzane:6da7b42882068260,base:recipe-version:v6-pasta-con-branzino-e-zucchine:4d2f780150b38086,Pasta con branzino e zucchine,True,backbone_pasta
25,Settembre,D5,pasta_animal,base:meal:025:04,Spuntino,17:30,base:recipe-version:frutta-e-primosale:d88a0ba0bb75f471,base:recipe-version:v6-kefir-con-banana-e-pistacchi:6663fc9362c6db18,Kefir con banana e pistacchi,True,riduzione_latticini | varieta_distribuzione
25,Settembre,D5,pasta_animal,base:meal:025:05,Cena,20:30,base:recipe-version:frittata-morbida-con-patate-e-pomodori:e68093844fef9ded,base:recipe-version:v6-couscous-con-pollo-e-carote:d861a05c3d30d7fb,Couscous con pollo e carote,True,riduzione_uova_albume | varieta_distribuzione
26,Settembre,D1,plant_pasta,base:meal:026:01,Colazione,06:30,base:recipe-version:toast-francese-con-primosale-e-pomodoro:20d854fd1667f738,base:recipe-version:toast-francese-con-primosale-e-pomodoro:20d854fd1667f738,Toast francese con primosale e pomodoro,False,conservato
26,Settembre,D1,plant_pasta,base:meal:026:02,Spuntino,10:30,base:recipe-version:frutta-e-primosale:d88a0ba0bb75f471,base:recipe-version:latte-e-gallette-di-riso:0305150caf7bf7be,Latte e gallette di riso,True,riduzione_latticini | varieta_distribuzione
26,Settembre,D1,plant_pasta,base:meal:026:03,Pranzo,13:30,base:recipe-version:piatto-caldo-con-robiola-polenta-e-bietole:947164d211cd239d,base:recipe-version:v6-pane-integrale-con-pollo-e-zucca-arrosto:d29d09614bd2ff7b,Pane integrale con pollo e zucca arrosto,True,riduzione_uova_albume | riduzione_latticini | varieta_distribuzione
26,Settembre,D1,plant_pasta,base:meal:026:04,Spuntino,17:30,base:recipe-version:banana-e-latte:a4b16218d9a8fc6e,base:recipe-version:v6-mini-panino-con-tacchino-e-spinaci:f554c16213f54aa1,Mini panino con tacchino e spinaci,True,varieta_distribuzione
26,Settembre,D1,plant_pasta,base:meal:026:05,Cena,21:00,base:recipe-version:tortilla-spagnola-leggera-con-zucchine:939e97fd8a9e0f0d,base:recipe-version:v6-pasta-e-borlotti-con-funghi:939d2c259695ddf0,Pasta e borlotti con funghi,True,riduzione_uova_albume | backbone_vegetale_pasta
27,Settembre,D2,rice_animal,base:meal:027:01,Colazione,09:00,base:recipe-version:budino-di-riso-casalingo-e-frutta:6cc1d24620d4f701,base:recipe-version:semolino-al-latte-con-frutta:684b6cb4fac1d9a6,Semolino al latte con frutta,True,varieta_distribuzione
27,Settembre,D2,rice_animal,base:meal:027:02,Pranzo,13:00,base:recipe-version:couscous-marocchino-delicato-con-tacchino-e-fagiolini:b9e6f822041b2859,base:recipe-version:trota-con-riso-e-zucchine:36972b50f1b64e38,Trota con riso e zucchine,True,backbone_riso
27,Settembre,D2,rice_animal,base:meal:027:03,Pasto preturno,18:30,base:recipe-version:frittata-morbida-con-patate-e-zucca:6e420f214ced5359,base:recipe-version:v6-grano-saraceno-con-manzo-e-funghi:d004b061ebe7cd7e,Grano saraceno con manzo e funghi,True,riduzione_uova_albume | varieta_distribuzione
27,Settembre,D2,rice_animal,base:meal:027:04,Spuntino notturno,23:30,base:recipe-version:mini-mozzarella-e-frutta:d4970970de0e2aab,base:recipe-version:v6-yogurt-con-frutti-di-bosco-e-nocciole:b86f2b6106ba2075,Yogurt con frutti di bosco e nocciole,True,riduzione_latticini | varieta_distribuzione
27,Settembre,D2,rice_animal,base:meal:027:05,Spuntino notturno,03:30,base:recipe-version:latte-e-gallette-di-riso:0305150caf7bf7be,base:recipe-version:mini-panino-bianco-con-bresaola:7479944e46394c7c,Mini panino bianco con bresaola,True,varieta_distribuzione
27,Settembre,D2,rice_animal,base:meal:027:06,Mini-pasto pre-sonno,08:20,base:recipe-version:frutta-e-mandorle:cf32a2fabea95479,base:recipe-version:frutta-e-mandorle:c54c36003b8b56a9,Frutta e mandorle,True,varieta_distribuzione
28,Settembre,D3,other,base:meal:028:01,Brunch,15:00,base:recipe-version:brunch-poke-tiepido-con-salmone-e-lattuga:c16219f1237dbc17,base:recipe-version:v6c-brunch-completo-con-farro-tonno-e-spinaci:798c70f6ab73f8e4,"Brunch completo con farro, tonno e spinaci",True,riduzione_uova_albume | varieta_distribuzione
28,Settembre,D3,other,base:meal:028:02,Spuntino,18:30,base:recipe-version:crackers-e-ricotta:b5e12fff16ac4003,base:recipe-version:crackers-e-ricotta:b5e12fff16ac4003,Crackers e ricotta,False,conservato
28,Settembre,D3,other,base:meal:028:03,Cena,21:00,base:recipe-version:salmone-nordico-con-patate-e-zucca:c8a1c4ca9ba7579f,base:recipe-version:v6c-brunch-completo-con-orzo-tacchino-e-zucca:7898281ada572089,"Brunch completo con orzo, tacchino e zucca",True,riduzione_uova_albume | varieta_distribuzione
29,Settembre,D4,plant_pasta,base:meal:029:01,Colazione,08:00,base:recipe-version:latte-corn-flakes-e-frutta:cf62f1c1f1381a34,base:recipe-version:latte-corn-flakes-e-frutta:cf62f1c1f1381a34,"Latte, corn flakes e frutta",False,conservato
29,Settembre,D4,plant_pasta,base:meal:029:02,Spuntino,11:00,base:recipe-version:uovo-sodo-e-crackers:b92d407cf54f5e44,base:recipe-version:latte-e-frutta:5810692902d5524f,Latte e frutta,True,riduzione_uova_albume | varieta_distribuzione
29,Settembre,D4,plant_pasta,base:meal:029:03,Pranzo,13:30,base:recipe-version:risotto-delicato-con-primosale-e-pomodori:e1ee16fe31a6d889,base:recipe-version:manzo-magro-con-pane-bianco-e-carote:584e027f54d81f53,Manzo magro con pane bianco e carote,True,riduzione_uova_albume | riduzione_latticini | varieta_distribuzione
29,Settembre,D4,plant_pasta,base:meal:029:04,Spuntino,17:30,base:recipe-version:frutta-e-nocciole:400146dc9e9c56e4,base:recipe-version:frutta-e-nocciole:400146dc9e9c56e4,Frutta e nocciole,False,conservato
29,Settembre,D4,plant_pasta,base:meal:029:05,Cena,20:30,base:recipe-version:bowl-libanese-delicata-con-pollo-e-carote:1bebfe8f0f652905,base:recipe-version:v6-pasta-e-lenticchie-con-passata-e-spinaci:9a451f889d032790,Pasta e lenticchie con passata e spinaci,True,backbone_vegetale_pasta
30,Settembre,D5,rice_animal,base:meal:030:01,Colazione,08:00,base:recipe-version:toast-leggero-con-ricotta-e-frutta:db1c7df75d9e5742,base:recipe-version:yogurt-bianco-corn-flakes-e-frutta:8bd9d43e7adbdeed,"Yogurt bianco, corn flakes e frutta",True,riduzione_latticini | varieta_distribuzione
30,Settembre,D5,rice_animal,base:meal:030:02,Spuntino,11:00,base:recipe-version:frutta-in-porzione-piccola:6bdebfa528d96dc7,base:recipe-version:kefir-piccolo:0120716d4b11c95a,Kefir piccolo,True,varieta_distribuzione
30,Settembre,D5,rice_animal,base:meal:030:03,Pranzo,13:30,base:recipe-version:pranzo-leggero-con-pollo-patate-e-fagiolini:51b326d65f384f25,base:recipe-version:poke-tiepido-con-salmone-e-carote:38ccf71c2323630b,Poke tiepido con salmone e carote,True,riduzione_uova_albume | backbone_riso
30,Settembre,D5,rice_animal,base:meal:030:04,Spuntino,17:30,base:recipe-version:latte-piccolo:af0c44c699cd8ae3,base:recipe-version:crackers-classici-con-hummus-delicato:9973a6bb5cb9312b,Crackers classici con hummus delicato,True,varieta_distribuzione
30,Settembre,D5,rice_animal,base:meal:030:05,Cena,20:30,base:recipe-version:pasto-flessibile-lasagna-al-ragu-e-verdure-cotte:16dbe32007b44acf,base:recipe-version:v6c-brunch-completo-con-couscous-tacchino-e-spinaci:a20df9da2d65c783,"Brunch completo con couscous, tacchino e spinaci",True,varieta_distribuzione
31,Ottobre,D1,plant_rice,base:meal:031:01,Colazione,06:30,base:recipe-version:yogurt-bianco-corn-flakes-e-banana:6ba3d2479e91774a,base:recipe-version:yogurt-bianco-corn-flakes-e-banana:6ba3d2479e91774a,"Yogurt bianco, corn flakes e banana",False,conservato
31,Ottobre,D1,plant_rice,base:meal:031:02,Spuntino,10:30,base:recipe-version:piadina-mini-con-ricotta:09c4f393f702c181,base:recipe-version:v6-mini-panino-con-bresaola-e-carote:f4a50d7eba0d1cff,Mini panino con bresaola e carote,True,riduzione_latticini | varieta_distribuzione
31,Ottobre,D1,plant_rice,base:meal:031:03,Pranzo,13:30,base:recipe-version:pasta-con-crema-di-lenticchie-e-zucchine:3bdab321be6f61ff,base:recipe-version:v6-riso-basmati-con-lenticchie-e-broccoli:96846871ea25b833,Riso basmati con lenticchie e broccoli,True,riduzione_uova_albume | riduzione_latticini | backbone_vegetale_riso
31,Ottobre,D1,plant_rice,base:meal:031:04,Spuntino,17:30,base:recipe-version:kefir-e-fette-classiche:4c24043bb18dbd80,base:recipe-version:kefir-e-fette-classiche:4c24043bb18dbd80,Kefir e fette classiche,False,conservato
31,Ottobre,D1,plant_rice,base:meal:031:05,Cena,21:00,base:recipe-version:frittata-morbida-con-patate-e-funghi:e7d5ae72f7e67cc1,base:recipe-version:v6-polenta-con-merluzzo-e-cavolo-nero:3155bb1fe698b930,Polenta con merluzzo e cavolo nero,True,riduzione_uova_albume | varieta_distribuzione
32,Ottobre,D2,pasta_animal,base:meal:032:01,Colazione,09:00,base:recipe-version:pane-bianco-con-mozzarella-e-pomodoro:7cdba8b4c0ab3edc,base:recipe-version:v6-gallette-di-riso-con-burro-di-arachidi-e-banana:0662b0d58a819f7a,Gallette di riso con burro di arachidi e banana,True,riduzione_latticini | varieta_distribuzione
32,Ottobre,D2,pasta_animal,base:meal:032:02,Pranzo,13:00,base:recipe-version:manzo-magro-con-pane-bianco-e-carote:e17472dbd25f8c15,base:recipe-version:v6-pasta-con-gamberi-e-zucchine:dd40348d582dc3cf,Pasta con gamberi e zucchine,True,backbone_pasta
32,Ottobre,D2,pasta_animal,base:meal:032:03,Pasto preturno,18:30,base:recipe-version:piadina-con-tacchino-a-fette-primosale-e-carote:7d154b18cc99f2c9,base:recipe-version:piadina-con-tacchino-a-fette-primosale-e-carote:7d154b18cc99f2c9,"Piadina con tacchino a fette, primosale e carote",False,conservato
32,Ottobre,D2,pasta_animal,base:meal:032:04,Spuntino notturno,23:30,base:recipe-version:primosale-e-gallette-di-riso:c2e743864218b117,base:recipe-version:yogurt-bianco-e-banana:047824242ce72a93,Yogurt bianco e banana,True,riduzione_latticini | varieta_distribuzione
32,Ottobre,D2,pasta_animal,base:meal:032:05,Spuntino notturno,03:30,base:recipe-version:mini-mozzarella-e-frutta:d4970970de0e2aab,base:recipe-version:kefir-e-frutta:9d9d38ab49b00b02,Kefir e frutta,True,riduzione_latticini | varieta_distribuzione
32,Ottobre,D2,pasta_animal,base:meal:032:06,Mini-pasto pre-sonno,08:20,base:recipe-version:latte-e-gallette-di-riso:0305150caf7bf7be,base:recipe-version:v6-fette-integrali-con-burro-di-arachidi-e-confettura:72fcd8752957f6a3,Fette integrali con burro di arachidi e confettura,True,varieta_distribuzione
33,Ottobre,D3,plant_pasta,base:meal:033:01,Brunch,15:00,base:recipe-version:brunch-bowl-greca-delicata-con-pollo-feta-e-zucca:07916c78b183b2f3,base:recipe-version:v6c-brunch-completo-con-polenta-manzo-e-broccoli:de9b2e35908b5a3c,"Brunch completo con polenta, manzo e broccoli",True,riduzione_uova_albume | riduzione_latticini | varieta_distribuzione
33,Ottobre,D3,plant_pasta,base:meal:033:02,Spuntino,18:30,base:recipe-version:frutta-e-mandorle:cf32a2fabea95479,base:recipe-version:v6-pane-integrale-con-hummus-e-spinaci:1ba508863e4ce1bf,Pane integrale con hummus e spinaci,True,varieta_distribuzione
33,Ottobre,D3,plant_pasta,base:meal:033:03,Cena,21:00,base:recipe-version:tortino-al-forno-di-uova-patate-e-funghi:33d196db1c8daef0,base:recipe-version:v6-pasta-e-ceci-con-broccoli:83b8f13d2844e188,Pasta e ceci con broccoli,True,riduzione_uova_albume | backbone_vegetale_pasta
34,Ottobre,D4,rice_animal,base:meal:034:01,Colazione,08:00,base:recipe-version:french-toast-delicato-con-frutta:7a41c615f143ffb0,base:recipe-version:french-toast-delicato-con-frutta:7a41c615f143ffb0,French toast delicato con frutta,False,conservato
34,Ottobre,D4,rice_animal,base:meal:034:02,Spuntino,11:00,base:recipe-version:frutta-e-fiocchi-di-latte-su-gallette:bafeb21a29f7b2a0,base:recipe-version:frutta-e-fiocchi-di-latte-su-gallette:bafeb21a29f7b2a0,Frutta e fiocchi di latte su gallette,False,conservato
34,Ottobre,D4,rice_animal,base:meal:034:03,Pranzo,13:30,base:recipe-version:pasta-con-ricotta-e-funghi:03433e2f5f78a377,base:recipe-version:curry-bianco-molto-delicato-di-pollo-e-zucca:20bf020503f4e943,Curry bianco molto delicato di pollo e zucca,True,riduzione_uova_albume | riduzione_latticini | backbone_riso
34,Ottobre,D4,rice_animal,base:meal:034:04,Spuntino,17:30,base:recipe-version:pane-bianco-e-uovo-sodo:cc72ed269e031a57,base:recipe-version:pane-bianco-e-uovo-sodo:cc72ed269e031a57,Pane bianco e uovo sodo,False,conservato
34,Ottobre,D4,rice_animal,base:meal:034:05,Cena,20:30,base:recipe-version:poke-tiepido-con-salmone-e-bietole:c50d8dc2771754a4,base:recipe-version:v6-patate-con-salmone-e-finocchi:5750ae4635bb4b0d,Patate con salmone e finocchi,True,stagionalita | varieta_distribuzione
35,Ottobre,D5,other,base:meal:035:01,Colazione,08:00,base:recipe-version:mini-piadina-con-tacchino-e-robiola:a9b830a3c5b09b17,base:recipe-version:kefir-con-fette-classiche-e-confettura:565d49687dc3de64,Kefir con fette classiche e confettura,True,riduzione_latticini | varieta_distribuzione
35,Ottobre,D5,other,base:meal:035:02,Spuntino,11:00,base:recipe-version:frutta-e-grana:e22cb752c07b71e7,base:recipe-version:latte-e-gallette-di-riso:0305150caf7bf7be,Latte e gallette di riso,True,riduzione_latticini | varieta_distribuzione
35,Ottobre,D5,other,base:meal:035:03,Pranzo,13:30,base:recipe-version:wrap-morbido-con-pollo-primosale-e-spinaci:eb2a07f2671578f3,base:recipe-version:salmone-nordico-con-patate-e-cavolfiore:a5af330bd4835b4d,Salmone nordico con patate e cavolfiore,True,riduzione_latticini | varieta_distribuzione
35,Ottobre,D5,other,base:meal:035:04,Spuntino,17:30,base:recipe-version:mini-panino-bianco-con-bresaola:b48622af1e275f0f,base:recipe-version:mini-panino-bianco-con-bresaola:7479944e46394c7c,Mini panino bianco con bresaola,True,varieta_distribuzione
35,Ottobre,D5,other,base:meal:035:05,Cena,20:30,base:recipe-version:coniglio-con-riso-basmati-e-finocchi:de5a0b4b500d43f8,base:recipe-version:filetto-di-maiale-con-patate-e-spinaci:0eea0c723bd3399c,Filetto di maiale con patate e spinaci,True,varieta_distribuzione
36,Ottobre,D1,plant_pasta,base:meal:036:01,Colazione,06:30,base:recipe-version:uova-strapazzate-pane-bianco-e-frutta:df0406801e311ac0,base:recipe-version:uova-strapazzate-pane-bianco-e-frutta:df0406801e311ac0,"Uova strapazzate, pane bianco e frutta",False,conservato
36,Ottobre,D1,plant_pasta,base:meal:036:02,Spuntino,10:30,base:recipe-version:mini-panino-bianco-con-bresaola:b48622af1e275f0f,base:recipe-version:frutta-in-porzione-piccola:08e3edbd66951d58,Frutta in porzione piccola,True,varieta_distribuzione
36,Ottobre,D1,plant_pasta,base:meal:036:03,Pranzo,13:30,base:recipe-version:trota-con-riso-e-zucchine:36972b50f1b64e38,base:recipe-version:v6-pasta-e-ceci-con-finocchi:cfa75b0312798ee1,Pasta e ceci con finocchi,True,backbone_vegetale_pasta
36,Ottobre,D1,plant_pasta,base:meal:036:04,Spuntino,17:30,base:recipe-version:crackers-classici-con-hummus-delicato:fd196d9e4a5800f4,base:recipe-version:v6-crackers-integrali-con-hummus-e-carote:f06cae1e98dec421,Crackers integrali con hummus e carote,True,varieta_distribuzione
36,Ottobre,D1,plant_pasta,base:meal:036:05,Cena,21:00,base:recipe-version:bowl-greca-delicata-con-pollo-feta-e-zucca:a0603a878bb7abc5,base:recipe-version:v6-orzo-con-tacchino-e-zucca:03634e841f0aec0c,Orzo con tacchino e zucca,True,riduzione_latticini | varieta_distribuzione
37,Ottobre,D2,rice_animal,base:meal:037:01,Colazione,09:00,base:recipe-version:french-toast-delicato-con-frutta:7a41c615f143ffb0,base:recipe-version:latte-corn-flakes-e-frutta:cf62f1c1f1381a34,"Latte, corn flakes e frutta",True,riduzione_uova_albume | varieta_distribuzione
37,Ottobre,D2,rice_animal,base:meal:037:02,Pranzo,13:00,base:recipe-version:sgombro-con-pane-bianco-e-radicchio:62b9443c428c46f1,base:recipe-version:sogliola-con-riso-e-lattuga:dad2da960a909df7,Sogliola con riso e lattuga,True,backbone_riso
37,Ottobre,D2,rice_animal,base:meal:037:03,Pasto preturno,18:30,base:recipe-version:manzo-magro-con-pane-bianco-e-zucchine:a7b476a5b5a0d662,base:recipe-version:manzo-magro-con-pane-bianco-e-zucchine:a7b476a5b5a0d662,Manzo magro con pane bianco e zucchine,False,conservato
37,Ottobre,D2,rice_animal,base:meal:037:04,Spuntino notturno,23:30,base:recipe-version:crackers-e-primosale:89b1db2790bd5aea,base:recipe-version:crackers-e-primosale:89b1db2790bd5aea,Crackers e primosale,False,conservato
37,Ottobre,D2,rice_animal,base:meal:037:05,Spuntino notturno,03:30,base:recipe-version:ricotta-e-frutta:55113038eb8f33ff,base:recipe-version:frutta-e-nocciole:fe52606cbcf0b0a9,Frutta e nocciole,True,riduzione_latticini | varieta_distribuzione
37,Ottobre,D2,rice_animal,base:meal:037:06,Mini-pasto pre-sonno,08:20,base:recipe-version:primosale-e-gallette-di-riso:c2e743864218b117,base:recipe-version:v6-yogurt-con-frutti-di-bosco-e-nocciole:b86f2b6106ba2075,Yogurt con frutti di bosco e nocciole,True,riduzione_latticini | varieta_distribuzione
38,Ottobre,D3,plant_rice,base:meal:038:01,Brunch,15:00,base:recipe-version:brunch-kofte-di-tacchino-delicati-con-riso-e-radicchio:1d80294769500be2,base:recipe-version:v6-riso-basmati-con-ceci-e-carote:7277f67999f4413a,Riso basmati con ceci e carote,True,backbone_vegetale_riso
38,Ottobre,D3,plant_rice,base:meal:038:02,Spuntino,18:30,base:recipe-version:mini-mozzarella-e-frutta:d4970970de0e2aab,base:recipe-version:v6-kefir-con-banana-e-pistacchi:6663fc9362c6db18,Kefir con banana e pistacchi,True,riduzione_latticini | varieta_distribuzione
38,Ottobre,D3,plant_rice,base:meal:038:03,Cena,21:00,base:recipe-version:polpette-svedesi-leggere-con-zucca:53e18a5007aa66f1,base:recipe-version:v6c-brunch-completo-con-pane-integrale-salmone-e-radicchio:00d65b0e082ec016,"Brunch completo con pane integrale, salmone e radicchio",True,riduzione_uova_albume | varieta_distribuzione
39,Ottobre,D4,pasta_animal,base:meal:039:01,Colazione,08:00,base:recipe-version:kefir-con-fette-classiche-e-confettura:565d49687dc3de64,base:recipe-version:budino-di-riso-casalingo-e-frutta:98e1bee3bc26258f,Budino di riso casalingo e frutta,True,varieta_distribuzione
39,Ottobre,D4,pasta_animal,base:meal:039:02,Spuntino,11:00,base:recipe-version:feta-cetriolo-e-crackers:6874564aabe8b391,base:recipe-version:piccola-porzione-di-lupini-e-frutta:27a1df3729d2c523,Piccola porzione di lupini e frutta,True,riduzione_latticini | stagionalita | varieta_distribuzione
39,Ottobre,D4,pasta_animal,base:meal:039:03,Pranzo,13:30,base:recipe-version:frittata-morbida-con-patate-e-zucchine:ac7478707f1f2ce8,base:recipe-version:v6-pasta-con-sgombro-e-cavolo-cappuccio:eff554c976679eb2,Pasta con sgombro e cavolo cappuccio,True,riduzione_uova_albume | backbone_pasta
39,Ottobre,D4,pasta_animal,base:meal:039:04,Spuntino,17:30,base:recipe-version:frutta-e-fiocchi-di-latte-su-gallette:bafeb21a29f7b2a0,base:recipe-version:crackers-classici-con-hummus-delicato:7d93544d29ef114f,Crackers classici con hummus delicato,True,riduzione_latticini | varieta_distribuzione
39,Ottobre,D4,pasta_animal,base:meal:039:05,Cena,20:30,base:recipe-version:riso-teriyaki-delicato-con-tacchino-e-funghi:082024a2420476a2,base:recipe-version:couscous-marocchino-delicato-con-tacchino-e-finocchi:6d8188dddd57a997,Couscous marocchino delicato con tacchino e finocchi,True,varieta_distribuzione
40,Ottobre,D5,plant_pasta,base:meal:040:01,Colazione,08:00,base:recipe-version:toast-leggero-con-ricotta-e-frutta:2d8345951932d1ac,base:recipe-version:v6-yogurt-banana-e-mandorle:3c809d3ef5f7a883,"Yogurt, banana e mandorle",True,riduzione_latticini | varieta_distribuzione
40,Ottobre,D5,plant_pasta,base:meal:040:02,Spuntino,11:00,base:recipe-version:gallette-di-riso-e-ricotta:9f304408a83b200d,base:recipe-version:gallette-di-riso-e-ricotta:9f304408a83b200d,Gallette di riso e ricotta,False,conservato
40,Ottobre,D5,plant_pasta,base:meal:040:03,Pranzo,13:30,base:recipe-version:pranzo-leggero-con-pollo-riso-e-zucchine:be3c48898181ce93,base:recipe-version:v6-pasta-integrale-con-hummus-carote-e-spinaci:a9229b7253a81780,"Pasta integrale con hummus, carote e spinaci",True,backbone_vegetale_pasta
40,Ottobre,D5,plant_pasta,base:meal:040:04,Spuntino,17:30,base:recipe-version:kefir-piccolo:0120716d4b11c95a,base:recipe-version:v6-mini-panino-con-bresaola-e-carote:f4a50d7eba0d1cff,Mini panino con bresaola e carote,True,varieta_distribuzione
40,Ottobre,D5,plant_pasta,base:meal:040:05,Cena,20:30,base:recipe-version:pasto-flessibile-risotto-ai-funghi-e-piccolo-secondo-di-pollo:14d424b24aa02cd4,base:recipe-version:v6c-brunch-completo-con-patate-manzo-e-cavolfiore:f06e5927f70f22c5,"Brunch completo con patate, manzo e cavolfiore",True,varieta_distribuzione
41,Ottobre,D1,rice_animal,base:meal:041:01,Colazione,06:30,base:recipe-version:mini-piadina-con-tacchino-e-robiola:a9b830a3c5b09b17,base:recipe-version:porridge-piccolo-con-frutta-cotta:d4000c044e0ed85c,Porridge piccolo con frutta cotta,True,riduzione_latticini | varieta_distribuzione
41,Ottobre,D1,rice_animal,base:meal:041:02,Spuntino,10:30,base:recipe-version:frutta-e-grana:e22cb752c07b71e7,base:recipe-version:mini-panino-con-tacchino-a-fette:898c8264b59b67d8,Mini panino con tacchino a fette,True,riduzione_latticini | varieta_distribuzione
41,Ottobre,D1,rice_animal,base:meal:041:03,Pranzo,13:30,base:recipe-version:risotto-delicato-con-tacchino-e-zucchine:439bf425b5eeec2c,base:recipe-version:v6-couscous-con-gamberi-e-broccoli:cacc7a666bf66029,Couscous con gamberi e broccoli,True,riduzione_latticini | varieta_distribuzione
41,Ottobre,D1,rice_animal,base:meal:041:04,Spuntino,17:30,base:recipe-version:mini-panino-bianco-con-bresaola:b48622af1e275f0f,base:recipe-version:v6-pane-integrale-con-hummus-e-spinaci:1ba508863e4ce1bf,Pane integrale con hummus e spinaci,True,varieta_distribuzione
41,Ottobre,D1,rice_animal,base:meal:041:05,Cena,21:00,base:recipe-version:pollo-con-riso-basmati-e-finocchi:13c773b5cea60d65,base:recipe-version:pollo-con-riso-basmati-e-finocchi:13c773b5cea60d65,Pollo con riso basmati e finocchi,False,conservato
42,Ottobre,D2,other,base:meal:042:01,Colazione,09:00,base:recipe-version:kefir-con-fette-classiche-e-confettura:565d49687dc3de64,base:recipe-version:v6-yogurt-con-avena-e-pera:deac64791fb6ff2d,Yogurt con avena e pera,True,varieta_distribuzione
42,Ottobre,D2,other,base:meal:042:02,Pranzo,13:00,base:recipe-version:bowl-greca-delicata-con-pollo-feta-e-zucca:6d838eced89712ef,base:recipe-version:v6-polenta-con-merluzzo-e-cavolo-nero:3155bb1fe698b930,Polenta con merluzzo e cavolo nero,True,riduzione_latticini | varieta_distribuzione
42,Ottobre,D2,other,base:meal:042:03,Pasto preturno,18:30,base:recipe-version:nasello-con-pane-bianco-e-finocchi:fb6cecf679eeabdd,base:recipe-version:pollo-con-patate-e-funghi:7cb1d5839f736ddb,Pollo con patate e funghi,True,varieta_distribuzione
42,Ottobre,D2,other,base:meal:042:04,Spuntino notturno,23:30,base:recipe-version:banana-e-latte:a4b16218d9a8fc6e,base:recipe-version:banana-e-latte:a4b16218d9a8fc6e,Banana e latte,False,conservato
42,Ottobre,D2,other,base:meal:042:05,Spuntino notturno,03:30,base:recipe-version:latte-e-frutta:5810692902d5524f,base:recipe-version:kefir-e-fette-classiche:4c24043bb18dbd80,Kefir e fette classiche,True,varieta_distribuzione
42,Ottobre,D2,other,base:meal:042:06,Mini-pasto pre-sonno,08:20,base:recipe-version:crackers-e-primosale:89b1db2790bd5aea,base:recipe-version:v6-mini-panino-con-tacchino-e-spinaci:f554c16213f54aa1,Mini panino con tacchino e spinaci,True,riduzione_latticini | varieta_distribuzione
43,Ottobre,D3,plant_pasta,base:meal:043:01,Brunch,15:00,base:recipe-version:brunch-wrap-morbido-con-pollo-primosale-e-spinaci:0dd86cb415937e03,base:recipe-version:v6c-brunch-completo-con-polenta-manzo-e-broccoli:de9b2e35908b5a3c,"Brunch completo con polenta, manzo e broccoli",True,riduzione_latticini | varieta_distribuzione
43,Ottobre,D3,plant_pasta,base:meal:043:02,Spuntino,18:30,base:recipe-version:ricotta-e-frutta:55113038eb8f33ff,base:recipe-version:v6-fette-integrali-con-burro-di-arachidi-e-confettura:72fcd8752957f6a3,Fette integrali con burro di arachidi e confettura,True,riduzione_latticini | varieta_distribuzione
43,Ottobre,D3,plant_pasta,base:meal:043:03,Cena,21:00,base:recipe-version:coniglio-con-riso-basmati-e-finocchi:1a87ad025ec873c5,base:recipe-version:v6-pasta-e-ceci-con-zucca:04b7f6a9d9589b93,Pasta e ceci con zucca,True,riduzione_uova_albume | backbone_vegetale_pasta
44,Ottobre,D4,rice_animal,base:meal:044:01,Colazione,08:00,base:recipe-version:pane-di-segale-robiola-e-pera:899d05fea260dc77,base:recipe-version:pane-di-segale-robiola-e-pera:899d05fea260dc77,"Pane di segale, robiola e pera",False,conservato
44,Ottobre,D4,rice_animal,base:meal:044:02,Spuntino,11:00,base:recipe-version:piccola-porzione-di-lupini-e-frutta:27a1df3729d2c523,base:recipe-version:kefir-e-frutta:5d2d12ec2da1027a,Kefir e frutta,True,varieta_distribuzione
44,Ottobre,D4,rice_animal,base:meal:044:03,Pranzo,13:30,base:recipe-version:piatto-caldo-con-robiola-riso-e-radicchio:7bd3a6c9415fe405,base:recipe-version:coniglio-con-patate-e-pomodori:1a88a8e3425ae336,Coniglio con patate e pomodori,True,riduzione_uova_albume | riduzione_latticini | varieta_distribuzione
44,Ottobre,D4,rice_animal,base:meal:044:04,Spuntino,17:30,base:recipe-version:feta-cetriolo-e-crackers:6874564aabe8b391,base:recipe-version:v6-gallette-di-riso-con-burro-di-arachidi-e-banana:0662b0d58a819f7a,Gallette di riso con burro di arachidi e banana,True,riduzione_latticini | stagionalita | varieta_distribuzione
44,Ottobre,D4,rice_animal,base:meal:044:05,Cena,20:30,base:recipe-version:noodles-di-riso-con-pollo-e-finocchi:1145cdd2934760b8,base:recipe-version:riso-teriyaki-delicato-con-tacchino-e-melanzane:6da7b42882068260,Riso teriyaki delicato con tacchino e melanzane,True,backbone_riso
45,Ottobre,D5,plant_rice,base:meal:045:01,Colazione,08:00,base:recipe-version:toast-bianco-con-ricotta-e-confettura:af4d9ae16aa4329a,base:recipe-version:kefir-con-fette-classiche-e-confettura:0a94b5180d6811b4,Kefir con fette classiche e confettura,True,riduzione_latticini | varieta_distribuzione
45,Ottobre,D5,plant_rice,base:meal:045:02,Spuntino,11:00,base:recipe-version:uovo-sodo-e-crackers:b92d407cf54f5e44,base:recipe-version:uovo-sodo-e-crackers:b92d407cf54f5e44,Uovo sodo e crackers,False,conservato
45,Ottobre,D5,plant_rice,base:meal:045:03,Pranzo,13:30,base:recipe-version:polpette-svedesi-leggere-con-zucca:09ff0cbe36d88784,base:recipe-version:polpette-svedesi-leggere-con-zucca:09ff0cbe36d88784,Polpette svedesi leggere con zucca,False,conservato
45,Ottobre,D5,plant_rice,base:meal:045:04,Spuntino,17:30,base:recipe-version:frutta-e-nocciole:fe52606cbcf0b0a9,base:recipe-version:frutta-e-nocciole:fe52606cbcf0b0a9,Frutta e nocciole,False,conservato
45,Ottobre,D5,plant_rice,base:meal:045:05,Cena,20:30,base:recipe-version:risotto-delicato-con-pollo-e-zucca:6c7d5e7d95593ffe,base:recipe-version:v6-riso-basmati-con-lenticchie-e-broccoli:96846871ea25b833,Riso basmati con lenticchie e broccoli,True,riduzione_latticini | backbone_vegetale_riso
46,Ottobre,D1,pasta_animal,base:meal:046:01,Colazione,06:30,base:recipe-version:fette-biscottate-con-robiola-e-miele:a333b090d4f540a0,base:recipe-version:fette-biscottate-con-robiola-e-miele:a333b090d4f540a0,Fette biscottate con robiola e miele,False,conservato
46,Ottobre,D1,pasta_animal,base:meal:046:02,Spuntino,10:30,base:recipe-version:frutta-e-nocciole:fe52606cbcf0b0a9,base:recipe-version:mini-panino-bianco-con-bresaola:7479944e46394c7c,Mini panino bianco con bresaola,True,varieta_distribuzione
46,Ottobre,D1,pasta_animal,base:meal:046:03,Pranzo,13:30,base:recipe-version:pasta-con-crema-di-piselli-e-spinaci:c367a1f59fda02b3,base:recipe-version:nasello-con-pane-bianco-e-radicchio:e5aa19fc76b39721,Nasello con pane bianco e radicchio,True,riduzione_uova_albume | riduzione_latticini | varieta_distribuzione
46,Ottobre,D1,pasta_animal,base:meal:046:04,Spuntino,17:30,base:recipe-version:frutta-e-grana:e22cb752c07b71e7,base:recipe-version:frutta-e-mandorle:c54c36003b8b56a9,Frutta e mandorle,True,riduzione_latticini | varieta_distribuzione
46,Ottobre,D1,pasta_animal,base:meal:046:05,Cena,21:00,base:recipe-version:wrap-morbido-con-pollo-primosale-e-spinaci:43afd079740a1328,base:recipe-version:v6-pasta-al-ragu-leggero-di-manzo:8ccd58ff43dcb868,Pasta al ragù leggero di manzo,True,riduzione_latticini | backbone_pasta
47,Ottobre,D2,plant_pasta,base:meal:047:01,Colazione,09:00,base:recipe-version:pane-di-segale-robiola-e-pera:899d05fea260dc77,base:recipe-version:v6-kefir-con-banana-e-pistacchi:6663fc9362c6db18,Kefir con banana e pistacchi,True,riduzione_latticini | varieta_distribuzione
47,Ottobre,D2,plant_pasta,base:meal:047:02,Pranzo,13:00,base:recipe-version:pasta-con-mozzarella-e-radicchio:07856d15efd46b35,base:recipe-version:v6-pasta-e-lenticchie-con-cavolo-nero:6cfbf87c7ea7e664,Pasta e lenticchie con cavolo nero,True,riduzione_uova_albume | riduzione_latticini | backbone_vegetale_pasta
47,Ottobre,D2,plant_pasta,base:meal:047:03,Pasto preturno,18:30,base:recipe-version:risotto-delicato-con-funghi-e-finocchi:badfcbab95b55a39,base:recipe-version:branzino-con-polenta-e-zucchine:05d43f46b0cd324d,Branzino con polenta e zucchine,True,riduzione_uova_albume | riduzione_latticini | varieta_distribuzione
47,Ottobre,D2,plant_pasta,base:meal:047:04,Spuntino notturno,23:30,base:recipe-version:frutta-e-primosale:d88a0ba0bb75f471,base:recipe-version:latte-e-gallette-di-riso:0305150caf7bf7be,Latte e gallette di riso,True,riduzione_latticini | varieta_distribuzione
47,Ottobre,D2,plant_pasta,base:meal:047:05,Spuntino notturno,03:30,base:recipe-version:kefir-e-fette-classiche:4c24043bb18dbd80,base:recipe-version:crackers-classici-con-hummus-delicato:fd196d9e4a5800f4,Crackers classici con hummus delicato,True,varieta_distribuzione
47,Ottobre,D2,plant_pasta,base:meal:047:06,Mini-pasto pre-sonno,08:20,base:recipe-version:banana-e-latte:a4b16218d9a8fc6e,base:recipe-version:v6-yogurt-con-frutti-di-bosco-e-nocciole:b86f2b6106ba2075,Yogurt con frutti di bosco e nocciole,True,varieta_distribuzione
48,Ottobre,D3,rice_animal,base:meal:048:01,Brunch,15:00,base:recipe-version:brunch-bowl-libanese-delicata-con-pollo-e-zucchine:bae3486662495964,base:recipe-version:brunch-kofte-di-tacchino-delicati-con-riso-e-radicchio:1d80294769500be2,Brunch: Kofte di tacchino delicati con riso e radicchio,True,riduzione_uova_albume | backbone_riso
48,Ottobre,D3,rice_animal,base:meal:048:02,Spuntino,18:30,base:recipe-version:latte-e-frutta:5810692902d5524f,base:recipe-version:v6-mini-panino-con-bresaola-e-carote:f4a50d7eba0d1cff,Mini panino con bresaola e carote,True,varieta_distribuzione
48,Ottobre,D3,rice_animal,base:meal:048:03,Cena,21:00,base:recipe-version:jacket-potato-con-tonno-primosale-e-spinaci:0d643e53cee5af46,base:recipe-version:jacket-potato-con-tonno-primosale-e-spinaci:0d643e53cee5af46,"Jacket potato con tonno, primosale e spinaci",False,conservato
49,Ottobre,D4,other,base:meal:049:01,Colazione,08:00,base:recipe-version:omelette-alla-feta-con-pane-bianco:bd44db62cadf4a80,base:recipe-version:latte-corn-flakes-e-frutta:489c786e4e4694d6,"Latte, corn flakes e frutta",True,riduzione_uova_albume | riduzione_latticini | varieta_distribuzione
49,Ottobre,D4,other,base:meal:049:02,Spuntino,11:00,base:recipe-version:latte-e-gallette-di-riso:0305150caf7bf7be,base:recipe-version:piccola-porzione-di-lupini-e-frutta:27a1df3729d2c523,Piccola porzione di lupini e frutta,True,varieta_distribuzione
49,Ottobre,D4,other,base:meal:049:03,Pranzo,13:30,base:recipe-version:filetto-di-maiale-con-polenta-e-zucca:173114f52e739b82,base:recipe-version:filetto-di-maiale-con-polenta-e-zucca:173114f52e739b82,Filetto di maiale con polenta e zucca,False,conservato
49,Ottobre,D4,other,base:meal:049:04,Spuntino,17:30,base:recipe-version:crackers-e-ricotta:b5e12fff16ac4003,base:recipe-version:mini-panino-con-tacchino-a-fette:898c8264b59b67d8,Mini panino con tacchino a fette,True,riduzione_latticini | varieta_distribuzione
49,Ottobre,D4,other,base:meal:049:05,Cena,20:30,base:recipe-version:salmone-nordico-con-patate-e-carote:acf402ed30a94387,base:recipe-version:couscous-marocchino-delicato-con-tacchino-e-bietole:3a2ec05d0d9af8aa,Couscous marocchino delicato con tacchino e bietole,True,varieta_distribuzione
50,Ottobre,D5,plant_pasta,base:meal:050:01,Colazione,08:00,base:recipe-version:colazione-leggera-con-latte-e-fette-classiche:877ea8791ddbb83e,base:recipe-version:v6-pane-integrale-burro-di-arachidi-e-banana:7ed21ce5cd13d99d,"Pane integrale, burro di arachidi e banana",True,varieta_distribuzione
50,Ottobre,D5,plant_pasta,base:meal:050:02,Spuntino,11:00,base:recipe-version:gallette-di-riso-e-ricotta:9f304408a83b200d,base:recipe-version:gallette-di-riso-e-ricotta:9f304408a83b200d,Gallette di riso e ricotta,False,conservato
50,Ottobre,D5,plant_pasta,base:meal:050:03,Pranzo,13:30,base:recipe-version:pranzo-leggero-con-tacchino-patate-e-radicchio:6c8d2a1c4c29e71c,base:recipe-version:v6-pasta-e-piselli-con-spinaci:1b8955b2f5d4cea1,Pasta e piselli con spinaci,True,riduzione_uova_albume | backbone_vegetale_pasta
50,Ottobre,D5,plant_pasta,base:meal:050:04,Spuntino,17:30,base:recipe-version:kefir-piccolo:0120716d4b11c95a,base:recipe-version:kefir-piccolo:0120716d4b11c95a,Kefir piccolo,False,conservato
50,Ottobre,D5,plant_pasta,base:meal:050:05,Cena,20:30,base:recipe-version:pasto-flessibile-piadina-con-cotto-mozzarella-e-verdure:d0cdaaabc3931448,base:recipe-version:v6c-brunch-completo-con-pane-integrale-salmone-e-radicchio:00d65b0e082ec016,"Brunch completo con pane integrale, salmone e radicchio",True,varieta_distribuzione
51,Ottobre,D1,rice_animal,base:meal:051:01,Colazione,06:30,base:recipe-version:toast-bianco-con-ricotta-e-confettura:af4d9ae16aa4329a,base:recipe-version:v6-pane-di-segale-burro-di-arachidi-e-pera:949d5ac5223fb3e8,"Pane di segale, burro di arachidi e pera",True,riduzione_latticini | varieta_distribuzione
51,Ottobre,D1,rice_animal,base:meal:051:02,Spuntino,10:30,base:recipe-version:uovo-sodo-e-crackers:b92d407cf54f5e44,base:recipe-version:latte-e-frutta:52f50bbedb3cc959,Latte e frutta,True,riduzione_uova_albume | varieta_distribuzione
51,Ottobre,D1,rice_animal,base:meal:051:03,Pranzo,13:30,base:recipe-version:frittata-morbida-con-patate-e-finocchi:c57965a0e0c322ff,base:recipe-version:noodles-di-riso-con-pollo-e-finocchi:1145cdd2934760b8,Noodles di riso con pollo e finocchi,True,riduzione_uova_albume | varieta_distribuzione
51,Ottobre,D1,rice_animal,base:meal:051:04,Spuntino,17:30,base:recipe-version:frutta-e-nocciole:fe52606cbcf0b0a9,base:recipe-version:v6-crackers-integrali-con-hummus-e-carote:f06cae1e98dec421,Crackers integrali con hummus e carote,True,varieta_distribuzione
51,Ottobre,D1,rice_animal,base:meal:051:05,Cena,21:00,base:recipe-version:risotto-delicato-con-pollo-e-zucca:6c7d5e7d95593ffe,base:recipe-version:pollo-con-riso-basmati-e-finocchi:13c773b5cea60d65,Pollo con riso basmati e finocchi,True,riduzione_latticini | backbone_riso
52,Ottobre,D2,plant_rice,base:meal:052:01,Colazione,09:00,base:recipe-version:omelette-alla-feta-con-pane-bianco:70c9637ce1e2a8a0,base:recipe-version:v6-yogurt-con-avena-e-mela:1bc3c9dc04beea24,Yogurt con avena e mela,True,riduzione_uova_albume | riduzione_latticini | varieta_distribuzione
52,Ottobre,D2,plant_rice,base:meal:052:02,Pranzo,13:00,base:recipe-version:frittata-morbida-con-patate-e-bietole:f7872634ef9f935d,base:recipe-version:merluzzo-con-patate-e-cavolfiore:2e0a3d9a14d82fa0,Merluzzo con patate e cavolfiore,True,riduzione_uova_albume | varieta_distribuzione
52,Ottobre,D2,plant_rice,base:meal:052:03,Pasto preturno,18:30,base:recipe-version:piadina-con-bresaola-mozzarella-e-carote:110896ce57a353b4,base:recipe-version:v6-riso-integrale-con-fave-e-cavolo-cappuccio:9be40ab85728a515,Riso integrale con fave e cavolo cappuccio,True,riduzione_latticini | backbone_vegetale_riso
52,Ottobre,D2,plant_rice,base:meal:052:04,Spuntino notturno,23:30,base:recipe-version:crackers-classici-con-hummus-delicato:27b122baaf5f3d79,base:recipe-version:kefir-e-fette-classiche:4c24043bb18dbd80,Kefir e fette classiche,True,varieta_distribuzione
52,Ottobre,D2,plant_rice,base:meal:052:05,Spuntino notturno,03:30,base:recipe-version:piadina-mini-con-ricotta:09c4f393f702c181,base:recipe-version:piadina-mini-con-ricotta:09c4f393f702c181,Piadina mini con ricotta,False,conservato
52,Ottobre,D2,plant_rice,base:meal:052:06,Mini-pasto pre-sonno,08:20,base:recipe-version:frutta-e-primosale:d88a0ba0bb75f471,base:recipe-version:v6-gallette-di-riso-con-burro-di-arachidi-e-banana:0662b0d58a819f7a,Gallette di riso con burro di arachidi e banana,True,riduzione_latticini | varieta_distribuzione
53,Ottobre,D3,pasta_animal,base:meal:053:01,Brunch,15:00,base:recipe-version:brunch-polpette-svedesi-leggere-con-zucca:2996ac5a3ebbda26,base:recipe-version:v6c-brunch-completo-con-polenta-manzo-e-broccoli:de9b2e35908b5a3c,"Brunch completo con polenta, manzo e broccoli",True,riduzione_uova_albume | varieta_distribuzione
53,Ottobre,D3,pasta_animal,base:meal:053:02,Spuntino,18:30,base:recipe-version:kefir-e-fette-classiche:4c24043bb18dbd80,base:recipe-version:v6-pane-integrale-con-hummus-e-spinaci:1ba508863e4ce1bf,Pane integrale con hummus e spinaci,True,varieta_distribuzione
53,Ottobre,D3,pasta_animal,base:meal:053:03,Cena,21:00,base:recipe-version:risotto-delicato-con-tacchino-e-zucca:ae50dd5e2207bce2,base:recipe-version:v6-pasta-con-salmone-e-porro:5793a4d6fe797246,Pasta con salmone e porro,True,riduzione_uova_albume | riduzione_latticini | backbone_pasta
54,Ottobre,D4,plant_pasta,base:meal:054:01,Colazione,08:00,base:recipe-version:toast-francese-con-primosale-e-pomodoro:382336a6501c0f23,base:recipe-version:kefir-con-fette-classiche-e-confettura:565d49687dc3de64,Kefir con fette classiche e confettura,True,riduzione_latticini | varieta_distribuzione
54,Ottobre,D4,plant_pasta,base:meal:054:02,Spuntino,11:00,base:recipe-version:primosale-e-gallette-di-riso:c2e743864218b117,base:recipe-version:primosale-e-gallette-di-riso:c2e743864218b117,Primosale e gallette di riso,False,conservato
54,Ottobre,D4,plant_pasta,base:meal:054:03,Pranzo,13:30,base:recipe-version:orata-con-patate-e-carote:d0dd38aec06eb42b,base:recipe-version:v6-pasta-e-borlotti-con-verza:9dcbb7155f5bf733,Pasta e borlotti con verza,True,backbone_vegetale_pasta
54,Ottobre,D4,plant_pasta,base:meal:054:04,Spuntino,17:30,base:recipe-version:latte-e-gallette-di-riso:0305150caf7bf7be,base:recipe-version:yogurt-bianco-e-banana:047824242ce72a93,Yogurt bianco e banana,True,varieta_distribuzione
54,Ottobre,D4,plant_pasta,base:meal:054:05,Cena,20:30,base:recipe-version:burger-di-tacchino-con-pane-e-zucca-al-forno:0afda45d2c91d033,base:recipe-version:manzo-magro-con-pane-bianco-e-cavolfiore:09d23863cdb9eb6e,Manzo magro con pane bianco e cavolfiore,True,riduzione_latticini | varieta_distribuzione
55,Ottobre,D5,rice_animal,base:meal:055:01,Colazione,08:00,base:recipe-version:budino-di-riso-casalingo-e-frutta:6cc1d24620d4f701,base:recipe-version:budino-di-riso-casalingo-e-frutta:6cc1d24620d4f701,Budino di riso casalingo e frutta,False,conservato
55,Ottobre,D5,rice_animal,base:meal:055:02,Spuntino,11:00,base:recipe-version:mini-panino-con-tacchino-a-fette:898c8264b59b67d8,base:recipe-version:kefir-e-frutta:5d2d12ec2da1027a,Kefir e frutta,True,varieta_distribuzione
55,Ottobre,D5,rice_animal,base:meal:055:03,Pranzo,13:30,base:recipe-version:jacket-potato-con-tonno-primosale-e-spinaci:b806f47f0720c7b8,base:recipe-version:trota-con-riso-e-broccoli:cabee0d8a86538f5,Trota con riso e broccoli,True,riduzione_latticini | backbone_riso
55,Ottobre,D5,rice_animal,base:meal:055:04,Spuntino,17:30,base:recipe-version:mozzarella-e-pomodorini:ed19c9fabc9729ed,base:recipe-version:v6-mini-panino-con-tacchino-e-spinaci:f554c16213f54aa1,Mini panino con tacchino e spinaci,True,riduzione_latticini | varieta_distribuzione
55,Ottobre,D5,rice_animal,base:meal:055:05,Cena,20:30,base:recipe-version:frittata-morbida-con-patate-e-carote:1c9276aa6149a375,base:recipe-version:filetto-di-maiale-con-polenta-e-carote:49866ab66aa3e8ee,Filetto di maiale con polenta e carote,True,riduzione_uova_albume | varieta_distribuzione
56,Ottobre,D1,other,base:meal:056:01,Colazione,06:30,base:recipe-version:pancake-di-farina-00-e-ricotta:e5be5645f16fd43b,base:recipe-version:pancake-di-farina-00-e-ricotta:e5be5645f16fd43b,Pancake di farina 00 e ricotta,False,conservato
56,Ottobre,D1,other,base:meal:056:02,Spuntino,10:30,base:recipe-version:mozzarella-e-pomodorini:ed19c9fabc9729ed,base:recipe-version:mini-panino-bianco-con-bresaola:b48622af1e275f0f,Mini panino bianco con bresaola,True,riduzione_latticini | varieta_distribuzione
56,Ottobre,D1,other,base:meal:056:03,Pranzo,13:30,base:recipe-version:piatto-caldo-con-mozzarella-pane-bianco-e-bietole:d0806959e6f7e830,base:recipe-version:orata-con-patate-e-bietole:f7dd5fe6df51d49e,Orata con patate e bietole,True,riduzione_latticini | varieta_distribuzione
56,Ottobre,D1,other,base:meal:056:04,Spuntino,17:30,base:recipe-version:uovo-sodo-e-crackers:b92d407cf54f5e44,base:recipe-version:uovo-sodo-e-crackers:b92d407cf54f5e44,Uovo sodo e crackers,False,conservato
56,Ottobre,D1,other,base:meal:056:05,Cena,21:00,base:recipe-version:polpette-svedesi-leggere-con-zucca:dbbd488c534fc81a,base:recipe-version:v6-couscous-con-pollo-e-carote:d861a05c3d30d7fb,Couscous con pollo e carote,True,riduzione_uova_albume | varieta_distribuzione
57,Ottobre,D2,plant_pasta,base:meal:057:01,Colazione,09:00,base:recipe-version:toast-francese-con-primosale-e-pomodoro:a1722c6cb0626b89,base:recipe-version:latte-corn-flakes-e-frutta:489c786e4e4694d6,"Latte, corn flakes e frutta",True,riduzione_latticini | varieta_distribuzione
57,Ottobre,D2,plant_pasta,base:meal:057:02,Pranzo,13:00,base:recipe-version:bowl-libanese-delicata-con-pollo-e-zucchine:a15e5abe7245291d,base:recipe-version:pranzo-leggero-con-merluzzo-pane-e-finocchi:560ae55501b9ed95,"Pranzo leggero con merluzzo, pane e finocchi",True,varieta_distribuzione
57,Ottobre,D2,plant_pasta,base:meal:057:03,Pasto preturno,18:30,base:recipe-version:frittata-morbida-con-patate-e-zucca:bfebc380c34367d8,base:recipe-version:v6-pasta-e-cannellini-con-spinaci:e4fd05f4eb3c7075,Pasta e cannellini con spinaci,True,riduzione_uova_albume | backbone_vegetale_pasta
57,Ottobre,D2,plant_pasta,base:meal:057:04,Spuntino notturno,23:30,base:recipe-version:kefir-e-frutta:9d9d38ab49b00b02,base:recipe-version:mini-panino-con-tacchino-a-fette:898c8264b59b67d8,Mini panino con tacchino a fette,True,varieta_distribuzione
57,Ottobre,D2,plant_pasta,base:meal:057:05,Spuntino notturno,03:30,base:recipe-version:mini-panino-bianco-con-bresaola:b48622af1e275f0f,base:recipe-version:frutta-e-nocciole:fe52606cbcf0b0a9,Frutta e nocciole,True,varieta_distribuzione
57,Ottobre,D2,plant_pasta,base:meal:057:06,Mini-pasto pre-sonno,08:20,base:recipe-version:fiocchi-di-latte-e-frutta:0895154d73403015,base:recipe-version:v6-yogurt-con-frutti-di-bosco-e-nocciole:b86f2b6106ba2075,Yogurt con frutti di bosco e nocciole,True,riduzione_latticini | varieta_distribuzione
58,Ottobre,D3,rice_animal,base:meal:058:01,Brunch,15:00,base:recipe-version:brunch-curry-bianco-molto-delicato-di-pollo-e-zucca:a62778145c4cb2d2,base:recipe-version:v6c-brunch-completo-con-couscous-pollo-e-carote:b068d2d1e6885f55,"Brunch completo con couscous, pollo e carote",True,riduzione_uova_albume | varieta_distribuzione
58,Ottobre,D3,rice_animal,base:meal:058:02,Spuntino,18:30,base:recipe-version:piadina-mini-con-ricotta:14c972e7099a49db,base:recipe-version:v6-fette-integrali-con-burro-di-arachidi-e-confettura:72fcd8752957f6a3,Fette integrali con burro di arachidi e confettura,True,riduzione_latticini | varieta_distribuzione
58,Ottobre,D3,rice_animal,base:meal:058:03,Cena,21:00,base:recipe-version:bowl-greca-delicata-con-pollo-feta-e-zucca:9f2fd9275b7e293c,base:recipe-version:kofte-di-tacchino-delicati-con-riso-e-carote:f7b3875932ca827f,Kofte di tacchino delicati con riso e carote,True,riduzione_uova_albume | riduzione_latticini | backbone_riso
59,Ottobre,D4,plant_rice,base:meal:059:01,Colazione,08:00,base:recipe-version:pane-integrale-primosale-e-frutta:24c98f8cb23c1db1,base:recipe-version:pane-integrale-primosale-e-frutta:24c98f8cb23c1db1,"Pane integrale, primosale e frutta",False,conservato
59,Ottobre,D4,plant_rice,base:meal:059:02,Spuntino,11:00,base:recipe-version:crackers-e-primosale:89b1db2790bd5aea,base:recipe-version:piccola-porzione-di-lupini-e-frutta:1441081cb6be12f5,Piccola porzione di lupini e frutta,True,riduzione_latticini | varieta_distribuzione
59,Ottobre,D4,plant_rice,base:meal:059:03,Pranzo,13:30,base:recipe-version:risotto-delicato-con-funghi-e-carote:f423c15899b3ca32,base:recipe-version:v6-riso-jasmine-con-cannellini-e-cavolfiore:36eddf9e96f7366b,Riso jasmine con cannellini e cavolfiore,True,riduzione_uova_albume | riduzione_latticini | backbone_vegetale_riso
59,Ottobre,D4,plant_rice,base:meal:059:04,Spuntino,17:30,base:recipe-version:primosale-e-gallette-di-riso:c2e743864218b117,base:recipe-version:crackers-classici-con-hummus-delicato:336656d51106c925,Crackers classici con hummus delicato,True,riduzione_latticini | varieta_distribuzione
59,Ottobre,D4,plant_rice,base:meal:059:05,Cena,20:30,base:recipe-version:croque-monsieur-leggero-con-cotto-mozzarella-e-funghi:9ee8c4898a936dd8,base:recipe-version:salmone-nordico-con-patate-e-broccoli:3bf06f6c333277ab,Salmone nordico con patate e broccoli,True,riduzione_latticini | varieta_distribuzione
60,Ottobre,D5,pasta_animal,base:meal:060:01,Colazione,08:00,base:recipe-version:yogurt-bianco-corn-flakes-e-frutta:8bd9d43e7adbdeed,base:recipe-version:semolino-al-latte-con-frutta:684b6cb4fac1d9a6,Semolino al latte con frutta,True,varieta_distribuzione
60,Ottobre,D5,pasta_animal,base:meal:060:02,Spuntino,11:00,base:recipe-version:gallette-di-riso-e-ricotta:9f304408a83b200d,base:recipe-version:frutta-in-porzione-piccola:6bdebfa528d96dc7,Frutta in porzione piccola,True,riduzione_latticini | varieta_distribuzione
60,Ottobre,D5,pasta_animal,base:meal:060:03,Pranzo,13:30,base:recipe-version:pranzo-leggero-con-merluzzo-pane-e-zucchine:63b7c39ffdf6a5d8,base:recipe-version:v6-pasta-con-sgombro-e-cavolo-cappuccio:eff554c976679eb2,Pasta con sgombro e cavolo cappuccio,True,riduzione_uova_albume | backbone_pasta
60,Ottobre,D5,pasta_animal,base:meal:060:04,Spuntino,17:30,base:recipe-version:kefir-piccolo:0120716d4b11c95a,base:recipe-version:kefir-piccolo:0120716d4b11c95a,Kefir piccolo,False,conservato
60,Ottobre,D5,pasta_animal,base:meal:060:05,Cena,20:30,base:recipe-version:pasto-flessibile-gnocchi-al-pomodoro-mozzarella-e-contorno:8f265cd07e754eb3,base:recipe-version:v6c-brunch-completo-con-patate-manzo-e-cavolfiore:f06e5927f70f22c5,"Brunch completo con patate, manzo e cavolfiore",True,varieta_distribuzione
61,Novembre,D1,plant_pasta,base:meal:061:01,Colazione,06:30,base:recipe-version:porridge-piccolo-con-frutta-cotta:4eb65512fcd2116f,base:recipe-version:v6-pane-di-segale-burro-di-arachidi-e-pera:949d5ac5223fb3e8,"Pane di segale, burro di arachidi e pera",True,varieta_distribuzione
61,Novembre,D1,plant_pasta,base:meal:061:02,Spuntino,10:30,base:recipe-version:feta-cetriolo-e-crackers:6874564aabe8b391,base:recipe-version:frutta-e-mandorle:cf32a2fabea95479,Frutta e mandorle,True,riduzione_latticini | stagionalita | varieta_distribuzione
61,Novembre,D1,plant_pasta,base:meal:061:03,Pranzo,13:30,base:recipe-version:pasta-con-crema-di-cannellini-e-funghi:e2f9c03382aeb39e,base:recipe-version:v6-pasta-e-ceci-con-finocchi:cfa75b0312798ee1,Pasta e ceci con finocchi,True,riduzione_uova_albume | riduzione_latticini | backbone_vegetale_pasta
61,Novembre,D1,plant_pasta,base:meal:061:04,Spuntino,17:30,base:recipe-version:frutta-e-fiocchi-di-latte-su-gallette:8437e8a9db470b3e,base:recipe-version:v6-kefir-con-banana-e-pistacchi:6663fc9362c6db18,Kefir con banana e pistacchi,True,riduzione_latticini | varieta_distribuzione
61,Novembre,D1,plant_pasta,base:meal:061:05,Cena,21:00,base:recipe-version:frittata-morbida-con-patate-e-spinaci:ba39b6b8b3ebc26e,base:recipe-version:couscous-marocchino-delicato-con-tacchino-e-finocchi:6d8188dddd57a997,Couscous marocchino delicato con tacchino e finocchi,True,riduzione_uova_albume | varieta_distribuzione
62,Novembre,D2,rice_animal,base:meal:062:01,Colazione,09:00,base:recipe-version:yogurt-bianco-corn-flakes-e-banana:6ba3d2479e91774a,base:recipe-version:yogurt-bianco-corn-flakes-e-frutta:c0ae1fc279e4587a,"Yogurt bianco, corn flakes e frutta",True,varieta_distribuzione
62,Novembre,D2,rice_animal,base:meal:062:02,Pranzo,13:00,base:recipe-version:pollo-con-polenta-e-zucca:95b4da9b795cd857,base:recipe-version:sogliola-con-riso-e-lattuga:dad2da960a909df7,Sogliola con riso e lattuga,True,backbone_riso
62,Novembre,D2,rice_animal,base:meal:062:03,Pasto preturno,18:30,base:recipe-version:piadina-con-bresaola-robiola-e-zucca:678dc2678f33097c,base:recipe-version:piadina-con-bresaola-robiola-e-zucca:678dc2678f33097c,"Piadina con bresaola, robiola e zucca",False,conservato
62,Novembre,D2,rice_animal,base:meal:062:04,Spuntino notturno,23:30,base:recipe-version:frutta-e-grana:b12cf457d3be7766,base:recipe-version:latte-e-frutta:be9de76ab5b19d0a,Latte e frutta,True,riduzione_latticini | varieta_distribuzione
62,Novembre,D2,rice_animal,base:meal:062:05,Spuntino notturno,03:30,base:recipe-version:kefir-e-frutta:5d2d12ec2da1027a,base:recipe-version:kefir-e-fette-classiche:4c24043bb18dbd80,Kefir e fette classiche,True,varieta_distribuzione
62,Novembre,D2,rice_animal,base:meal:062:06,Mini-pasto pre-sonno,08:20,base:recipe-version:mini-panino-bianco-con-bresaola:7479944e46394c7c,base:recipe-version:v6-pane-integrale-con-hummus-e-spinaci:1ba508863e4ce1bf,Pane integrale con hummus e spinaci,True,varieta_distribuzione
63,Novembre,D3,other,base:meal:063:01,Brunch,15:00,base:recipe-version:brunch-noodles-di-riso-con-pollo-e-finocchi:77a636a09e897fa8,base:recipe-version:brunch-noodles-di-riso-con-pollo-e-finocchi:77a636a09e897fa8,Brunch: Noodles di riso con pollo e finocchi,False,conservato
63,Novembre,D3,other,base:meal:063:02,Spuntino,18:30,base:recipe-version:fiocchi-di-latte-e-frutta:4b2027417f853da3,base:recipe-version:v6-mini-panino-con-tacchino-e-spinaci:f554c16213f54aa1,Mini panino con tacchino e spinaci,True,riduzione_latticini | varieta_distribuzione
63,Novembre,D3,other,base:meal:063:03,Cena,21:00,base:recipe-version:tortino-al-forno-di-uova-patate-e-spinaci:26d21ce067f46e2d,base:recipe-version:pollo-con-patate-e-spinaci:60e1b4880c2b8295,Pollo con patate e spinaci,True,riduzione_uova_albume | varieta_distribuzione
64,Novembre,D4,plant_pasta,base:meal:064:01,Colazione,08:00,base:recipe-version:uova-strapazzate-pane-bianco-e-frutta:b3168f70b4000f23,base:recipe-version:kefir-con-fette-classiche-e-confettura:957634af85ac4a41,Kefir con fette classiche e confettura,True,riduzione_uova_albume | varieta_distribuzione
64,Novembre,D4,plant_pasta,base:meal:064:02,Spuntino,11:00,base:recipe-version:latte-e-frutta:5810692902d5524f,base:recipe-version:v6-mini-panino-con-bresaola-e-carote:f4a50d7eba0d1cff,Mini panino con bresaola e carote,True,varieta_distribuzione
64,Novembre,D4,plant_pasta,base:meal:064:03,Pranzo,13:30,base:recipe-version:pasta-integrale-con-mozzarella-e-spinaci:b1b8477373d23d66,base:recipe-version:v6-couscous-con-gamberi-e-broccoli:cacc7a666bf66029,Couscous con gamberi e broccoli,True,riduzione_latticini | varieta_distribuzione
64,Novembre,D4,plant_pasta,base:meal:064:04,Spuntino,17:30,base:recipe-version:ricotta-e-frutta:349f87813a30d26f,base:recipe-version:ricotta-e-frutta:349f87813a30d26f,Ricotta e frutta,False,conservato
64,Novembre,D4,plant_pasta,base:meal:064:05,Cena,20:30,base:recipe-version:curry-bianco-molto-delicato-di-pollo-e-zucca:20bf020503f4e943,base:recipe-version:v6-pasta-e-borlotti-con-verza:9dcbb7155f5bf733,Pasta e borlotti con verza,True,backbone_vegetale_pasta
65,Novembre,D5,rice_animal,base:meal:065:01,Colazione,08:00,base:recipe-version:french-toast-delicato-con-frutta:9b1a650c7d194ae3,base:recipe-version:french-toast-delicato-con-frutta:9b1a650c7d194ae3,French toast delicato con frutta,False,conservato
65,Novembre,D5,rice_animal,base:meal:065:02,Spuntino,11:00,base:recipe-version:latte-e-gallette-di-riso:0305150caf7bf7be,base:recipe-version:latte-e-gallette-di-riso:0305150caf7bf7be,Latte e gallette di riso,False,conservato
65,Novembre,D5,rice_animal,base:meal:065:03,Pranzo,13:30,base:recipe-version:burger-di-tacchino-con-pane-e-zucca-al-forno:0211b9e298cc00bb,base:recipe-version:v6-couscous-con-pollo-e-carote:d861a05c3d30d7fb,Couscous con pollo e carote,True,riduzione_latticini | varieta_distribuzione
65,Novembre,D5,rice_animal,base:meal:065:04,Spuntino,17:30,base:recipe-version:crackers-e-ricotta:b5e12fff16ac4003,base:recipe-version:yogurt-bianco-e-banana:047824242ce72a93,Yogurt bianco e banana,True,riduzione_latticini | varieta_distribuzione
65,Novembre,D5,rice_animal,base:meal:065:05,Cena,20:30,base:recipe-version:manzo-magro-con-pane-bianco-e-cavolfiore:09d23863cdb9eb6e,base:recipe-version:kofte-di-tacchino-delicati-con-riso-e-radicchio:53d6ef52b4a5cd5c,Kofte di tacchino delicati con riso e radicchio,True,backbone_riso
66,Novembre,D1,plant_rice,base:meal:066:01,Colazione,06:30,base:recipe-version:pane-bianco-con-mozzarella-e-pomodoro:d4fa14bfcb3b04d8,base:recipe-version:v6-pane-integrale-burro-di-arachidi-e-banana:7ed21ce5cd13d99d,"Pane integrale, burro di arachidi e banana",True,riduzione_latticini | stagionalita | varieta_distribuzione
66,Novembre,D1,plant_rice,base:meal:066:02,Spuntino,10:30,base:recipe-version:crackers-e-ricotta:b5e12fff16ac4003,base:recipe-version:crackers-e-ricotta:b5e12fff16ac4003,Crackers e ricotta,False,conservato
66,Novembre,D1,plant_rice,base:meal:066:03,Pranzo,13:30,base:recipe-version:salmone-con-polenta-e-funghi:98ea033f289fe02c,base:recipe-version:salmone-con-polenta-e-funghi:98ea033f289fe02c,Salmone con polenta e funghi,False,conservato
66,Novembre,D1,plant_rice,base:meal:066:04,Spuntino,17:30,base:recipe-version:crackers-classici-con-hummus-delicato:62d7d1325ddb969b,base:recipe-version:v6-crackers-integrali-con-hummus-e-carote:f06cae1e98dec421,Crackers integrali con hummus e carote,True,varieta_distribuzione
66,Novembre,D1,plant_rice,base:meal:066:05,Cena,21:00,base:recipe-version:noodles-di-riso-con-pollo-e-finocchi:2ba940cf86c249a7,base:recipe-version:v6-riso-basmati-con-piselli-e-zucca:75aaa80296aeb6f9,Riso basmati con piselli e zucca,True,backbone_vegetale_riso
67,Novembre,D2,pasta_animal,base:meal:067:01,Colazione,09:00,base:recipe-version:uova-strapazzate-pane-bianco-e-frutta:aad0f082c2429a2a,base:recipe-version:colazione-leggera-con-latte-e-fette-classiche:f712e5d2a6856be0,Colazione leggera con latte e fette classiche,True,riduzione_uova_albume | varieta_distribuzione
67,Novembre,D2,pasta_animal,base:meal:067:02,Pranzo,13:00,base:recipe-version:orata-con-patate-e-bietole:f7dd5fe6df51d49e,base:recipe-version:salmone-con-polenta-e-carciofi:f669043325b6b4ce,Salmone con polenta e carciofi,True,varieta_distribuzione
67,Novembre,D2,pasta_animal,base:meal:067:03,Pasto preturno,18:30,base:recipe-version:pollo-con-patate-e-funghi:7cb1d5839f736ddb,base:recipe-version:v6-farro-con-tonno-e-radicchio:a2aa957d5bcb6ace,Farro con tonno e radicchio,True,varieta_distribuzione
67,Novembre,D2,pasta_animal,base:meal:067:04,Spuntino notturno,23:30,base:recipe-version:frutta-e-nocciole:c70cdc861837e7bd,base:recipe-version:frutta-e-nocciole:c70cdc861837e7bd,Frutta e nocciole,False,conservato
67,Novembre,D2,pasta_animal,base:meal:067:05,Spuntino notturno,03:30,base:recipe-version:yogurt-bianco-e-banana:047824242ce72a93,base:recipe-version:mini-panino-bianco-con-bresaola:7479944e46394c7c,Mini panino bianco con bresaola,True,varieta_distribuzione
67,Novembre,D2,pasta_animal,base:meal:067:06,Mini-pasto pre-sonno,08:20,base:recipe-version:frutta-e-grana:eab8e6f05d2fd0e9,base:recipe-version:v6-yogurt-con-frutti-di-bosco-e-nocciole:b86f2b6106ba2075,Yogurt con frutti di bosco e nocciole,True,riduzione_latticini | varieta_distribuzione
68,Novembre,D3,plant_pasta,base:meal:068:01,Brunch,15:00,base:recipe-version:brunch-salmone-nordico-con-patate-e-bietole:ccfb3e76efd51dbc,base:recipe-version:v6-pasta-e-lenticchie-con-carote:86363e74837643b7,Pasta e lenticchie con carote,True,riduzione_uova_albume | backbone_vegetale_pasta
68,Novembre,D3,plant_pasta,base:meal:068:02,Spuntino,18:30,base:recipe-version:kefir-e-frutta:5d2d12ec2da1027a,base:recipe-version:v6-fette-integrali-con-burro-di-arachidi-e-confettura:72fcd8752957f6a3,Fette integrali con burro di arachidi e confettura,True,varieta_distribuzione
68,Novembre,D3,plant_pasta,base:meal:068:03,Cena,21:00,base:recipe-version:couscous-marocchino-delicato-con-tacchino-e-finocchi:85ef7b0c5484e314,base:recipe-version:v6c-brunch-completo-con-polenta-manzo-e-broccoli:de9b2e35908b5a3c,"Brunch completo con polenta, manzo e broccoli",True,riduzione_uova_albume | varieta_distribuzione
69,Novembre,D4,rice_animal,base:meal:069:01,Colazione,08:00,base:recipe-version:mini-piadina-con-tacchino-e-robiola:a3ee748df4965850,base:recipe-version:mini-piadina-con-tacchino-e-robiola:a3ee748df4965850,Mini piadina con tacchino e robiola,False,conservato
69,Novembre,D4,rice_animal,base:meal:069:02,Spuntino,11:00,base:recipe-version:kefir-e-fette-classiche:4c24043bb18dbd80,base:recipe-version:piccola-porzione-di-lupini-e-frutta:27a1df3729d2c523,Piccola porzione di lupini e frutta,True,varieta_distribuzione
69,Novembre,D4,rice_animal,base:meal:069:03,Pranzo,13:30,base:recipe-version:frittata-morbida-con-patate-e-funghi:a43a30cd69947d78,base:recipe-version:nasello-con-pane-bianco-e-radicchio:e5aa19fc76b39721,Nasello con pane bianco e radicchio,True,riduzione_uova_albume | varieta_distribuzione
69,Novembre,D4,rice_animal,base:meal:069:04,Spuntino,17:30,base:recipe-version:latte-e-frutta:5810692902d5524f,base:recipe-version:crackers-classici-con-hummus-delicato:afbb8a2d7f8a60c2,Crackers classici con hummus delicato,True,varieta_distribuzione
69,Novembre,D4,rice_animal,base:meal:069:05,Cena,20:30,base:recipe-version:jacket-potato-con-tonno-primosale-e-spinaci:b4d72c331a9360f4,base:recipe-version:bowl-coreana-delicata-con-manzo-riso-e-broccoli:8f339ab02fbaac9b,"Bowl coreana delicata con manzo, riso e broccoli",True,riduzione_latticini | backbone_riso
70,Novembre,D5,other,base:meal:070:01,Colazione,08:00,base:recipe-version:yogurt-bianco-corn-flakes-e-frutta:bfd6dccd07b87561,base:recipe-version:yogurt-bianco-corn-flakes-e-frutta:bfd6dccd07b87561,"Yogurt bianco, corn flakes e frutta",False,conservato
70,Novembre,D5,other,base:meal:070:02,Spuntino,11:00,base:recipe-version:latte-piccolo:af0c44c699cd8ae3,base:recipe-version:latte-e-frutta:5810692902d5524f,Latte e frutta,True,varieta_distribuzione
70,Novembre,D5,other,base:meal:070:03,Pranzo,13:30,base:recipe-version:pranzo-leggero-con-merluzzo-riso-e-funghi:f54301d61167e559,base:recipe-version:v6-orzo-con-tacchino-e-zucca:03634e841f0aec0c,Orzo con tacchino e zucca,True,varieta_distribuzione
70,Novembre,D5,other,base:meal:070:04,Spuntino,17:30,base:recipe-version:frutta-in-porzione-piccola:9fa65d918b9175ba,base:recipe-version:frutta-in-porzione-piccola:9fa65d918b9175ba,Frutta in porzione piccola,False,conservato
70,Novembre,D5,other,base:meal:070:05,Cena,20:30,base:recipe-version:pasto-flessibile-sushi-delicato-misto-senza-salse-piccanti:7d4335563ee1c68c,base:recipe-version:v6c-brunch-completo-con-patate-manzo-e-cavolfiore:f06e5927f70f22c5,"Brunch completo con patate, manzo e cavolfiore",True,varieta_distribuzione
71,Novembre,D1,plant_pasta,base:meal:071:01,Colazione,06:30,base:recipe-version:french-toast-delicato-con-frutta:9b1a650c7d194ae3,base:recipe-version:v6-pane-di-segale-burro-di-arachidi-e-pera:949d5ac5223fb3e8,"Pane di segale, burro di arachidi e pera",True,riduzione_uova_albume | varieta_distribuzione
71,Novembre,D1,plant_pasta,base:meal:071:02,Spuntino,10:30,base:recipe-version:latte-e-gallette-di-riso:0305150caf7bf7be,base:recipe-version:v6-mini-panino-con-tacchino-e-spinaci:f554c16213f54aa1,Mini panino con tacchino e spinaci,True,varieta_distribuzione
71,Novembre,D1,plant_pasta,base:meal:071:03,Pranzo,13:30,base:recipe-version:risotto-delicato-con-salmone-e-funghi:2af3d7d5d32a254d,base:recipe-version:manzo-magro-con-pane-bianco-e-carote:584e027f54d81f53,Manzo magro con pane bianco e carote,True,riduzione_latticini | varieta_distribuzione
71,Novembre,D1,plant_pasta,base:meal:071:04,Spuntino,17:30,base:recipe-version:crackers-e-ricotta:b5e12fff16ac4003,base:recipe-version:kefir-e-frutta:5d2d12ec2da1027a,Kefir e frutta,True,riduzione_latticini | varieta_distribuzione
71,Novembre,D1,plant_pasta,base:meal:071:05,Cena,21:00,base:recipe-version:tacchino-con-pane-bianco-e-cavolfiore:d44a48e0ba0d19a4,base:recipe-version:v6-pasta-e-piselli-con-porro:4688d88f642de1ef,Pasta e piselli con porro,True,backbone_vegetale_pasta
72,Novembre,D2,rice_animal,base:meal:072:01,Colazione,09:00,base:recipe-version:mini-piadina-con-tacchino-e-robiola:a3ee748df4965850,base:recipe-version:kefir-con-fette-classiche-e-confettura:565d49687dc3de64,Kefir con fette classiche e confettura,True,riduzione_latticini | varieta_distribuzione
72,Novembre,D2,rice_animal,base:meal:072:02,Pranzo,13:00,base:recipe-version:noodles-di-riso-con-pollo-e-finocchi:2ba940cf86c249a7,base:recipe-version:noodles-di-riso-con-pollo-e-finocchi:2ba940cf86c249a7,Noodles di riso con pollo e finocchi,False,conservato
72,Novembre,D2,rice_animal,base:meal:072:03,Pasto preturno,18:30,base:recipe-version:trota-con-riso-e-cavolfiore:74a435400eb0a948,base:recipe-version:trota-con-riso-e-cavolfiore:74a435400eb0a948,Trota con riso e cavolfiore,False,conservato
72,Novembre,D2,rice_animal,base:meal:072:04,Spuntino notturno,23:30,base:recipe-version:uovo-sodo-e-crackers:b92d407cf54f5e44,base:recipe-version:uovo-sodo-e-crackers:b92d407cf54f5e44,Uovo sodo e crackers,False,conservato
72,Novembre,D2,rice_animal,base:meal:072:05,Spuntino notturno,03:30,base:recipe-version:pane-bianco-e-uovo-sodo:cc72ed269e031a57,base:recipe-version:pane-bianco-e-uovo-sodo:cc72ed269e031a57,Pane bianco e uovo sodo,False,conservato
72,Novembre,D2,rice_animal,base:meal:072:06,Mini-pasto pre-sonno,08:20,base:recipe-version:frutta-e-nocciole:c70cdc861837e7bd,base:recipe-version:mini-panino-con-tacchino-a-fette:898c8264b59b67d8,Mini panino con tacchino a fette,True,varieta_distribuzione
73,Novembre,D3,plant_rice,base:meal:073:01,Brunch,15:00,base:recipe-version:brunch-burger-di-tacchino-con-pane-e-zucca-al-forno:f709e3e2d48d318a,base:recipe-version:v6-riso-basmati-con-ceci-e-carote:7277f67999f4413a,Riso basmati con ceci e carote,True,riduzione_latticini | backbone_vegetale_riso
73,Novembre,D3,plant_rice,base:meal:073:02,Spuntino,18:30,base:recipe-version:yogurt-bianco-e-banana:047824242ce72a93,base:recipe-version:v6-pane-integrale-con-hummus-e-spinaci:1ba508863e4ce1bf,Pane integrale con hummus e spinaci,True,varieta_distribuzione
73,Novembre,D3,plant_rice,base:meal:073:03,Cena,21:00,base:recipe-version:manzo-magro-con-pane-bianco-e-cavolfiore:11cfa27e2c7c26ad,base:recipe-version:v6c-brunch-completo-con-pane-integrale-salmone-e-radicchio:00d65b0e082ec016,"Brunch completo con pane integrale, salmone e radicchio",True,riduzione_uova_albume | varieta_distribuzione
74,Novembre,D4,pasta_animal,base:meal:074:01,Colazione,08:00,base:recipe-version:fette-biscottate-con-robiola-e-miele:c2dfe4341a238749,base:recipe-version:fette-biscottate-con-robiola-e-miele:c2dfe4341a238749,Fette biscottate con robiola e miele,False,conservato
74,Novembre,D4,pasta_animal,base:meal:074:02,Spuntino,11:00,base:recipe-version:piccola-porzione-di-lupini-e-frutta:6a911f595824db87,base:recipe-version:frutta-e-mandorle:f4946c3f96529e3f,Frutta e mandorle,True,varieta_distribuzione
74,Novembre,D4,pasta_animal,base:meal:074:03,Pranzo,13:30,base:recipe-version:piatto-caldo-con-mozzarella-patate-e-bietole:5101ef1a81ce8bd4,base:recipe-version:v6-pasta-con-merluzzo-e-porro:8974176c87f65731,Pasta con merluzzo e porro,True,riduzione_latticini | backbone_pasta
74,Novembre,D4,pasta_animal,base:meal:074:04,Spuntino,17:30,base:recipe-version:kefir-e-fette-classiche:4c24043bb18dbd80,base:recipe-version:kefir-e-fette-classiche:4c24043bb18dbd80,Kefir e fette classiche,False,conservato
74,Novembre,D4,pasta_animal,base:meal:074:05,Cena,20:30,base:recipe-version:bowl-coreana-delicata-con-manzo-riso-e-cavolfiore:57bba950e198a83f,base:recipe-version:filetto-di-maiale-con-patate-e-spinaci:0eea0c723bd3399c,Filetto di maiale con patate e spinaci,True,varieta_distribuzione
75,Novembre,D5,plant_pasta,base:meal:075:01,Colazione,08:00,base:recipe-version:pane-di-segale-robiola-e-pera:d0f5fce67f36273f,base:recipe-version:latte-corn-flakes-e-frutta:cf62f1c1f1381a34,"Latte, corn flakes e frutta",True,riduzione_latticini | varieta_distribuzione
75,Novembre,D5,plant_pasta,base:meal:075:02,Spuntino,11:00,base:recipe-version:crackers-e-primosale:89b1db2790bd5aea,base:recipe-version:yogurt-bianco-e-banana:047824242ce72a93,Yogurt bianco e banana,True,riduzione_latticini | varieta_distribuzione
75,Novembre,D5,plant_pasta,base:meal:075:03,Pranzo,13:30,base:recipe-version:couscous-marocchino-delicato-con-tacchino-e-finocchi:6d8188dddd57a997,base:recipe-version:v6-pasta-e-ceci-con-zucca:04b7f6a9d9589b93,Pasta e ceci con zucca,True,backbone_vegetale_pasta
75,Novembre,D5,plant_pasta,base:meal:075:04,Spuntino,17:30,base:recipe-version:primosale-e-gallette-di-riso:c2e743864218b117,base:recipe-version:frutta-e-nocciole:fe52606cbcf0b0a9,Frutta e nocciole,True,riduzione_latticini | varieta_distribuzione
75,Novembre,D5,plant_pasta,base:meal:075:05,Cena,20:30,base:recipe-version:risotto-delicato-con-gamberi-e-finocchi:f9f7c5c8af94dffa,base:recipe-version:v6-polenta-con-merluzzo-e-cavolo-nero:3155bb1fe698b930,Polenta con merluzzo e cavolo nero,True,riduzione_latticini | varieta_distribuzione
76,Novembre,D1,rice_animal,base:meal:076:01,Colazione,06:30,base:recipe-version:kefir-con-fette-classiche-e-confettura:957634af85ac4a41,base:recipe-version:v6-yogurt-con-avena-e-mela:1bc3c9dc04beea24,Yogurt con avena e mela,True,varieta_distribuzione
76,Novembre,D1,rice_animal,base:meal:076:02,Spuntino,10:30,base:recipe-version:primosale-e-gallette-di-riso:c2e743864218b117,base:recipe-version:primosale-e-gallette-di-riso:c2e743864218b117,Primosale e gallette di riso,False,conservato
76,Novembre,D1,rice_animal,base:meal:076:03,Pranzo,13:30,base:recipe-version:pasta-con-crema-di-lenticchie-e-carote:db7d19be9c9a8be9,base:recipe-version:sogliola-con-riso-e-lattuga:dad2da960a909df7,Sogliola con riso e lattuga,True,riduzione_latticini | backbone_riso
76,Novembre,D1,rice_animal,base:meal:076:04,Spuntino,17:30,base:recipe-version:latte-e-gallette-di-riso:0305150caf7bf7be,base:recipe-version:v6-yogurt-con-frutti-di-bosco-e-nocciole:b86f2b6106ba2075,Yogurt con frutti di bosco e nocciole,True,varieta_distribuzione
76,Novembre,D1,rice_animal,base:meal:076:05,Cena,21:00,base:recipe-version:burger-di-tacchino-con-pane-e-zucca-al-forno:f186780fe60e1d82,base:recipe-version:manzo-magro-con-polenta-e-carote:c034ee16ad5033e0,Manzo magro con polenta e carote,True,riduzione_latticini | varieta_distribuzione
77,Novembre,D2,other,base:meal:077:01,Colazione,09:00,base:recipe-version:fette-biscottate-con-robiola-e-miele:e5620444833a4f0c,base:recipe-version:porridge-piccolo-con-frutta-cotta:1538450e6584f491,Porridge piccolo con frutta cotta,True,riduzione_latticini | varieta_distribuzione
77,Novembre,D2,other,base:meal:077:02,Pranzo,13:00,base:recipe-version:pasta-con-tacchino-e-bietole:881bb6a255af0278,base:recipe-version:tacchino-con-pane-bianco-e-zucca:3031ea51c14aa153,Tacchino con pane bianco e zucca,True,riduzione_latticini | varieta_distribuzione
77,Novembre,D2,other,base:meal:077:03,Pasto preturno,18:30,base:recipe-version:risotto-delicato-con-pollo-e-cavolfiore:fbd8f5e1e6271c53,base:recipe-version:pollo-con-patate-e-funghi:7cb1d5839f736ddb,Pollo con patate e funghi,True,riduzione_latticini | varieta_distribuzione
77,Novembre,D2,other,base:meal:077:04,Spuntino notturno,23:30,base:recipe-version:mozzarella-e-pomodorini:ed19c9fabc9729ed,base:recipe-version:mini-panino-bianco-con-bresaola:7479944e46394c7c,Mini panino bianco con bresaola,True,riduzione_latticini | stagionalita | varieta_distribuzione
77,Novembre,D2,other,base:meal:077:05,Spuntino notturno,03:30,base:recipe-version:frutta-e-fiocchi-di-latte-su-gallette:8437e8a9db470b3e,base:recipe-version:crackers-classici-con-hummus-delicato:afbb8a2d7f8a60c2,Crackers classici con hummus delicato,True,riduzione_latticini | varieta_distribuzione
77,Novembre,D2,other,base:meal:077:06,Mini-pasto pre-sonno,08:20,base:recipe-version:uovo-sodo-e-crackers:b92d407cf54f5e44,base:recipe-version:latte-e-gallette-di-riso:0305150caf7bf7be,Latte e gallette di riso,True,riduzione_uova_albume | varieta_distribuzione
78,Novembre,D3,plant_pasta,base:meal:078:01,Brunch,15:00,base:recipe-version:brunch-croque-monsieur-leggero-con-cotto-mozzarella-e-funghi:3445c6dd8204e71f,base:recipe-version:v6-pasta-e-lenticchie-con-carote:86363e74837643b7,Pasta e lenticchie con carote,True,riduzione_uova_albume | riduzione_latticini | backbone_vegetale_pasta
78,Novembre,D3,plant_pasta,base:meal:078:02,Spuntino,18:30,base:recipe-version:pane-bianco-e-uovo-sodo:cc72ed269e031a57,base:recipe-version:v6-fette-integrali-con-burro-di-arachidi-e-confettura:72fcd8752957f6a3,Fette integrali con burro di arachidi e confettura,True,riduzione_uova_albume | varieta_distribuzione
78,Novembre,D3,plant_pasta,base:meal:078:03,Cena,21:00,base:recipe-version:poke-tiepido-con-salmone-e-carote:17ef670289008a36,base:recipe-version:v6c-brunch-completo-con-polenta-manzo-e-broccoli:de9b2e35908b5a3c,"Brunch completo con polenta, manzo e broccoli",True,riduzione_uova_albume | stagionalita | varieta_distribuzione
79,Novembre,D4,rice_animal,base:meal:079:01,Colazione,08:00,base:recipe-version:toast-bianco-con-ricotta-e-confettura:d94a534f8b20d17e,base:recipe-version:yogurt-bianco-corn-flakes-e-banana:6ba3d2479e91774a,"Yogurt bianco, corn flakes e banana",True,riduzione_latticini | varieta_distribuzione
79,Novembre,D4,rice_animal,base:meal:079:02,Spuntino,11:00,base:recipe-version:mini-panino-bianco-con-bresaola:b48622af1e275f0f,base:recipe-version:piccola-porzione-di-lupini-e-frutta:1b299d173f5668ce,Piccola porzione di lupini e frutta,True,varieta_distribuzione
79,Novembre,D4,rice_animal,base:meal:079:03,Pranzo,13:30,base:recipe-version:coniglio-con-riso-basmati-e-finocchi:f0e99e714647d716,base:recipe-version:trota-con-riso-e-broccoli:cabee0d8a86538f5,Trota con riso e broccoli,True,backbone_riso
79,Novembre,D4,rice_animal,base:meal:079:04,Spuntino,17:30,base:recipe-version:piadina-mini-con-ricotta:09c4f393f702c181,base:recipe-version:piadina-mini-con-ricotta:09c4f393f702c181,Piadina mini con ricotta,False,conservato
79,Novembre,D4,rice_animal,base:meal:079:05,Cena,20:30,base:recipe-version:bowl-greca-delicata-con-pollo-feta-e-zucca:4e14a2e31e43d7bb,base:recipe-version:couscous-marocchino-delicato-con-tacchino-e-bietole:3a2ec05d0d9af8aa,Couscous marocchino delicato con tacchino e bietole,True,riduzione_latticini | varieta_distribuzione
80,Novembre,D5,plant_rice,base:meal:080:01,Colazione,08:00,base:recipe-version:toast-leggero-con-ricotta-e-frutta:5d606c7d41f7ba13,base:recipe-version:v6-gallette-di-riso-con-burro-di-arachidi-e-banana:0662b0d58a819f7a,Gallette di riso con burro di arachidi e banana,True,riduzione_latticini | varieta_distribuzione
80,Novembre,D5,plant_rice,base:meal:080:02,Spuntino,11:00,base:recipe-version:latte-piccolo:af0c44c699cd8ae3,base:recipe-version:frutta-in-porzione-piccola:9fa65d918b9175ba,Frutta in porzione piccola,True,varieta_distribuzione
80,Novembre,D5,plant_rice,base:meal:080:03,Pranzo,13:30,base:recipe-version:pranzo-leggero-con-pollo-patate-e-bietole:51f53f0a48ab85d6,base:recipe-version:v6-riso-jasmine-con-ceci-e-zucca:7c93685bbfc7f317,Riso jasmine con ceci e zucca,True,riduzione_uova_albume | backbone_vegetale_riso
80,Novembre,D5,plant_rice,base:meal:080:04,Spuntino,17:30,base:recipe-version:frutta-in-porzione-piccola:51e096f8b79efd15,base:recipe-version:kefir-piccolo:0120716d4b11c95a,Kefir piccolo,True,varieta_distribuzione
80,Novembre,D5,plant_rice,base:meal:080:05,Cena,20:30,base:recipe-version:pasto-flessibile-bowl-greca-con-pollo-riso-e-feta:bdea361bfb3a15f2,base:recipe-version:pollo-con-patate-e-spinaci:60e1b4880c2b8295,Pollo con patate e spinaci,True,varieta_distribuzione
81,Novembre,D1,pasta_animal,base:meal:081:01,Colazione,06:30,base:recipe-version:pane-di-segale-robiola-e-pera:d0f5fce67f36273f,base:recipe-version:kefir-con-fette-classiche-e-confettura:2c2fb270f24d9d24,Kefir con fette classiche e confettura,True,riduzione_latticini | varieta_distribuzione
81,Novembre,D1,pasta_animal,base:meal:081:02,Spuntino,10:30,base:recipe-version:crackers-e-primosale:89b1db2790bd5aea,base:recipe-version:v6-mini-panino-con-tacchino-e-spinaci:f554c16213f54aa1,Mini panino con tacchino e spinaci,True,riduzione_latticini | varieta_distribuzione
81,Novembre,D1,pasta_animal,base:meal:081:03,Pranzo,13:30,base:recipe-version:frittata-morbida-con-patate-e-cavolfiore:33ac202b80b4dee3,base:recipe-version:v6-patate-con-salmone-e-finocchi:5750ae4635bb4b0d,Patate con salmone e finocchi,True,riduzione_uova_albume | varieta_distribuzione
81,Novembre,D1,pasta_animal,base:meal:081:04,Spuntino,17:30,base:recipe-version:primosale-e-gallette-di-riso:c2e743864218b117,base:recipe-version:kefir-e-frutta:9d9d38ab49b00b02,Kefir e frutta,True,riduzione_latticini | varieta_distribuzione
81,Novembre,D1,pasta_animal,base:meal:081:05,Cena,21:00,base:recipe-version:risotto-delicato-con-gamberi-e-finocchi:f9f7c5c8af94dffa,base:recipe-version:v6-pasta-con-tonno-e-broccoli:dd261be4e72f12f6,Pasta con tonno e broccoli,True,riduzione_latticini | backbone_pasta
82,Novembre,D2,plant_pasta,base:meal:082:01,Colazione,09:00,base:recipe-version:toast-bianco-con-ricotta-e-confettura:fd4a18c0525835bf,base:recipe-version:toast-bianco-con-ricotta-e-confettura:fd4a18c0525835bf,Toast bianco con ricotta e confettura,False,conservato
82,Novembre,D2,plant_pasta,base:meal:082:02,Pranzo,13:00,base:recipe-version:frittata-morbida-con-patate-e-radicchio:701da859200dfc07,base:recipe-version:v6-pasta-e-lenticchie-con-cavolo-nero:6cfbf87c7ea7e664,Pasta e lenticchie con cavolo nero,True,riduzione_uova_albume | backbone_vegetale_pasta
82,Novembre,D2,plant_pasta,base:meal:082:03,Pasto preturno,18:30,base:recipe-version:wrap-con-prosciutto-cotto-primosale-e-zucca:5dba1a9f007b5f8c,base:recipe-version:v6-pane-integrale-con-pollo-e-zucca-arrosto:d29d09614bd2ff7b,Pane integrale con pollo e zucca arrosto,True,riduzione_latticini | varieta_distribuzione
82,Novembre,D2,plant_pasta,base:meal:082:04,Spuntino notturno,23:30,base:recipe-version:crackers-classici-con-hummus-delicato:afbb8a2d7f8a60c2,base:recipe-version:v6-pane-integrale-con-hummus-e-spinaci:1ba508863e4ce1bf,Pane integrale con hummus e spinaci,True,varieta_distribuzione
82,Novembre,D2,plant_pasta,base:meal:082:05,Spuntino notturno,03:30,base:recipe-version:feta-cetriolo-e-crackers:6874564aabe8b391,base:recipe-version:kefir-e-fette-classiche:4c24043bb18dbd80,Kefir e fette classiche,True,riduzione_latticini | stagionalita | varieta_distribuzione
82,Novembre,D2,plant_pasta,base:meal:082:06,Mini-pasto pre-sonno,08:20,base:recipe-version:mozzarella-e-pomodorini:ed19c9fabc9729ed,base:recipe-version:frutta-e-mandorle:c54c36003b8b56a9,Frutta e mandorle,True,riduzione_latticini | stagionalita | varieta_distribuzione
83,Novembre,D3,rice_animal,base:meal:083:01,Brunch,15:00,base:recipe-version:brunch-couscous-marocchino-delicato-con-tacchino-e-finocchi:eebf147165557e2b,base:recipe-version:v6c-brunch-completo-con-orzo-salmone-e-finocchi:4b22d8aeec21d660,"Brunch completo con orzo, salmone e finocchi",True,varieta_distribuzione
83,Novembre,D3,rice_animal,base:meal:083:02,Spuntino,18:30,base:recipe-version:frutta-e-fiocchi-di-latte-su-gallette:8437e8a9db470b3e,base:recipe-version:v6-crackers-integrali-con-hummus-e-carote:f06cae1e98dec421,Crackers integrali con hummus e carote,True,riduzione_latticini | varieta_distribuzione
83,Novembre,D3,rice_animal,base:meal:083:03,Cena,21:00,base:recipe-version:risotto-delicato-con-salmone-e-finocchi:afb896dd21be7ba5,base:recipe-version:coniglio-con-riso-basmati-e-finocchi:de5a0b4b500d43f8,Coniglio con riso basmati e finocchi,True,riduzione_uova_albume | riduzione_latticini | backbone_riso
84,Novembre,D4,other,base:meal:084:01,Colazione,08:00,base:recipe-version:pancake-di-farina-00-e-ricotta:e78d2b0d38b9efc5,base:recipe-version:pancake-di-farina-00-e-ricotta:e78d2b0d38b9efc5,Pancake di farina 00 e ricotta,False,conservato
84,Novembre,D4,other,base:meal:084:02,Spuntino,11:00,base:recipe-version:frutta-e-grana:b12cf457d3be7766,base:recipe-version:frutta-e-nocciole:fe52606cbcf0b0a9,Frutta e nocciole,True,riduzione_latticini | varieta_distribuzione
84,Novembre,D4,other,base:meal:084:03,Pranzo,13:30,base:recipe-version:branzino-con-polenta-e-zucca:774ae20421803368,base:recipe-version:branzino-con-polenta-e-zucca:774ae20421803368,Branzino con polenta e zucca,False,conservato
84,Novembre,D4,other,base:meal:084:04,Spuntino,17:30,base:recipe-version:mini-panino-bianco-con-bresaola:b48622af1e275f0f,base:recipe-version:latte-e-frutta:be9de76ab5b19d0a,Latte e frutta,True,varieta_distribuzione
84,Novembre,D4,other,base:meal:084:05,Cena,20:30,base:recipe-version:kofte-di-tacchino-delicati-con-riso-e-radicchio:53d6ef52b4a5cd5c,base:recipe-version:couscous-marocchino-delicato-con-tacchino-e-finocchi:6d8188dddd57a997,Couscous marocchino delicato con tacchino e finocchi,True,varieta_distribuzione
85,Novembre,D5,plant_pasta,base:meal:085:01,Colazione,08:00,base:recipe-version:toast-francese-con-primosale-e-pomodoro:8fecd8e4e753cb23,base:recipe-version:latte-corn-flakes-e-frutta:489c786e4e4694d6,"Latte, corn flakes e frutta",True,riduzione_latticini | stagionalita | varieta_distribuzione
85,Novembre,D5,plant_pasta,base:meal:085:02,Spuntino,11:00,base:recipe-version:frutta-e-primosale:690fe43b02c41b50,base:recipe-version:yogurt-bianco-e-banana:047824242ce72a93,Yogurt bianco e banana,True,riduzione_latticini | varieta_distribuzione
85,Novembre,D5,plant_pasta,base:meal:085:03,Pranzo,13:30,base:recipe-version:poke-tiepido-con-salmone-e-carote:38ccf71c2323630b,base:recipe-version:v6-pasta-e-cannellini-con-carciofi:1c84aec1e0489802,Pasta e cannellini con carciofi,True,stagionalita | backbone_vegetale_pasta
85,Novembre,D5,plant_pasta,base:meal:085:04,Spuntino,17:30,base:recipe-version:banana-e-latte:a4b16218d9a8fc6e,base:recipe-version:crackers-classici-con-hummus-delicato:afbb8a2d7f8a60c2,Crackers classici con hummus delicato,True,varieta_distribuzione
85,Novembre,D5,plant_pasta,base:meal:085:05,Cena,20:30,base:recipe-version:frittata-morbida-con-patate-e-zucca:cddc0bfc9980a752,base:recipe-version:tacchino-con-pane-bianco-e-cavolfiore:d44a48e0ba0d19a4,Tacchino con pane bianco e cavolfiore,True,riduzione_uova_albume | varieta_distribuzione
86,Novembre,D1,rice_animal,base:meal:086:01,Colazione,06:30,base:recipe-version:omelette-alla-feta-con-pane-bianco:b1898f8db236dc41,base:recipe-version:omelette-alla-feta-con-pane-bianco:b1898f8db236dc41,Omelette alla feta con pane bianco,False,conservato
86,Novembre,D1,rice_animal,base:meal:086:02,Spuntino,10:30,base:recipe-version:banana-e-latte:a4b16218d9a8fc6e,base:recipe-version:mini-panino-bianco-con-bresaola:7479944e46394c7c,Mini panino bianco con bresaola,True,varieta_distribuzione
86,Novembre,D1,rice_animal,base:meal:086:03,Pranzo,13:30,base:recipe-version:piatto-caldo-con-primosale-riso-e-radicchio:9277611001a02ab9,base:recipe-version:merluzzo-con-patate-e-cavolfiore:2e0a3d9a14d82fa0,Merluzzo con patate e cavolfiore,True,riduzione_latticini | varieta_distribuzione
86,Novembre,D1,rice_animal,base:meal:086:04,Spuntino,17:30,base:recipe-version:crackers-e-primosale:89b1db2790bd5aea,base:recipe-version:v6-yogurt-con-frutti-di-bosco-e-nocciole:b86f2b6106ba2075,Yogurt con frutti di bosco e nocciole,True,riduzione_latticini | varieta_distribuzione
86,Novembre,D1,rice_animal,base:meal:086:05,Cena,21:00,base:recipe-version:couscous-marocchino-delicato-con-tacchino-e-finocchi:cbfe17996f981092,base:recipe-version:tacchino-con-riso-basmati-e-bietole:1209f4be8f816255,Tacchino con riso basmati e bietole,True,backbone_riso
87,Novembre,D2,plant_rice,base:meal:087:01,Colazione,09:00,base:recipe-version:pancake-di-farina-00-e-ricotta:e78d2b0d38b9efc5,base:recipe-version:v6-yogurt-kiwi-e-noci:1f35f66ca7cb06e3,"Yogurt, kiwi e noci",True,riduzione_uova_albume | riduzione_latticini | varieta_distribuzione
87,Novembre,D2,plant_rice,base:meal:087:02,Pranzo,13:00,base:recipe-version:croque-monsieur-leggero-con-cotto-mozzarella-e-funghi:c88c51692837e5bb,base:recipe-version:pollo-con-patate-e-carciofi:6d2eaaa952c1d950,Pollo con patate e carciofi,True,riduzione_latticini | varieta_distribuzione
87,Novembre,D2,plant_rice,base:meal:087:03,Pasto preturno,18:30,base:recipe-version:frittata-morbida-con-patate-e-finocchi:45c89b3402b09d45,base:recipe-version:v6-riso-jasmine-con-piselli-e-carciofi:4d462d6ae6e29a37,Riso jasmine con piselli e carciofi,True,riduzione_uova_albume | backbone_vegetale_riso
87,Novembre,D2,plant_rice,base:meal:087:04,Spuntino notturno,23:30,base:recipe-version:frutta-e-mandorle:cf32a2fabea95479,base:recipe-version:mini-panino-con-tacchino-a-fette:898c8264b59b67d8,Mini panino con tacchino a fette,True,varieta_distribuzione
87,Novembre,D2,plant_rice,base:meal:087:05,Spuntino notturno,03:30,base:recipe-version:crackers-e-ricotta:b5e12fff16ac4003,base:recipe-version:latte-e-gallette-di-riso:0305150caf7bf7be,Latte e gallette di riso,True,riduzione_latticini | varieta_distribuzione
87,Novembre,D2,plant_rice,base:meal:087:06,Mini-pasto pre-sonno,08:20,base:recipe-version:mini-panino-con-tacchino-a-fette:898c8264b59b67d8,base:recipe-version:v6-fette-integrali-con-burro-di-arachidi-e-confettura:72fcd8752957f6a3,Fette integrali con burro di arachidi e confettura,True,varieta_distribuzione
88,Novembre,D3,pasta_animal,base:meal:088:01,Brunch,15:00,base:recipe-version:brunch-tortilla-spagnola-leggera-con-zucchine:2c89ad4f9dcd0ba3,base:recipe-version:v6c-brunch-completo-con-farro-manzo-e-radicchio:0c5331d87c3f4d84,"Brunch completo con farro, manzo e radicchio",True,riduzione_uova_albume | stagionalita | varieta_distribuzione
88,Novembre,D3,pasta_animal,base:meal:088:02,Spuntino,18:30,base:recipe-version:feta-cetriolo-e-crackers:6874564aabe8b391,base:recipe-version:v6-gallette-di-riso-con-burro-di-arachidi-e-banana:0662b0d58a819f7a,Gallette di riso con burro di arachidi e banana,True,riduzione_latticini | stagionalita | varieta_distribuzione
88,Novembre,D3,pasta_animal,base:meal:088:03,Cena,21:00,base:recipe-version:noodles-di-riso-con-pollo-e-finocchi:77b54f21408e063d,base:recipe-version:v6-pasta-con-salmone-e-porro:5793a4d6fe797246,Pasta con salmone e porro,True,riduzione_uova_albume | backbone_pasta
89,Novembre,D4,plant_pasta,base:meal:089:01,Colazione,08:00,base:recipe-version:budino-di-riso-casalingo-e-frutta:98e1bee3bc26258f,base:recipe-version:v6-pane-di-segale-burro-di-arachidi-e-pera:949d5ac5223fb3e8,"Pane di segale, burro di arachidi e pera",True,varieta_distribuzione
89,Novembre,D4,plant_pasta,base:meal:089:02,Spuntino,11:00,base:recipe-version:frutta-e-nocciole:c70cdc861837e7bd,base:recipe-version:piccola-porzione-di-lupini-e-frutta:6a911f595824db87,Piccola porzione di lupini e frutta,True,varieta_distribuzione
89,Novembre,D4,plant_pasta,base:meal:089:03,Pranzo,13:30,base:recipe-version:risotto-delicato-con-pollo-e-zucca:6c7d5e7d95593ffe,base:recipe-version:v6-pasta-e-piselli-con-porro:4688d88f642de1ef,Pasta e piselli con porro,True,riduzione_latticini | backbone_vegetale_pasta
89,Novembre,D4,plant_pasta,base:meal:089:04,Spuntino,17:30,base:recipe-version:frutta-e-grana:b12cf457d3be7766,base:recipe-version:v6-mini-panino-con-bresaola-e-carote:f4a50d7eba0d1cff,Mini panino con bresaola e carote,True,riduzione_latticini | varieta_distribuzione
89,Novembre,D4,plant_pasta,base:meal:089:05,Cena,20:30,base:recipe-version:wrap-morbido-con-pollo-primosale-e-spinaci:31375e66eb4c553f,base:recipe-version:v6-couscous-con-pollo-e-carote:d861a05c3d30d7fb,Couscous con pollo e carote,True,riduzione_latticini | varieta_distribuzione
90,Novembre,D5,rice_animal,base:meal:090:01,Colazione,08:00,base:recipe-version:colazione-leggera-con-latte-e-fette-classiche:f0b9a32bfc5404fc,base:recipe-version:kefir-con-fette-classiche-e-confettura:0a94b5180d6811b4,Kefir con fette classiche e confettura,True,varieta_distribuzione
90,Novembre,D5,rice_animal,base:meal:090:02,Spuntino,11:00,base:recipe-version:latte-piccolo:af0c44c699cd8ae3,base:recipe-version:frutta-in-porzione-piccola:9fa65d918b9175ba,Frutta in porzione piccola,True,varieta_distribuzione
90,Novembre,D5,rice_animal,base:meal:090:03,Pranzo,13:30,base:recipe-version:pranzo-leggero-con-tacchino-pane-e-funghi:38bb15f313984032,base:recipe-version:bowl-coreana-delicata-con-manzo-riso-e-carote:b1a32c25c8e098c3,"Bowl coreana delicata con manzo, riso e carote",True,backbone_riso
90,Novembre,D5,rice_animal,base:meal:090:04,Spuntino,17:30,base:recipe-version:frutta-in-porzione-piccola:0dc16dbb09870c47,base:recipe-version:kefir-piccolo:0120716d4b11c95a,Kefir piccolo,True,varieta_distribuzione
90,Novembre,D5,rice_animal,base:meal:090:05,Cena,20:30,base:recipe-version:pasto-flessibile-ramen-delicato-con-pollo-senza-piccante:593be4b533467034,base:recipe-version:v6c-brunch-completo-con-pane-integrale-salmone-e-radicchio:00d65b0e082ec016,"Brunch completo con pane integrale, salmone e radicchio",True,varieta_distribuzione
91,Dicembre,D1,other,base:meal:091:01,Colazione,06:30,base:recipe-version:semolino-al-latte-con-frutta:f9c97b197bd188de,base:recipe-version:semolino-al-latte-con-frutta:684b6cb4fac1d9a6,Semolino al latte con frutta,True,varieta_distribuzione
91,Dicembre,D1,other,base:meal:091:02,Spuntino,10:30,base:recipe-version:kefir-e-fette-classiche:4c24043bb18dbd80,base:recipe-version:kefir-e-fette-classiche:4c24043bb18dbd80,Kefir e fette classiche,False,conservato
91,Dicembre,D1,other,base:meal:091:03,Pranzo,13:30,base:recipe-version:riso-con-crema-di-ceci-e-cavolfiore:a8da746f76cd5d77,base:recipe-version:v6-patate-con-salmone-e-finocchi:5750ae4635bb4b0d,Patate con salmone e finocchi,True,riduzione_uova_albume | riduzione_latticini | varieta_distribuzione
91,Dicembre,D1,other,base:meal:091:04,Spuntino,17:30,base:recipe-version:latte-e-frutta:5810692902d5524f,base:recipe-version:v6-mini-panino-con-tacchino-e-spinaci:f554c16213f54aa1,Mini panino con tacchino e spinaci,True,varieta_distribuzione
91,Dicembre,D1,other,base:meal:091:05,Cena,21:00,base:recipe-version:frittata-morbida-con-patate-e-zucca:aff20ebaacfc20c3,base:recipe-version:v6-polenta-con-merluzzo-e-cavolo-nero:3155bb1fe698b930,Polenta con merluzzo e cavolo nero,True,riduzione_uova_albume | varieta_distribuzione
92,Dicembre,D2,plant_pasta,base:meal:092:01,Colazione,09:00,base:recipe-version:porridge-piccolo-con-frutta-cotta:d4000c044e0ed85c,base:recipe-version:porridge-piccolo-con-frutta-cotta:d4000c044e0ed85c,Porridge piccolo con frutta cotta,False,conservato
92,Dicembre,D2,plant_pasta,base:meal:092:02,Pranzo,13:00,base:recipe-version:tacchino-con-riso-basmati-e-radicchio:440c2d054c742a4b,base:recipe-version:v6-pasta-e-cannellini-con-cavolfiore:55e427835555bad5,Pasta e cannellini con cavolfiore,True,backbone_vegetale_pasta
92,Dicembre,D2,plant_pasta,base:meal:092:03,Pasto preturno,18:30,base:recipe-version:wrap-con-prosciutto-cotto-robiola-e-radicchio:8725dcd1b480bcf7,base:recipe-version:v6-orzo-con-tacchino-e-zucca:03634e841f0aec0c,Orzo con tacchino e zucca,True,riduzione_latticini | varieta_distribuzione
92,Dicembre,D2,plant_pasta,base:meal:092:04,Spuntino notturno,23:30,base:recipe-version:latte-e-gallette-di-riso:0305150caf7bf7be,base:recipe-version:frutta-e-nocciole:ca5c53aaebcf9575,Frutta e nocciole,True,varieta_distribuzione
92,Dicembre,D2,plant_pasta,base:meal:092:05,Spuntino notturno,03:30,base:recipe-version:frutta-e-mandorle:cf32a2fabea95479,base:recipe-version:frutta-e-mandorle:cf32a2fabea95479,Frutta e mandorle,False,conservato
92,Dicembre,D2,plant_pasta,base:meal:092:06,Mini-pasto pre-sonno,08:20,base:recipe-version:crackers-e-ricotta:b5e12fff16ac4003,base:recipe-version:v6-pane-integrale-con-hummus-e-spinaci:1ba508863e4ce1bf,Pane integrale con hummus e spinaci,True,riduzione_latticini | varieta_distribuzione
93,Dicembre,D3,rice_animal,base:meal:093:01,Brunch,15:00,base:recipe-version:brunch-bowl-coreana-delicata-con-manzo-riso-e-carote:423d649b72c9b88e,base:recipe-version:brunch-kofte-di-tacchino-delicati-con-riso-e-radicchio:1d80294769500be2,Brunch: Kofte di tacchino delicati con riso e radicchio,True,riduzione_uova_albume | backbone_riso
93,Dicembre,D3,rice_animal,base:meal:093:02,Spuntino,18:30,base:recipe-version:mini-panino-con-tacchino-a-fette:898c8264b59b67d8,base:recipe-version:crackers-classici-con-hummus-delicato:27b122baaf5f3d79,Crackers classici con hummus delicato,True,varieta_distribuzione
93,Dicembre,D3,rice_animal,base:meal:093:03,Cena,21:00,base:recipe-version:tortino-al-forno-di-uova-patate-e-zucca:9362f0f663dd136c,base:recipe-version:v6c-brunch-completo-con-polenta-merluzzo-e-cavolo-nero:afbacbc2ff064302,"Brunch completo con polenta, merluzzo e cavolo nero",True,riduzione_uova_albume | varieta_distribuzione
94,Dicembre,D4,plant_rice,base:meal:094:01,Colazione,08:00,base:recipe-version:pane-bianco-con-mozzarella-e-pomodoro:0f1cfe5a0b37ce22,base:recipe-version:latte-corn-flakes-e-frutta:489c786e4e4694d6,"Latte, corn flakes e frutta",True,riduzione_latticini | stagionalita | varieta_distribuzione
94,Dicembre,D4,plant_rice,base:meal:094:02,Spuntino,11:00,base:recipe-version:pane-bianco-e-uovo-sodo:cc72ed269e031a57,base:recipe-version:pane-bianco-e-uovo-sodo:cc72ed269e031a57,Pane bianco e uovo sodo,False,conservato
94,Dicembre,D4,plant_rice,base:meal:094:03,Pranzo,13:30,base:recipe-version:pasta-con-tacchino-e-zucca:9a39bc782bd38c97,base:recipe-version:v6-riso-jasmine-con-ceci-e-zucca:7c93685bbfc7f317,Riso jasmine con ceci e zucca,True,riduzione_latticini | backbone_vegetale_riso
94,Dicembre,D4,plant_rice,base:meal:094:04,Spuntino,17:30,base:recipe-version:yogurt-bianco-e-banana:047824242ce72a93,base:recipe-version:kefir-e-frutta:47da41e20e20f205,Kefir e frutta,True,varieta_distribuzione
94,Dicembre,D4,plant_rice,base:meal:094:05,Cena,20:30,base:recipe-version:tortilla-spagnola-leggera-con-zucchine:8e4f2dad094d7dca,base:recipe-version:manzo-magro-con-pane-bianco-e-cavolfiore:09d23863cdb9eb6e,Manzo magro con pane bianco e cavolfiore,True,riduzione_uova_albume | stagionalita | varieta_distribuzione
95,Dicembre,D5,pasta_animal,base:meal:095:01,Colazione,08:00,base:recipe-version:uova-strapazzate-pane-bianco-e-frutta:f66f59f30a1a4190,base:recipe-version:v6c-bowl-di-yogurt-avena-mela-e-crema-di-arachidi:3dd4c719b3e7c782,"Bowl di yogurt, avena, mela e crema di arachidi",True,riduzione_uova_albume | varieta_distribuzione
95,Dicembre,D5,pasta_animal,base:meal:095:02,Spuntino,11:00,base:recipe-version:mini-panino-bianco-con-bresaola:b48622af1e275f0f,base:recipe-version:mini-panino-bianco-con-bresaola:b48622af1e275f0f,Mini panino bianco con bresaola,False,conservato
95,Dicembre,D5,pasta_animal,base:meal:095:03,Pranzo,13:30,base:recipe-version:kofte-di-tacchino-delicati-con-riso-e-bietole:2bd7b2cacf7c8223,base:recipe-version:v6-pasta-con-pollo-e-radicchio:9033e2196f9502d9,Pasta con pollo e radicchio,True,backbone_pasta
95,Dicembre,D5,pasta_animal,base:meal:095:04,Spuntino,17:30,base:recipe-version:piadina-mini-con-ricotta:09c4f393f702c181,base:recipe-version:piadina-mini-con-ricotta:09c4f393f702c181,Piadina mini con ricotta,False,conservato
95,Dicembre,D5,pasta_animal,base:meal:095:05,Cena,20:30,base:recipe-version:pollo-con-patate-e-spinaci:09c2c9eb05de90c3,base:recipe-version:filetto-di-maiale-con-polenta-e-carote:49866ab66aa3e8ee,Filetto di maiale con polenta e carote,True,varieta_distribuzione
96,Dicembre,D1,plant_pasta,base:meal:096:01,Colazione,06:30,base:recipe-version:yogurt-bianco-corn-flakes-e-banana:6ba3d2479e91774a,base:recipe-version:v6-yogurt-banana-e-mandorle:3c809d3ef5f7a883,"Yogurt, banana e mandorle",True,varieta_distribuzione
96,Dicembre,D1,plant_pasta,base:meal:096:02,Spuntino,10:30,base:recipe-version:piadina-mini-con-ricotta:09c4f393f702c181,base:recipe-version:latte-e-gallette-di-riso:0305150caf7bf7be,Latte e gallette di riso,True,riduzione_latticini | varieta_distribuzione
96,Dicembre,D1,plant_pasta,base:meal:096:03,Pranzo,13:30,base:recipe-version:merluzzo-con-patate-e-cavolfiore:2e0a3d9a14d82fa0,base:recipe-version:v6-pasta-integrale-con-lupini-e-zucca:b3901392e023e90a,Pasta integrale con lupini e zucca,True,backbone_vegetale_pasta
96,Dicembre,D1,plant_pasta,base:meal:096:04,Spuntino,17:30,base:recipe-version:crackers-classici-con-hummus-delicato:6ff9c9079046b69c,base:recipe-version:v6-crackers-integrali-con-hummus-e-carote:f06cae1e98dec421,Crackers integrali con hummus e carote,True,varieta_distribuzione
96,Dicembre,D1,plant_pasta,base:meal:096:05,Cena,21:00,base:recipe-version:bowl-coreana-delicata-con-manzo-riso-e-carote:1293bd4b61952158,base:recipe-version:v6-couscous-con-gamberi-e-broccoli:cacc7a666bf66029,Couscous con gamberi e broccoli,True,varieta_distribuzione
97,Dicembre,D2,rice_animal,base:meal:097:01,Colazione,09:00,base:recipe-version:pane-bianco-con-mozzarella-e-pomodoro:d0bf82b30df40ac8,base:recipe-version:v6-pane-di-segale-burro-di-arachidi-e-pera:949d5ac5223fb3e8,"Pane di segale, burro di arachidi e pera",True,riduzione_latticini | stagionalita | varieta_distribuzione
97,Dicembre,D2,rice_animal,base:meal:097:02,Pranzo,13:00,base:recipe-version:branzino-con-polenta-e-finocchi:d61134f849a13e58,base:recipe-version:branzino-con-polenta-e-finocchi:d61134f849a13e58,Branzino con polenta e finocchi,False,conservato
97,Dicembre,D2,rice_animal,base:meal:097:03,Pasto preturno,18:30,base:recipe-version:tacchino-con-riso-basmati-e-cavolfiore:3841d5c167566f43,base:recipe-version:tacchino-con-riso-basmati-e-cavolfiore:3841d5c167566f43,Tacchino con riso basmati e cavolfiore,False,conservato
97,Dicembre,D2,rice_animal,base:meal:097:04,Spuntino notturno,23:30,base:recipe-version:primosale-e-gallette-di-riso:c2e743864218b117,base:recipe-version:primosale-e-gallette-di-riso:c2e743864218b117,Primosale e gallette di riso,False,conservato
97,Dicembre,D2,rice_animal,base:meal:097:05,Spuntino notturno,03:30,base:recipe-version:mini-mozzarella-e-frutta:d50104179f7dd94e,base:recipe-version:v6-mini-panino-con-bresaola-e-carote:f4a50d7eba0d1cff,Mini panino con bresaola e carote,True,riduzione_latticini | varieta_distribuzione
97,Dicembre,D2,rice_animal,base:meal:097:06,Mini-pasto pre-sonno,08:20,base:recipe-version:latte-e-gallette-di-riso:0305150caf7bf7be,base:recipe-version:v6-yogurt-con-frutti-di-bosco-e-nocciole:b86f2b6106ba2075,Yogurt con frutti di bosco e nocciole,True,varieta_distribuzione
98,Dicembre,D3,other,base:meal:098:01,Brunch,15:00,base:recipe-version:brunch-bowl-greca-delicata-con-pollo-feta-e-finocchi:7efcddfacc60ed6d,base:recipe-version:v6c-brunch-completo-con-farro-tonno-e-spinaci:798c70f6ab73f8e4,"Brunch completo con farro, tonno e spinaci",True,riduzione_uova_albume | riduzione_latticini | varieta_distribuzione
98,Dicembre,D3,other,base:meal:098:02,Spuntino,18:30,base:recipe-version:frutta-e-mandorle:cf32a2fabea95479,base:recipe-version:piccola-porzione-di-lupini-e-frutta:27a1df3729d2c523,Piccola porzione di lupini e frutta,True,varieta_distribuzione
98,Dicembre,D3,other,base:meal:098:03,Cena,21:00,base:recipe-version:bowl-libanese-delicata-con-pollo-e-carote:aa410de3e2574037,base:recipe-version:v6c-brunch-completo-con-orzo-tacchino-e-zucca:7898281ada572089,"Brunch completo con orzo, tacchino e zucca",True,riduzione_uova_albume | varieta_distribuzione
99,Dicembre,D4,plant_pasta,base:meal:099:01,Colazione,08:00,base:recipe-version:french-toast-delicato-con-frutta:933b4db38fc2b812,base:recipe-version:semolino-al-latte-con-frutta:f9c97b197bd188de,Semolino al latte con frutta,True,riduzione_uova_albume | varieta_distribuzione
99,Dicembre,D4,plant_pasta,base:meal:099:02,Spuntino,11:00,base:recipe-version:frutta-e-fiocchi-di-latte-su-gallette:afe7761b46d14247,base:recipe-version:frutta-e-fiocchi-di-latte-su-gallette:afe7761b46d14247,Frutta e fiocchi di latte su gallette,False,conservato
99,Dicembre,D4,plant_pasta,base:meal:099:03,Pranzo,13:30,base:recipe-version:frittata-morbida-con-patate-e-cavolfiore:c0d5057fe1983851,base:recipe-version:v6-pasta-e-ceci-con-broccoli:83b8f13d2844e188,Pasta e ceci con broccoli,True,riduzione_uova_albume | backbone_vegetale_pasta
99,Dicembre,D4,plant_pasta,base:meal:099:04,Spuntino,17:30,base:recipe-version:pane-bianco-e-uovo-sodo:cc72ed269e031a57,base:recipe-version:kefir-e-fette-classiche:4c24043bb18dbd80,Kefir e fette classiche,True,riduzione_uova_albume | varieta_distribuzione
99,Dicembre,D4,plant_pasta,base:meal:099:05,Cena,20:30,base:recipe-version:poke-tiepido-con-salmone-e-zucca:aee8bd1aa6f671e1,base:recipe-version:v6-patate-con-salmone-e-finocchi:5750ae4635bb4b0d,Patate con salmone e finocchi,True,stagionalita | varieta_distribuzione
100,Dicembre,D5,rice_animal,base:meal:100:01,Colazione,08:00,base:recipe-version:colazione-leggera-con-latte-e-fette-classiche:f0b9a32bfc5404fc,base:recipe-version:v6-kefir-con-avena-e-mela:5949e62cb01d3247,Kefir con avena e mela,True,varieta_distribuzione
100,Dicembre,D5,rice_animal,base:meal:100:02,Spuntino,11:00,base:recipe-version:kefir-piccolo:0120716d4b11c95a,base:recipe-version:kefir-piccolo:0120716d4b11c95a,Kefir piccolo,False,conservato
100,Dicembre,D5,rice_animal,base:meal:100:03,Pranzo,13:30,base:recipe-version:pranzo-leggero-con-tacchino-patate-e-cavolfiore:5c747b342e4ce898,base:recipe-version:coniglio-con-riso-basmati-e-finocchi:f0e99e714647d716,Coniglio con riso basmati e finocchi,True,riduzione_uova_albume | backbone_riso
100,Dicembre,D5,rice_animal,base:meal:100:04,Spuntino,17:30,base:recipe-version:gallette-di-riso-e-ricotta:9f304408a83b200d,base:recipe-version:frutta-in-porzione-piccola:08e3edbd66951d58,Frutta in porzione piccola,True,riduzione_latticini | varieta_distribuzione
100,Dicembre,D5,rice_animal,base:meal:100:05,Cena,20:30,base:recipe-version:pasto-flessibile-couscous-con-pollo-e-verdure-spezie-minime:188c63d472842e3e,base:recipe-version:v6c-brunch-completo-con-polenta-manzo-e-broccoli:de9b2e35908b5a3c,"Brunch completo con polenta, manzo e broccoli",True,varieta_distribuzione
101,Dicembre,D1,plant_rice,base:meal:101:01,Colazione,06:30,base:recipe-version:uova-strapazzate-pane-bianco-e-frutta:f66f59f30a1a4190,base:recipe-version:uova-strapazzate-pane-bianco-e-frutta:f66f59f30a1a4190,"Uova strapazzate, pane bianco e frutta",False,conservato
101,Dicembre,D1,plant_rice,base:meal:101:02,Spuntino,10:30,base:recipe-version:mini-panino-bianco-con-bresaola:b48622af1e275f0f,base:recipe-version:latte-e-frutta:be9de76ab5b19d0a,Latte e frutta,True,varieta_distribuzione
101,Dicembre,D1,plant_rice,base:meal:101:03,Pranzo,13:30,base:recipe-version:risotto-delicato-con-primosale-e-cavolfiore:3f8eb30a600af6ea,base:recipe-version:salmone-nordico-con-patate-e-cavolfiore:a5af330bd4835b4d,Salmone nordico con patate e cavolfiore,True,riduzione_latticini | varieta_distribuzione
101,Dicembre,D1,plant_rice,base:meal:101:04,Spuntino,17:30,base:recipe-version:piadina-mini-con-ricotta:09c4f393f702c181,base:recipe-version:crackers-classici-con-hummus-delicato:afbb8a2d7f8a60c2,Crackers classici con hummus delicato,True,riduzione_latticini | varieta_distribuzione
101,Dicembre,D1,plant_rice,base:meal:101:05,Cena,21:00,base:recipe-version:filetto-di-maiale-con-patate-e-spinaci:0eea0c723bd3399c,base:recipe-version:v6-riso-jasmine-con-cannellini-e-cavolfiore:36eddf9e96f7366b,Riso jasmine con cannellini e cavolfiore,True,backbone_vegetale_riso
102,Dicembre,D2,pasta_animal,base:meal:102:01,Colazione,09:00,base:recipe-version:french-toast-delicato-con-frutta:933b4db38fc2b812,base:recipe-version:v6-pane-integrale-burro-di-arachidi-e-banana:7ed21ce5cd13d99d,"Pane integrale, burro di arachidi e banana",True,riduzione_uova_albume | varieta_distribuzione
102,Dicembre,D2,pasta_animal,base:meal:102:02,Pranzo,13:00,base:recipe-version:bowl-coreana-delicata-con-manzo-riso-e-carote:b1a32c25c8e098c3,base:recipe-version:v6-couscous-con-pollo-e-carote:d861a05c3d30d7fb,Couscous con pollo e carote,True,varieta_distribuzione
102,Dicembre,D2,pasta_animal,base:meal:102:03,Pasto preturno,18:30,base:recipe-version:salmone-con-polenta-e-spinaci:50caa9014a2d0b85,base:recipe-version:v6-pasta-con-tacchino-e-spinaci:77943eaf3219f1fc,Pasta con tacchino e spinaci,True,backbone_pasta
102,Dicembre,D2,pasta_animal,base:meal:102:04,Spuntino notturno,23:30,base:recipe-version:crackers-e-primosale:89b1db2790bd5aea,base:recipe-version:v6-mini-panino-con-tacchino-e-spinaci:f554c16213f54aa1,Mini panino con tacchino e spinaci,True,riduzione_latticini | varieta_distribuzione
102,Dicembre,D2,pasta_animal,base:meal:102:05,Spuntino notturno,03:30,base:recipe-version:ricotta-e-frutta:79840a612df588f9,base:recipe-version:mini-panino-con-tacchino-a-fette:898c8264b59b67d8,Mini panino con tacchino a fette,True,riduzione_latticini | varieta_distribuzione
102,Dicembre,D2,pasta_animal,base:meal:102:06,Mini-pasto pre-sonno,08:20,base:recipe-version:primosale-e-gallette-di-riso:c2e743864218b117,base:recipe-version:frutta-e-nocciole:fe52606cbcf0b0a9,Frutta e nocciole,True,riduzione_latticini | varieta_distribuzione
103,Dicembre,D3,plant_pasta,base:meal:103:01,Brunch,15:00,base:recipe-version:brunch-kofte-di-tacchino-delicati-con-riso-e-bietole:a868797ef77a836a,base:recipe-version:v6-pasta-e-lenticchie-con-carote:86363e74837643b7,Pasta e lenticchie con carote,True,backbone_vegetale_pasta
103,Dicembre,D3,plant_pasta,base:meal:103:02,Spuntino,18:30,base:recipe-version:mini-mozzarella-e-frutta:d50104179f7dd94e,base:recipe-version:v6-fette-integrali-con-burro-di-arachidi-e-confettura:72fcd8752957f6a3,Fette integrali con burro di arachidi e confettura,True,riduzione_latticini | varieta_distribuzione
103,Dicembre,D3,plant_pasta,base:meal:103:03,Cena,21:00,base:recipe-version:pollo-con-patate-e-spinaci:60e1b4880c2b8295,base:recipe-version:v6c-brunch-completo-con-pane-integrale-salmone-e-radicchio:00d65b0e082ec016,"Brunch completo con pane integrale, salmone e radicchio",True,varieta_distribuzione
104,Dicembre,D4,rice_animal,base:meal:104:01,Colazione,08:00,base:recipe-version:kefir-con-fette-classiche-e-confettura:ca779e18c3f24413,base:recipe-version:kefir-con-fette-classiche-e-confettura:ca779e18c3f24413,Kefir con fette classiche e confettura,False,conservato
104,Dicembre,D4,rice_animal,base:meal:104:02,Spuntino,11:00,base:recipe-version:piccola-porzione-di-lupini-e-frutta:1b299d173f5668ce,base:recipe-version:mini-panino-bianco-con-bresaola:7479944e46394c7c,Mini panino bianco con bresaola,True,varieta_distribuzione
104,Dicembre,D4,rice_animal,base:meal:104:03,Pranzo,13:30,base:recipe-version:piatto-caldo-con-primosale-pane-bianco-e-finocchi:9c0dcc5da2baa524,base:recipe-version:piatto-caldo-con-primosale-pane-bianco-e-finocchi:9c0dcc5da2baa524,"Piatto caldo con primosale, pane bianco e finocchi",False,conservato
104,Dicembre,D4,rice_animal,base:meal:104:04,Spuntino,17:30,base:recipe-version:frutta-e-fiocchi-di-latte-su-gallette:afe7761b46d14247,base:recipe-version:banana-e-latte:a4b16218d9a8fc6e,Banana e latte,True,riduzione_latticini | varieta_distribuzione
104,Dicembre,D4,rice_animal,base:meal:104:05,Cena,20:30,base:recipe-version:riso-teriyaki-delicato-con-tacchino-e-spinaci:7ebcf1cfe3de74f2,base:recipe-version:bowl-coreana-delicata-con-manzo-riso-e-broccoli:8f339ab02fbaac9b,"Bowl coreana delicata con manzo, riso e broccoli",True,backbone_riso
105,Dicembre,D5,other,base:meal:105:01,Colazione,08:00,base:recipe-version:fette-biscottate-con-robiola-e-miele:8f247890d0e8d841,base:recipe-version:v6-yogurt-con-avena-e-pera:deac64791fb6ff2d,Yogurt con avena e pera,True,riduzione_latticini | varieta_distribuzione
105,Dicembre,D5,other,base:meal:105:02,Spuntino,11:00,base:recipe-version:frutta-e-nocciole:793cbb29b0233305,base:recipe-version:v6-yogurt-con-frutti-di-bosco-e-nocciole:b86f2b6106ba2075,Yogurt con frutti di bosco e nocciole,True,varieta_distribuzione
105,Dicembre,D5,other,base:meal:105:03,Pranzo,13:30,base:recipe-version:bowl-libanese-delicata-con-pollo-e-carote:1fc9cf3e2182a3e9,base:recipe-version:noodles-di-riso-con-pollo-e-finocchi:2ba940cf86c249a7,Noodles di riso con pollo e finocchi,True,varieta_distribuzione
105,Dicembre,D5,other,base:meal:105:04,Spuntino,17:30,base:recipe-version:frutta-e-grana:b22d0eeea27c3fc8,base:recipe-version:yogurt-bianco-e-banana:047824242ce72a93,Yogurt bianco e banana,True,riduzione_latticini | varieta_distribuzione
105,Dicembre,D5,other,base:meal:105:05,Cena,20:30,base:recipe-version:risotto-delicato-con-tacchino-e-carote:c570d4166dc6e497,base:recipe-version:v6-polenta-con-merluzzo-e-cavolo-nero:3155bb1fe698b930,Polenta con merluzzo e cavolo nero,True,riduzione_latticini | varieta_distribuzione
106,Dicembre,D1,plant_pasta,base:meal:106:01,Colazione,06:30,base:recipe-version:mini-piadina-con-tacchino-e-robiola:82b30f81245be73d,base:recipe-version:mini-piadina-con-tacchino-e-robiola:82b30f81245be73d,Mini piadina con tacchino e robiola,False,conservato
106,Dicembre,D1,plant_pasta,base:meal:106:02,Spuntino,10:30,base:recipe-version:frutta-e-grana:b22d0eeea27c3fc8,base:recipe-version:piccola-porzione-di-lupini-e-frutta:1b299d173f5668ce,Piccola porzione di lupini e frutta,True,riduzione_latticini | varieta_distribuzione
106,Dicembre,D1,plant_pasta,base:meal:106:03,Pranzo,13:30,base:recipe-version:riso-con-crema-di-cannellini-e-bietole:4b4091a52cb4608a,base:recipe-version:v6-farro-con-tonno-e-radicchio:a2aa957d5bcb6ace,Farro con tonno e radicchio,True,riduzione_latticini | varieta_distribuzione
106,Dicembre,D1,plant_pasta,base:meal:106:04,Spuntino,17:30,base:recipe-version:mini-panino-bianco-con-bresaola:b48622af1e275f0f,base:recipe-version:frutta-e-mandorle:c54c36003b8b56a9,Frutta e mandorle,True,varieta_distribuzione
106,Dicembre,D1,plant_pasta,base:meal:106:05,Cena,21:00,base:recipe-version:kofte-di-tacchino-delicati-con-riso-e-bietole:578e4e1bfe17ab7a,base:recipe-version:v6-pasta-e-ceci-con-zucca:04b7f6a9d9589b93,Pasta e ceci con zucca,True,backbone_vegetale_pasta
107,Dicembre,D2,rice_animal,base:meal:107:01,Colazione,09:00,base:recipe-version:kefir-con-fette-classiche-e-confettura:ca779e18c3f24413,base:recipe-version:latte-corn-flakes-e-frutta:489c786e4e4694d6,"Latte, corn flakes e frutta",True,varieta_distribuzione
107,Dicembre,D2,rice_animal,base:meal:107:02,Pranzo,13:00,base:recipe-version:pasta-con-tonno-e-finocchi:60531887a657020e,base:recipe-version:sogliola-con-riso-e-lattuga:dad2da960a909df7,Sogliola con riso e lattuga,True,riduzione_latticini | backbone_riso
107,Dicembre,D2,rice_animal,base:meal:107:03,Pasto preturno,18:30,base:recipe-version:risotto-delicato-con-gamberi-e-spinaci:49b022ea9c54c14a,base:recipe-version:v6-orzo-con-tacchino-e-zucca:03634e841f0aec0c,Orzo con tacchino e zucca,True,riduzione_latticini | varieta_distribuzione
107,Dicembre,D2,rice_animal,base:meal:107:04,Spuntino notturno,23:30,base:recipe-version:banana-e-latte:a4b16218d9a8fc6e,base:recipe-version:kefir-e-frutta:47da41e20e20f205,Kefir e frutta,True,varieta_distribuzione
107,Dicembre,D2,rice_animal,base:meal:107:05,Spuntino notturno,03:30,base:recipe-version:latte-e-frutta:5810692902d5524f,base:recipe-version:kefir-e-fette-classiche:4c24043bb18dbd80,Kefir e fette classiche,True,varieta_distribuzione
107,Dicembre,D2,rice_animal,base:meal:107:06,Mini-pasto pre-sonno,08:20,base:recipe-version:crackers-e-primosale:89b1db2790bd5aea,base:recipe-version:latte-e-gallette-di-riso:0305150caf7bf7be,Latte e gallette di riso,True,riduzione_latticini | varieta_distribuzione
108,Dicembre,D3,plant_rice,base:meal:108:01,Brunch,15:00,base:recipe-version:brunch-wrap-morbido-con-pollo-primosale-e-cavolfiore:2669de684378973b,base:recipe-version:v6-riso-basmati-con-ceci-e-carote:7277f67999f4413a,Riso basmati con ceci e carote,True,riduzione_latticini | backbone_vegetale_riso
108,Dicembre,D3,plant_rice,base:meal:108:02,Spuntino,18:30,base:recipe-version:ricotta-e-frutta:79840a612df588f9,base:recipe-version:v6-crackers-integrali-con-hummus-e-carote:f06cae1e98dec421,Crackers integrali con hummus e carote,True,riduzione_latticini | varieta_distribuzione
108,Dicembre,D3,plant_rice,base:meal:108:03,Cena,21:00,base:recipe-version:curry-bianco-molto-delicato-di-pollo-e-zucca:393bc1b280608ee6,base:recipe-version:v6c-brunch-completo-con-farro-manzo-e-radicchio:0c5331d87c3f4d84,"Brunch completo con farro, manzo e radicchio",True,riduzione_uova_albume | varieta_distribuzione
109,Dicembre,D4,pasta_animal,base:meal:109:01,Colazione,08:00,base:recipe-version:pane-di-segale-robiola-e-pera:6299e74309b9fcd0,base:recipe-version:v6-yogurt-kiwi-e-noci:1f35f66ca7cb06e3,"Yogurt, kiwi e noci",True,riduzione_latticini | varieta_distribuzione
109,Dicembre,D4,pasta_animal,base:meal:109:02,Spuntino,11:00,base:recipe-version:crackers-e-ricotta:b5e12fff16ac4003,base:recipe-version:latte-e-frutta:8c4d1165cce186f8,Latte e frutta,True,riduzione_latticini | varieta_distribuzione
109,Dicembre,D4,pasta_animal,base:meal:109:03,Pranzo,13:30,base:recipe-version:manzo-magro-con-pane-bianco-e-carote:584e027f54d81f53,base:recipe-version:manzo-magro-con-pane-bianco-e-carote:584e027f54d81f53,Manzo magro con pane bianco e carote,False,conservato
109,Dicembre,D4,pasta_animal,base:meal:109:04,Spuntino,17:30,base:recipe-version:feta-cetriolo-e-crackers:6874564aabe8b391,base:recipe-version:crackers-classici-con-hummus-delicato:afbb8a2d7f8a60c2,Crackers classici con hummus delicato,True,riduzione_latticini | stagionalita | varieta_distribuzione
109,Dicembre,D4,pasta_animal,base:meal:109:05,Cena,20:30,base:recipe-version:noodles-di-riso-con-pollo-e-radicchio:175403d7d56ca630,base:recipe-version:v6-pasta-con-pollo-e-broccoli:de3fc0b129ecc413,Pasta con pollo e broccoli,True,riduzione_uova_albume | backbone_pasta
110,Dicembre,D5,plant_pasta,base:meal:110:01,Colazione,08:00,base:recipe-version:yogurt-bianco-corn-flakes-e-frutta:16e276c270d9e192,base:recipe-version:v6-kefir-con-avena-e-mela:5949e62cb01d3247,Kefir con avena e mela,True,varieta_distribuzione
110,Dicembre,D5,plant_pasta,base:meal:110:02,Spuntino,11:00,base:recipe-version:kefir-piccolo:0120716d4b11c95a,base:recipe-version:frutta-e-nocciole:793cbb29b0233305,Frutta e nocciole,True,varieta_distribuzione
110,Dicembre,D5,plant_pasta,base:meal:110:03,Pranzo,13:30,base:recipe-version:pranzo-leggero-con-merluzzo-pane-e-finocchi:560ae55501b9ed95,base:recipe-version:v6-pasta-integrale-con-lupini-e-zucca:b3901392e023e90a,Pasta integrale con lupini e zucca,True,backbone_vegetale_pasta
110,Dicembre,D5,plant_pasta,base:meal:110:04,Spuntino,17:30,base:recipe-version:gallette-di-riso-e-ricotta:9f304408a83b200d,base:recipe-version:gallette-di-riso-e-ricotta:9f304408a83b200d,Gallette di riso e ricotta,False,conservato
110,Dicembre,D5,plant_pasta,base:meal:110:05,Cena,20:30,base:recipe-version:pasto-flessibile-burger-di-tacchino-patate-al-forno-e-insalata:18cdef82a0564a94,base:recipe-version:pollo-con-patate-e-spinaci:60e1b4880c2b8295,Pollo con patate e spinaci,True,varieta_distribuzione
111,Dicembre,D1,rice_animal,base:meal:111:01,Colazione,06:30,base:recipe-version:fette-biscottate-con-robiola-e-miele:8f247890d0e8d841,base:recipe-version:budino-di-riso-casalingo-e-frutta:6cc1d24620d4f701,Budino di riso casalingo e frutta,True,riduzione_latticini | backbone_riso
111,Dicembre,D1,rice_animal,base:meal:111:02,Spuntino,10:30,base:recipe-version:frutta-e-nocciole:793cbb29b0233305,base:recipe-version:mini-panino-con-tacchino-a-fette:898c8264b59b67d8,Mini panino con tacchino a fette,True,varieta_distribuzione
111,Dicembre,D1,rice_animal,base:meal:111:03,Pranzo,13:30,base:recipe-version:frittata-morbida-con-patate-e-spinaci:c74b60520898301a,base:recipe-version:v6-patate-con-salmone-e-finocchi:5750ae4635bb4b0d,Patate con salmone e finocchi,True,riduzione_uova_albume | varieta_distribuzione
111,Dicembre,D1,rice_animal,base:meal:111:04,Spuntino,17:30,base:recipe-version:frutta-e-grana:b22d0eeea27c3fc8,base:recipe-version:v6-pane-integrale-con-hummus-e-spinaci:1ba508863e4ce1bf,Pane integrale con hummus e spinaci,True,riduzione_latticini | varieta_distribuzione
111,Dicembre,D1,rice_animal,base:meal:111:05,Cena,21:00,base:recipe-version:risotto-delicato-con-tacchino-e-carote:9d6b19ddb31328f0,base:recipe-version:riso-teriyaki-delicato-con-tacchino-e-carciofi:e4b71ccbec6fce46,Riso teriyaki delicato con tacchino e carciofi,True,riduzione_latticini | backbone_riso
112,Dicembre,D2,other,base:meal:112:01,Colazione,09:00,base:recipe-version:pane-di-segale-robiola-e-pera:6299e74309b9fcd0,base:recipe-version:pane-di-segale-robiola-e-pera:6299e74309b9fcd0,"Pane di segale, robiola e pera",False,conservato
112,Dicembre,D2,other,base:meal:112:02,Pranzo,13:00,base:recipe-version:frittata-morbida-con-patate-e-broccoli:cffce576cbf6629f,base:recipe-version:pollo-con-patate-e-carciofi:6d2eaaa952c1d950,Pollo con patate e carciofi,True,riduzione_uova_albume | varieta_distribuzione
112,Dicembre,D2,other,base:meal:112:03,Pasto preturno,18:30,base:recipe-version:pane-bianco-con-tacchino-a-fette-primosale-e-radicchio:cb496f723d77c4ba,base:recipe-version:salmone-con-polenta-e-spinaci:50caa9014a2d0b85,Salmone con polenta e spinaci,True,riduzione_latticini | varieta_distribuzione
112,Dicembre,D2,other,base:meal:112:04,Spuntino notturno,23:30,base:recipe-version:crackers-classici-con-hummus-delicato:62d7d1325ddb969b,base:recipe-version:v6-kefir-con-banana-e-pistacchi:6663fc9362c6db18,Kefir con banana e pistacchi,True,varieta_distribuzione
112,Dicembre,D2,other,base:meal:112:05,Spuntino notturno,03:30,base:recipe-version:kefir-e-fette-classiche:4c24043bb18dbd80,base:recipe-version:v6-mini-panino-con-tacchino-e-spinaci:f554c16213f54aa1,Mini panino con tacchino e spinaci,True,varieta_distribuzione
112,Dicembre,D2,other,base:meal:112:06,Mini-pasto pre-sonno,08:20,base:recipe-version:banana-e-latte:a4b16218d9a8fc6e,base:recipe-version:mini-panino-bianco-con-bresaola:7479944e46394c7c,Mini panino bianco con bresaola,True,varieta_distribuzione
113,Dicembre,D3,plant_pasta,base:meal:113:01,Brunch,15:00,base:recipe-version:brunch-bowl-libanese-delicata-con-pollo-e-carote:0d98b20f23d7e14c,base:recipe-version:v6-pasta-e-lenticchie-con-carote:86363e74837643b7,Pasta e lenticchie con carote,True,riduzione_uova_albume | backbone_vegetale_pasta
113,Dicembre,D3,plant_pasta,base:meal:113:02,Spuntino,18:30,base:recipe-version:latte-e-frutta:5810692902d5524f,base:recipe-version:v6-fette-integrali-con-burro-di-arachidi-e-confettura:72fcd8752957f6a3,Fette integrali con burro di arachidi e confettura,True,varieta_distribuzione
113,Dicembre,D3,plant_pasta,base:meal:113:03,Cena,21:00,base:recipe-version:risotto-delicato-con-primosale-e-carote:3ff932730a1bad10,base:recipe-version:v6c-brunch-completo-con-pane-integrale-salmone-e-radicchio:00d65b0e082ec016,"Brunch completo con pane integrale, salmone e radicchio",True,riduzione_uova_albume | riduzione_latticini | varieta_distribuzione
114,Dicembre,D4,rice_animal,base:meal:114:01,Colazione,08:00,base:recipe-version:omelette-alla-feta-con-pane-bianco:fc60ecc67f252138,base:recipe-version:kefir-con-fette-classiche-e-confettura:565d49687dc3de64,Kefir con fette classiche e confettura,True,riduzione_uova_albume | riduzione_latticini | varieta_distribuzione
114,Dicembre,D4,rice_animal,base:meal:114:02,Spuntino,11:00,base:recipe-version:latte-e-gallette-di-riso:0305150caf7bf7be,base:recipe-version:yogurt-bianco-e-banana:047824242ce72a93,Yogurt bianco e banana,True,varieta_distribuzione
114,Dicembre,D4,rice_animal,base:meal:114:03,Pranzo,13:30,base:recipe-version:nasello-con-pane-bianco-e-radicchio:e5aa19fc76b39721,base:recipe-version:v6-pane-integrale-con-pollo-e-zucca-arrosto:d29d09614bd2ff7b,Pane integrale con pollo e zucca arrosto,True,varieta_distribuzione
114,Dicembre,D4,rice_animal,base:meal:114:04,Spuntino,17:30,base:recipe-version:crackers-e-ricotta:b5e12fff16ac4003,base:recipe-version:crackers-e-ricotta:b5e12fff16ac4003,Crackers e ricotta,False,conservato
114,Dicembre,D4,rice_animal,base:meal:114:05,Cena,20:30,base:recipe-version:salmone-nordico-con-patate-e-broccoli:a601c6ff906564f3,base:recipe-version:coniglio-con-riso-basmati-e-finocchi:f0e99e714647d716,Coniglio con riso basmati e finocchi,True,backbone_riso
115,Dicembre,D5,plant_rice,base:meal:115:01,Colazione,08:00,base:recipe-version:pancake-di-farina-00-e-ricotta:bd48162fd8d11404,base:recipe-version:latte-corn-flakes-e-frutta:489c786e4e4694d6,"Latte, corn flakes e frutta",True,riduzione_uova_albume | riduzione_latticini | varieta_distribuzione
115,Dicembre,D5,plant_rice,base:meal:115:02,Spuntino,11:00,base:recipe-version:mozzarella-e-pomodorini:ed19c9fabc9729ed,base:recipe-version:banana-e-latte:a4b16218d9a8fc6e,Banana e latte,True,riduzione_latticini | stagionalita | varieta_distribuzione
115,Dicembre,D5,plant_rice,base:meal:115:03,Pranzo,13:30,base:recipe-version:curry-bianco-molto-delicato-di-pollo-e-zucca:be2bab570860f955,base:recipe-version:v6-riso-jasmine-con-lupini-e-carote:f7a2f448e19fedd4,Riso jasmine con lupini e carote,True,backbone_vegetale_riso
115,Dicembre,D5,plant_rice,base:meal:115:04,Spuntino,17:30,base:recipe-version:uovo-sodo-e-crackers:b92d407cf54f5e44,base:recipe-version:uovo-sodo-e-crackers:b92d407cf54f5e44,Uovo sodo e crackers,False,conservato
115,Dicembre,D5,plant_rice,base:meal:115:05,Cena,20:30,base:recipe-version:frittata-morbida-con-patate-e-radicchio:977aba5ca49ebf0d,base:recipe-version:manzo-magro-con-polenta-e-carote:c034ee16ad5033e0,Manzo magro con polenta e carote,True,riduzione_uova_albume | varieta_distribuzione
116,Dicembre,D1,pasta_animal,base:meal:116:01,Colazione,06:30,base:recipe-version:toast-bianco-con-ricotta-e-confettura:c721af28b9b8a37b,base:recipe-version:toast-bianco-con-ricotta-e-confettura:c721af28b9b8a37b,Toast bianco con ricotta e confettura,False,conservato
116,Dicembre,D1,pasta_animal,base:meal:116:02,Spuntino,10:30,base:recipe-version:uovo-sodo-e-crackers:b92d407cf54f5e44,base:recipe-version:piccola-porzione-di-lupini-e-frutta:27a1df3729d2c523,Piccola porzione di lupini e frutta,True,riduzione_uova_albume | varieta_distribuzione
116,Dicembre,D1,pasta_animal,base:meal:116:03,Pranzo,13:30,base:recipe-version:piatto-caldo-con-feta-patate-e-broccoli:dffc19efa2622b11,base:recipe-version:v6-polenta-con-merluzzo-e-cavolo-nero:3155bb1fe698b930,Polenta con merluzzo e cavolo nero,True,riduzione_uova_albume | riduzione_latticini | varieta_distribuzione
116,Dicembre,D1,pasta_animal,base:meal:116:04,Spuntino,17:30,base:recipe-version:frutta-e-nocciole:793cbb29b0233305,base:recipe-version:kefir-e-frutta:9d9d38ab49b00b02,Kefir e frutta,True,varieta_distribuzione
116,Dicembre,D1,pasta_animal,base:meal:116:05,Cena,21:00,base:recipe-version:bowl-libanese-delicata-con-pollo-e-carote:1fc9cf3e2182a3e9,base:recipe-version:v6-pasta-con-nasello-e-zucca:7bc29a7e5814c184,Pasta con nasello e zucca,True,backbone_pasta
117,Dicembre,D2,plant_pasta,base:meal:117:01,Colazione,09:00,base:recipe-version:omelette-alla-feta-con-pane-bianco:e9af1896d5db22b9,base:recipe-version:v6-yogurt-con-avena-e-pera:deac64791fb6ff2d,Yogurt con avena e pera,True,riduzione_uova_albume | riduzione_latticini | varieta_distribuzione
117,Dicembre,D2,plant_pasta,base:meal:117:02,Pranzo,13:00,base:recipe-version:wrap-morbido-con-pollo-primosale-e-cavolfiore:bcd3218b8900d878,base:recipe-version:v6-pasta-e-fave-con-carciofi:144a580e25d57ac0,Pasta e fave con carciofi,True,riduzione_latticini | backbone_vegetale_pasta
117,Dicembre,D2,plant_pasta,base:meal:117:03,Pasto preturno,18:30,base:recipe-version:frittata-morbida-con-patate-e-carote:6a2118ab1c10576c,base:recipe-version:v6-orzo-con-tacchino-e-zucca:03634e841f0aec0c,Orzo con tacchino e zucca,True,riduzione_uova_albume | varieta_distribuzione
117,Dicembre,D2,plant_pasta,base:meal:117:04,Spuntino notturno,23:30,base:recipe-version:fiocchi-di-latte-e-frutta:9e931cb1de4dc46b,base:recipe-version:latte-e-frutta:8c4d1165cce186f8,Latte e frutta,True,riduzione_latticini | varieta_distribuzione
117,Dicembre,D2,plant_pasta,base:meal:117:05,Spuntino notturno,03:30,base:recipe-version:piadina-mini-con-ricotta:09c4f393f702c181,base:recipe-version:kefir-e-fette-classiche:4c24043bb18dbd80,Kefir e fette classiche,True,riduzione_latticini | varieta_distribuzione
117,Dicembre,D2,plant_pasta,base:meal:117:06,Mini-pasto pre-sonno,08:20,base:recipe-version:frutta-e-primosale:690fe43b02c41b50,base:recipe-version:v6-yogurt-con-frutti-di-bosco-e-nocciole:b86f2b6106ba2075,Yogurt con frutti di bosco e nocciole,True,riduzione_latticini | varieta_distribuzione
118,Dicembre,D3,rice_animal,base:meal:118:01,Brunch,15:00,base:recipe-version:brunch-polpette-svedesi-leggere-con-finocchi:26766f7a5b341cea,base:recipe-version:brunch-riso-teriyaki-delicato-con-tacchino-e-carciofi:dd1df9125ddfa6b3,Brunch: Riso teriyaki delicato con tacchino e carciofi,True,riduzione_uova_albume | backbone_riso
118,Dicembre,D3,rice_animal,base:meal:118:02,Spuntino,18:30,base:recipe-version:kefir-e-fette-classiche:4c24043bb18dbd80,base:recipe-version:v6-crackers-integrali-con-hummus-e-carote:f06cae1e98dec421,Crackers integrali con hummus e carote,True,varieta_distribuzione
118,Dicembre,D3,rice_animal,base:meal:118:03,Cena,21:00,base:recipe-version:bowl-coreana-delicata-con-manzo-riso-e-carote:d1b595b5e437cfbd,base:recipe-version:v6c-brunch-completo-con-patate-manzo-e-cavolfiore:f06e5927f70f22c5,"Brunch completo con patate, manzo e cavolfiore",True,riduzione_uova_albume | varieta_distribuzione
119,Dicembre,D4,other,base:meal:119:01,Colazione,08:00,base:recipe-version:toast-francese-con-primosale-e-pomodoro:9f1fd6bc06fbe19c,base:recipe-version:semolino-al-latte-con-frutta:684b6cb4fac1d9a6,Semolino al latte con frutta,True,riduzione_latticini | stagionalita | varieta_distribuzione
119,Dicembre,D4,other,base:meal:119:02,Spuntino,11:00,base:recipe-version:primosale-e-gallette-di-riso:c2e743864218b117,base:recipe-version:primosale-e-gallette-di-riso:c2e743864218b117,Primosale e gallette di riso,False,conservato
119,Dicembre,D4,other,base:meal:119:03,Pranzo,13:30,base:recipe-version:risotto-delicato-con-gamberi-e-radicchio:0c963a38ab00f4fe,base:recipe-version:pranzo-leggero-con-merluzzo-pane-e-spinaci:70170d62e5c2f053,"Pranzo leggero con merluzzo, pane e spinaci",True,riduzione_latticini | varieta_distribuzione
119,Dicembre,D4,other,base:meal:119:04,Spuntino,17:30,base:recipe-version:latte-e-gallette-di-riso:0305150caf7bf7be,base:recipe-version:crackers-classici-con-hummus-delicato:336656d51106c925,Crackers classici con hummus delicato,True,varieta_distribuzione
119,Dicembre,D4,other,base:meal:119:05,Cena,20:30,base:recipe-version:burger-di-tacchino-con-pane-e-zucca-al-forno:0c63b84aa327cae0,base:recipe-version:v6-couscous-con-gamberi-e-broccoli:cacc7a666bf66029,Couscous con gamberi e broccoli,True,riduzione_latticini | varieta_distribuzione
120,Dicembre,D5,plant_pasta,base:meal:120:01,Colazione,08:00,base:recipe-version:toast-leggero-con-ricotta-e-frutta:01ec808040d53a6a,base:recipe-version:yogurt-bianco-corn-flakes-e-frutta:bfd6dccd07b87561,"Yogurt bianco, corn flakes e frutta",True,riduzione_latticini | varieta_distribuzione
120,Dicembre,D5,plant_pasta,base:meal:120:02,Spuntino,11:00,base:recipe-version:kefir-piccolo:0120716d4b11c95a,base:recipe-version:kefir-piccolo:0120716d4b11c95a,Kefir piccolo,False,conservato
120,Dicembre,D5,plant_pasta,base:meal:120:03,Pranzo,13:30,base:recipe-version:pranzo-leggero-con-pollo-riso-e-cavolfiore:49e323aa10f63151,base:recipe-version:v6-pasta-e-piselli-con-porro:4688d88f642de1ef,Pasta e piselli con porro,True,riduzione_uova_albume | backbone_vegetale_pasta
120,Dicembre,D5,plant_pasta,base:meal:120:04,Spuntino,17:30,base:recipe-version:gallette-di-riso-e-ricotta:9f304408a83b200d,base:recipe-version:frutta-e-mandorle:f4946c3f96529e3f,Frutta e mandorle,True,riduzione_latticini | varieta_distribuzione
120,Dicembre,D5,plant_pasta,base:meal:120:05,Cena,20:30,base:recipe-version:pasto-flessibile-tortilla-spagnola-e-pane:7a09622330c0f25c,base:recipe-version:pollo-con-patate-e-spinaci:60e1b4880c2b8295,Pollo con patate e spinaci,True,varieta_distribuzione
121,Gennaio,D1,rice_animal,base:meal:121:01,Colazione,06:30,base:recipe-version:toast-con-prosciutto-cotto-e-mozzarella:650bae86e9bfda69,base:recipe-version:toast-con-prosciutto-cotto-e-mozzarella:650bae86e9bfda69,Toast con prosciutto cotto e mozzarella,False,conservato
121,Gennaio,D1,rice_animal,base:meal:121:02,Spuntino,10:30,base:recipe-version:frutta-e-fiocchi-di-latte-su-gallette:bafeb21a29f7b2a0,base:recipe-version:v6-pane-integrale-con-hummus-e-spinaci:1ba508863e4ce1bf,Pane integrale con hummus e spinaci,True,riduzione_latticini | varieta_distribuzione
121,Gennaio,D1,rice_animal,base:meal:121:03,Pranzo,13:30,base:recipe-version:riso-con-crema-di-borlotti-e-sedano-rapa:2da40a245a71862b,base:recipe-version:riso-teriyaki-delicato-con-tacchino-e-carciofi:c60447a224c2e3c9,Riso teriyaki delicato con tacchino e carciofi,True,riduzione_uova_albume | riduzione_latticini | backbone_riso
121,Gennaio,D1,rice_animal,base:meal:121:04,Spuntino,17:30,base:recipe-version:pane-bianco-e-uovo-sodo:cc72ed269e031a57,base:recipe-version:mini-panino-bianco-con-bresaola:7479944e46394c7c,Mini panino bianco con bresaola,True,riduzione_uova_albume | varieta_distribuzione
121,Gennaio,D1,rice_animal,base:meal:121:05,Cena,21:00,base:recipe-version:frittata-morbida-con-patate-e-carote:f181451b2f056569,base:recipe-version:noodles-di-riso-con-pollo-e-finocchi:2ba940cf86c249a7,Noodles di riso con pollo e finocchi,True,riduzione_uova_albume | varieta_distribuzione
122,Gennaio,D2,plant_rice,base:meal:122:01,Colazione,09:00,base:recipe-version:semolino-al-latte-con-frutta:684b6cb4fac1d9a6,base:recipe-version:budino-di-riso-casalingo-e-frutta:6cc1d24620d4f701,Budino di riso casalingo e frutta,True,varieta_distribuzione
122,Gennaio,D2,plant_rice,base:meal:122:02,Pranzo,13:00,base:recipe-version:filetto-di-maiale-con-pane-bianco-e-broccoli:085065b02b42a0c9,base:recipe-version:v6-riso-jasmine-con-ceci-e-zucca:7c93685bbfc7f317,Riso jasmine con ceci e zucca,True,backbone_vegetale_riso
122,Gennaio,D2,plant_rice,base:meal:122:03,Pasto preturno,18:30,base:recipe-version:pane-bianco-con-tacchino-a-fette-mozzarella-e-broccoli:7cad5061b1af657c,base:recipe-version:filetto-di-maiale-con-polenta-e-sedano-rapa:b34379c49eaacc97,Filetto di maiale con polenta e sedano rapa,True,riduzione_latticini | varieta_distribuzione
122,Gennaio,D2,plant_rice,base:meal:122:04,Spuntino notturno,23:30,base:recipe-version:mini-panino-bianco-con-bresaola:b48622af1e275f0f,base:recipe-version:frutta-e-nocciole:971bc3435c9f8b39,Frutta e nocciole,True,varieta_distribuzione
122,Gennaio,D2,plant_rice,base:meal:122:05,Spuntino notturno,03:30,base:recipe-version:fiocchi-di-latte-e-frutta:835c9d8822c9080c,base:recipe-version:yogurt-bianco-e-banana:047824242ce72a93,Yogurt bianco e banana,True,riduzione_latticini | varieta_distribuzione
122,Gennaio,D2,plant_rice,base:meal:122:06,Mini-pasto pre-sonno,08:20,base:recipe-version:piadina-mini-con-ricotta:09c4f393f702c181,base:recipe-version:latte-e-gallette-di-riso:0305150caf7bf7be,Latte e gallette di riso,True,riduzione_latticini | varieta_distribuzione
123,Gennaio,D3,pasta_animal,base:meal:123:01,Brunch,15:00,base:recipe-version:brunch-riso-teriyaki-delicato-con-tacchino-e-carciofi:dd1df9125ddfa6b3,base:recipe-version:v6c-brunch-completo-con-farro-manzo-e-radicchio:0c5331d87c3f4d84,"Brunch completo con farro, manzo e radicchio",True,varieta_distribuzione
123,Gennaio,D3,pasta_animal,base:meal:123:02,Spuntino,18:30,base:recipe-version:frutta-e-primosale:f07fbb430fe21152,base:recipe-version:v6-gallette-di-riso-con-burro-di-arachidi-e-banana:0662b0d58a819f7a,Gallette di riso con burro di arachidi e banana,True,riduzione_latticini | varieta_distribuzione
123,Gennaio,D3,pasta_animal,base:meal:123:03,Cena,21:00,base:recipe-version:tortino-al-forno-di-uova-patate-e-carote:485d4b591a7a77e5,base:recipe-version:v6-pasta-con-salmone-e-porro:5793a4d6fe797246,Pasta con salmone e porro,True,riduzione_uova_albume | backbone_pasta
124,Gennaio,D4,plant_pasta,base:meal:124:01,Colazione,08:00,base:recipe-version:yogurt-bianco-corn-flakes-e-banana:6ba3d2479e91774a,base:recipe-version:yogurt-bianco-corn-flakes-e-banana:6ba3d2479e91774a,"Yogurt bianco, corn flakes e banana",False,conservato
124,Gennaio,D4,plant_pasta,base:meal:124:02,Spuntino,11:00,base:recipe-version:ricotta-e-frutta:e975774931e472a9,base:recipe-version:ricotta-e-frutta:e975774931e472a9,Ricotta e frutta,False,conservato
124,Gennaio,D4,plant_pasta,base:meal:124:03,Pranzo,13:30,base:recipe-version:pasta-integrale-con-tonno-e-carote:52ddcc5f5c887c89,base:recipe-version:v6-pasta-e-ceci-con-finocchi:cfa75b0312798ee1,Pasta e ceci con finocchi,True,riduzione_latticini | backbone_vegetale_pasta
124,Gennaio,D4,plant_pasta,base:meal:124:04,Spuntino,17:30,base:recipe-version:mini-mozzarella-e-frutta:a03f0d2b85fcd141,base:recipe-version:v6-mini-panino-con-bresaola-e-carote:f4a50d7eba0d1cff,Mini panino con bresaola e carote,True,riduzione_latticini | varieta_distribuzione
124,Gennaio,D4,plant_pasta,base:meal:124:05,Cena,20:30,base:recipe-version:polpette-svedesi-leggere-con-finocchi:d07cce2ce10dceb3,base:recipe-version:v6-couscous-con-pollo-e-carote:d861a05c3d30d7fb,Couscous con pollo e carote,True,riduzione_uova_albume | varieta_distribuzione
125,Gennaio,D5,rice_animal,base:meal:125:01,Colazione,08:00,base:recipe-version:pane-bianco-con-mozzarella-e-pomodoro:e30e587bd290256d,base:recipe-version:kefir-con-fette-classiche-e-confettura:565d49687dc3de64,Kefir con fette classiche e confettura,True,riduzione_latticini | stagionalita | varieta_distribuzione
125,Gennaio,D5,rice_animal,base:meal:125:02,Spuntino,11:00,base:recipe-version:crackers-e-ricotta:b5e12fff16ac4003,base:recipe-version:kefir-e-frutta:5d2d12ec2da1027a,Kefir e frutta,True,riduzione_latticini | varieta_distribuzione
125,Gennaio,D5,rice_animal,base:meal:125:03,Pranzo,13:30,base:recipe-version:salmone-nordico-con-patate-e-cavolfiore:3f265b82ad2b2dec,base:recipe-version:salmone-nordico-con-patate-e-cavolfiore:3f265b82ad2b2dec,Salmone nordico con patate e cavolfiore,False,conservato
125,Gennaio,D5,rice_animal,base:meal:125:04,Spuntino,17:30,base:recipe-version:feta-cetriolo-e-crackers:6874564aabe8b391,base:recipe-version:piccola-porzione-di-lupini-e-frutta:27a1df3729d2c523,Piccola porzione di lupini e frutta,True,riduzione_latticini | stagionalita | varieta_distribuzione
125,Gennaio,D5,rice_animal,base:meal:125:05,Cena,20:30,base:recipe-version:tacchino-con-riso-basmati-e-bietole:1209f4be8f816255,base:recipe-version:coniglio-con-riso-basmati-e-bietole:ec8c162e6190703b,Coniglio con riso basmati e bietole,True,backbone_riso
126,Gennaio,D1,other,base:meal:126:01,Colazione,06:30,base:recipe-version:porridge-piccolo-con-frutta-cotta:1538450e6584f491,base:recipe-version:latte-corn-flakes-e-frutta:cf62f1c1f1381a34,"Latte, corn flakes e frutta",True,varieta_distribuzione
126,Gennaio,D1,other,base:meal:126:02,Spuntino,10:30,base:recipe-version:feta-cetriolo-e-crackers:6874564aabe8b391,base:recipe-version:latte-e-frutta:52f50bbedb3cc959,Latte e frutta,True,riduzione_latticini | stagionalita | varieta_distribuzione
126,Gennaio,D1,other,base:meal:126:03,Pranzo,13:30,base:recipe-version:sogliola-con-riso-e-sedano-rapa:217b6da137397614,base:recipe-version:orata-con-patate-e-carote:d0dd38aec06eb42b,Orata con patate e carote,True,varieta_distribuzione
126,Gennaio,D1,other,base:meal:126:04,Spuntino,17:30,base:recipe-version:crackers-classici-con-hummus-delicato:6ff9c9079046b69c,base:recipe-version:v6-mini-panino-con-tacchino-e-spinaci:f554c16213f54aa1,Mini panino con tacchino e spinaci,True,varieta_distribuzione
126,Gennaio,D1,other,base:meal:126:05,Cena,21:00,base:recipe-version:riso-teriyaki-delicato-con-tacchino-e-carciofi:750ad5a8af8f7fdf,base:recipe-version:manzo-magro-con-polenta-e-carote:c034ee16ad5033e0,Manzo magro con polenta e carote,True,varieta_distribuzione
127,Gennaio,D2,plant_pasta,base:meal:127:01,Colazione,09:00,base:recipe-version:yogurt-bianco-corn-flakes-e-banana:6ba3d2479e91774a,base:recipe-version:v6-pane-di-segale-burro-di-arachidi-e-pera:949d5ac5223fb3e8,"Pane di segale, burro di arachidi e pera",True,varieta_distribuzione
127,Gennaio,D2,plant_pasta,base:meal:127:02,Pranzo,13:00,base:recipe-version:nasello-con-pane-bianco-e-spinaci:107aea51ceccbf4b,base:recipe-version:v6-pasta-e-cannellini-con-cavolfiore:55e427835555bad5,Pasta e cannellini con cavolfiore,True,backbone_vegetale_pasta
127,Gennaio,D2,plant_pasta,base:meal:127:03,Pasto preturno,18:30,base:recipe-version:filetto-di-maiale-con-polenta-e-sedano-rapa:b34379c49eaacc97,base:recipe-version:v6-farro-con-tonno-e-radicchio:a2aa957d5bcb6ace,Farro con tonno e radicchio,True,varieta_distribuzione
127,Gennaio,D2,plant_pasta,base:meal:127:04,Spuntino notturno,23:30,base:recipe-version:frutta-e-grana:b8a57004e77f9cca,base:recipe-version:frutta-e-grana:b8a57004e77f9cca,Frutta e Grana,False,conservato
127,Gennaio,D2,plant_pasta,base:meal:127:05,Spuntino notturno,03:30,base:recipe-version:kefir-e-frutta:683adf11bb4e919e,base:recipe-version:mini-panino-con-tacchino-a-fette:898c8264b59b67d8,Mini panino con tacchino a fette,True,varieta_distribuzione
127,Gennaio,D2,plant_pasta,base:meal:127:06,Mini-pasto pre-sonno,08:20,base:recipe-version:mini-panino-bianco-con-bresaola:b48622af1e275f0f,base:recipe-version:v6-kefir-con-banana-e-pistacchi:6663fc9362c6db18,Kefir con banana e pistacchi,True,varieta_distribuzione
128,Gennaio,D3,rice_animal,base:meal:128:01,Brunch,15:00,base:recipe-version:brunch-noodles-di-riso-con-pollo-e-spinaci:57996d4ba22fbbda,base:recipe-version:brunch-riso-teriyaki-delicato-con-tacchino-e-carciofi:dd1df9125ddfa6b3,Brunch: Riso teriyaki delicato con tacchino e carciofi,True,backbone_riso
128,Gennaio,D3,rice_animal,base:meal:128:02,Spuntino,18:30,base:recipe-version:fiocchi-di-latte-e-frutta:706857739cb5f5e7,base:recipe-version:v6-yogurt-con-frutti-di-bosco-e-nocciole:b86f2b6106ba2075,Yogurt con frutti di bosco e nocciole,True,riduzione_latticini | varieta_distribuzione
128,Gennaio,D3,rice_animal,base:meal:128:03,Cena,21:00,base:recipe-version:croque-monsieur-leggero-con-cotto-mozzarella-e-carciofi:9e903e082139d116,base:recipe-version:v6c-brunch-completo-con-polenta-manzo-e-broccoli:de9b2e35908b5a3c,"Brunch completo con polenta, manzo e broccoli",True,riduzione_uova_albume | riduzione_latticini | varieta_distribuzione
129,Gennaio,D4,plant_rice,base:meal:129:01,Colazione,08:00,base:recipe-version:uova-strapazzate-pane-bianco-e-frutta:6638580855d72107,base:recipe-version:uova-strapazzate-pane-bianco-e-frutta:6638580855d72107,"Uova strapazzate, pane bianco e frutta",False,conservato
129,Gennaio,D4,plant_rice,base:meal:129:02,Spuntino,11:00,base:recipe-version:latte-e-frutta:52f50bbedb3cc959,base:recipe-version:banana-e-latte:a4b16218d9a8fc6e,Banana e latte,True,varieta_distribuzione
129,Gennaio,D4,plant_rice,base:meal:129:03,Pranzo,13:30,base:recipe-version:frittata-morbida-con-patate-e-sedano-rapa:4aa7d17e29e85953,base:recipe-version:v6-patate-con-salmone-e-finocchi:5750ae4635bb4b0d,Patate con salmone e finocchi,True,riduzione_uova_albume | varieta_distribuzione
129,Gennaio,D4,plant_rice,base:meal:129:04,Spuntino,17:30,base:recipe-version:ricotta-e-frutta:b5453d1fd509a598,base:recipe-version:crackers-classici-con-hummus-delicato:afbb8a2d7f8a60c2,Crackers classici con hummus delicato,True,riduzione_latticini | varieta_distribuzione
129,Gennaio,D4,plant_rice,base:meal:129:05,Cena,20:30,base:recipe-version:curry-bianco-molto-delicato-di-pollo-e-zucca:8fa930e9e54b7ea8,base:recipe-version:v6-riso-basmati-con-piselli-e-zucca:75aaa80296aeb6f9,Riso basmati con piselli e zucca,True,backbone_vegetale_riso
130,Gennaio,D5,pasta_animal,base:meal:130:01,Colazione,08:00,base:recipe-version:toast-leggero-con-ricotta-e-frutta:c76c7ddc707e77c8,base:recipe-version:v6-fette-integrali-con-burro-di-arachidi-e-confettura:72fcd8752957f6a3,Fette integrali con burro di arachidi e confettura,True,riduzione_latticini | varieta_distribuzione
130,Gennaio,D5,pasta_animal,base:meal:130:02,Spuntino,11:00,base:recipe-version:frutta-in-porzione-piccola:08e3edbd66951d58,base:recipe-version:kefir-e-fette-classiche:4c24043bb18dbd80,Kefir e fette classiche,True,varieta_distribuzione
130,Gennaio,D5,pasta_animal,base:meal:130:03,Pranzo,13:30,base:recipe-version:pranzo-leggero-con-pollo-patate-e-sedano-rapa:0b95dcb91da7b419,base:recipe-version:v6-pasta-con-nasello-e-zucca:7bc29a7e5814c184,Pasta con nasello e zucca,True,riduzione_uova_albume | backbone_pasta
130,Gennaio,D5,pasta_animal,base:meal:130:04,Spuntino,17:30,base:recipe-version:latte-piccolo:af0c44c699cd8ae3,base:recipe-version:latte-piccolo:af0c44c699cd8ae3,Latte piccolo,False,conservato
130,Gennaio,D5,pasta_animal,base:meal:130:05,Cena,20:30,base:recipe-version:pasto-flessibile-riso-cantonese-delicato-con-pollo-e-uovo:c4af8b3db18baf92,base:recipe-version:v6c-brunch-completo-con-couscous-tacchino-e-spinaci:a20df9da2d65c783,"Brunch completo con couscous, tacchino e spinaci",True,varieta_distribuzione
131,Gennaio,D1,plant_pasta,base:meal:131:01,Colazione,06:30,base:recipe-version:pane-bianco-con-mozzarella-e-pomodoro:5781c3819a694901,base:recipe-version:v6-pane-integrale-burro-di-arachidi-e-banana:7ed21ce5cd13d99d,"Pane integrale, burro di arachidi e banana",True,riduzione_latticini | stagionalita | varieta_distribuzione
131,Gennaio,D1,plant_pasta,base:meal:131:02,Spuntino,10:30,base:recipe-version:crackers-e-ricotta:b5e12fff16ac4003,base:recipe-version:crackers-e-ricotta:b5e12fff16ac4003,Crackers e ricotta,False,conservato
131,Gennaio,D1,plant_pasta,base:meal:131:03,Pranzo,13:30,base:recipe-version:risotto-delicato-con-funghi-e-sedano-rapa:dfe52745bbdb8b1a,base:recipe-version:v6-pasta-e-borlotti-con-verza:9dcbb7155f5bf733,Pasta e borlotti con verza,True,riduzione_uova_albume | riduzione_latticini | stagionalita | backbone_vegetale_pasta
131,Gennaio,D1,plant_pasta,base:meal:131:04,Spuntino,17:30,base:recipe-version:feta-cetriolo-e-crackers:6874564aabe8b391,base:recipe-version:v6-pane-integrale-con-hummus-e-spinaci:1ba508863e4ce1bf,Pane integrale con hummus e spinaci,True,riduzione_latticini | stagionalita | varieta_distribuzione
131,Gennaio,D1,plant_pasta,base:meal:131:05,Cena,21:00,base:recipe-version:coniglio-con-riso-basmati-e-bietole:ec8c162e6190703b,base:recipe-version:filetto-di-maiale-con-polenta-e-carote:49866ab66aa3e8ee,Filetto di maiale con polenta e carote,True,varieta_distribuzione
132,Gennaio,D2,rice_animal,base:meal:132:01,Colazione,09:00,base:recipe-version:uova-strapazzate-pane-bianco-e-frutta:e6f53c3cac84cfbc,base:recipe-version:v6-yogurt-con-avena-e-mela:1bc3c9dc04beea24,Yogurt con avena e mela,True,riduzione_uova_albume | varieta_distribuzione
132,Gennaio,D2,rice_animal,base:meal:132:02,Pranzo,13:00,base:recipe-version:riso-teriyaki-delicato-con-tacchino-e-carciofi:c60447a224c2e3c9,base:recipe-version:coniglio-con-riso-basmati-e-finocchi:de5a0b4b500d43f8,Coniglio con riso basmati e finocchi,True,backbone_riso
132,Gennaio,D2,rice_animal,base:meal:132:03,Pasto preturno,18:30,base:recipe-version:merluzzo-con-patate-e-bietole:d178944750ee4438,base:recipe-version:merluzzo-con-patate-e-bietole:d178944750ee4438,Merluzzo con patate e bietole,False,conservato
132,Gennaio,D2,rice_animal,base:meal:132:04,Spuntino notturno,23:30,base:recipe-version:frutta-e-nocciole:62c8e8712f5c0200,base:recipe-version:mini-mozzarella-e-frutta:a03f0d2b85fcd141,Mini mozzarella e frutta,True,varieta_distribuzione
132,Gennaio,D2,rice_animal,base:meal:132:05,Spuntino notturno,03:30,base:recipe-version:yogurt-bianco-e-banana:047824242ce72a93,base:recipe-version:yogurt-bianco-e-banana:047824242ce72a93,Yogurt bianco e banana,False,conservato
132,Gennaio,D2,rice_animal,base:meal:132:06,Mini-pasto pre-sonno,08:20,base:recipe-version:frutta-e-grana:19afe46eb173843c,base:recipe-version:frutta-e-mandorle:c54c36003b8b56a9,Frutta e mandorle,True,riduzione_latticini | varieta_distribuzione
133,Gennaio,D3,other,base:meal:133:01,Brunch,15:00,base:recipe-version:brunch-salmone-nordico-con-patate-e-cavolfiore:231333569dcf995f,base:recipe-version:brunch-salmone-nordico-con-patate-e-cavolfiore:231333569dcf995f,Brunch: Salmone nordico con patate e cavolfiore,False,conservato
133,Gennaio,D3,other,base:meal:133:02,Spuntino,18:30,base:recipe-version:kefir-e-frutta:47da41e20e20f205,base:recipe-version:kefir-e-frutta:47da41e20e20f205,Kefir e frutta,False,conservato
133,Gennaio,D3,other,base:meal:133:03,Cena,21:00,base:recipe-version:tacchino-con-riso-basmati-e-bietole:0df19eb374359662,base:recipe-version:tacchino-con-riso-basmati-e-bietole:0df19eb374359662,Tacchino con riso basmati e bietole,False,conservato
134,Gennaio,D4,plant_pasta,base:meal:134:01,Colazione,08:00,base:recipe-version:mini-piadina-con-tacchino-e-robiola:84945f17e68be9e8,base:recipe-version:mini-piadina-con-tacchino-e-robiola:84945f17e68be9e8,Mini piadina con tacchino e robiola,False,conservato
134,Gennaio,D4,plant_pasta,base:meal:134:02,Spuntino,11:00,base:recipe-version:piccola-porzione-di-lupini-e-frutta:c20727b103b43b47,base:recipe-version:piccola-porzione-di-lupini-e-frutta:c20727b103b43b47,Piccola porzione di lupini e frutta,False,conservato
134,Gennaio,D4,plant_pasta,base:meal:134:03,Pranzo,13:30,base:recipe-version:piatto-caldo-con-feta-polenta-e-spinaci:3c5c5487d0aa86fd,base:recipe-version:v6-pasta-e-fave-con-carciofi:144a580e25d57ac0,Pasta e fave con carciofi,True,riduzione_latticini | backbone_vegetale_pasta
134,Gennaio,D4,plant_pasta,base:meal:134:04,Spuntino,17:30,base:recipe-version:latte-e-frutta:8c4d1165cce186f8,base:recipe-version:latte-e-frutta:8c4d1165cce186f8,Latte e frutta,False,conservato
134,Gennaio,D4,plant_pasta,base:meal:134:05,Cena,20:30,base:recipe-version:jacket-potato-con-tonno-primosale-e-bietole:52e537bd8acf2f0b,base:recipe-version:v6-polenta-con-merluzzo-e-cavolo-nero:3155bb1fe698b930,Polenta con merluzzo e cavolo nero,True,riduzione_latticini | varieta_distribuzione
135,Gennaio,D5,rice_animal,base:meal:135:01,Colazione,08:00,base:recipe-version:kefir-con-fette-classiche-e-confettura:0a94b5180d6811b4,base:recipe-version:kefir-con-fette-classiche-e-confettura:0a94b5180d6811b4,Kefir con fette classiche e confettura,False,conservato
135,Gennaio,D5,rice_animal,base:meal:135:02,Spuntino,11:00,base:recipe-version:primosale-e-gallette-di-riso:c2e743864218b117,base:recipe-version:v6-mini-panino-con-bresaola-e-carote:f4a50d7eba0d1cff,Mini panino con bresaola e carote,True,riduzione_latticini | varieta_distribuzione
135,Gennaio,D5,rice_animal,base:meal:135:03,Pranzo,13:30,base:recipe-version:croque-monsieur-leggero-con-cotto-mozzarella-e-carciofi:41c950342124a6d3,base:recipe-version:filetto-di-maiale-con-polenta-e-zucca:173114f52e739b82,Filetto di maiale con polenta e zucca,True,riduzione_latticini | varieta_distribuzione
135,Gennaio,D5,rice_animal,base:meal:135:04,Spuntino,17:30,base:recipe-version:latte-e-gallette-di-riso:0305150caf7bf7be,base:recipe-version:latte-e-gallette-di-riso:0305150caf7bf7be,Latte e gallette di riso,False,conservato
135,Gennaio,D5,rice_animal,base:meal:135:05,Cena,20:30,base:recipe-version:risotto-delicato-con-salmone-e-carciofi:8c4fab888f0ce3fa,base:recipe-version:riso-teriyaki-delicato-con-tacchino-e-carciofi:e4b71ccbec6fce46,Riso teriyaki delicato con tacchino e carciofi,True,riduzione_latticini | backbone_riso
136,Gennaio,D1,plant_rice,base:meal:136:01,Colazione,06:30,base:recipe-version:french-toast-delicato-con-frutta:ebc8ff9f4934fbbe,base:recipe-version:porridge-piccolo-con-frutta-cotta:46147f8fc54780e5,Porridge piccolo con frutta cotta,True,riduzione_uova_albume | varieta_distribuzione
136,Gennaio,D1,plant_rice,base:meal:136:02,Spuntino,10:30,base:recipe-version:latte-e-gallette-di-riso:0305150caf7bf7be,base:recipe-version:v6-crackers-integrali-con-hummus-e-carote:f06cae1e98dec421,Crackers integrali con hummus e carote,True,varieta_distribuzione
136,Gennaio,D1,plant_rice,base:meal:136:03,Pranzo,13:30,base:recipe-version:riso-con-crema-di-ceci-e-cavolfiore:6eb574cb284712ea,base:recipe-version:v6-riso-jasmine-con-ceci-e-zucca:7c93685bbfc7f317,Riso jasmine con ceci e zucca,True,riduzione_uova_albume | riduzione_latticini | backbone_vegetale_riso
136,Gennaio,D1,plant_rice,base:meal:136:04,Spuntino,17:30,base:recipe-version:crackers-e-ricotta:b5e12fff16ac4003,base:recipe-version:frutta-in-porzione-piccola:08e3edbd66951d58,Frutta in porzione piccola,True,riduzione_latticini | varieta_distribuzione
136,Gennaio,D1,plant_rice,base:meal:136:05,Cena,21:00,base:recipe-version:salmone-nordico-con-patate-e-cavolfiore:a5af330bd4835b4d,base:recipe-version:salmone-nordico-con-patate-e-cavolfiore:a5af330bd4835b4d,Salmone nordico con patate e cavolfiore,False,conservato
137,Gennaio,D2,pasta_animal,base:meal:137:01,Colazione,09:00,base:recipe-version:mini-piadina-con-tacchino-e-robiola:56c4ffbd2213f20d,base:recipe-version:semolino-al-latte-con-frutta:684b6cb4fac1d9a6,Semolino al latte con frutta,True,riduzione_latticini | varieta_distribuzione
137,Gennaio,D2,pasta_animal,base:meal:137:02,Pranzo,13:00,base:recipe-version:pasta-con-gamberi-e-spinaci:b49373180d3164d9,base:recipe-version:branzino-con-polenta-e-finocchi:d61134f849a13e58,Branzino con polenta e finocchi,True,riduzione_latticini | varieta_distribuzione
137,Gennaio,D2,pasta_animal,base:meal:137:03,Pasto preturno,18:30,base:recipe-version:risotto-delicato-con-tacchino-e-bietole:c1a2c5a25d9f67f8,base:recipe-version:v6-pasta-con-pollo-e-radicchio:9033e2196f9502d9,Pasta con pollo e radicchio,True,riduzione_latticini | backbone_pasta
137,Gennaio,D2,pasta_animal,base:meal:137:04,Spuntino notturno,23:30,base:recipe-version:uovo-sodo-e-crackers:b92d407cf54f5e44,base:recipe-version:uovo-sodo-e-crackers:b92d407cf54f5e44,Uovo sodo e crackers,False,conservato
137,Gennaio,D2,pasta_animal,base:meal:137:05,Spuntino notturno,03:30,base:recipe-version:pane-bianco-e-uovo-sodo:cc72ed269e031a57,base:recipe-version:crackers-classici-con-hummus-delicato:27b122baaf5f3d79,Crackers classici con hummus delicato,True,riduzione_uova_albume | varieta_distribuzione
137,Gennaio,D2,pasta_animal,base:meal:137:06,Mini-pasto pre-sonno,08:20,base:recipe-version:frutta-e-nocciole:ca5c53aaebcf9575,base:recipe-version:mini-panino-bianco-con-bresaola:7479944e46394c7c,Mini panino bianco con bresaola,True,varieta_distribuzione
138,Gennaio,D3,plant_pasta,base:meal:138:01,Brunch,15:00,base:recipe-version:brunch-burger-di-tacchino-con-pane-e-zucca-al-forno:c375035a445652fc,base:recipe-version:v6-pasta-e-lenticchie-con-carote:86363e74837643b7,Pasta e lenticchie con carote,True,riduzione_latticini | backbone_vegetale_pasta
138,Gennaio,D3,plant_pasta,base:meal:138:02,Spuntino,18:30,base:recipe-version:yogurt-bianco-e-banana:047824242ce72a93,base:recipe-version:v6-fette-integrali-con-burro-di-arachidi-e-confettura:72fcd8752957f6a3,Fette integrali con burro di arachidi e confettura,True,varieta_distribuzione
138,Gennaio,D3,plant_pasta,base:meal:138:03,Cena,21:00,base:recipe-version:tortilla-spagnola-leggera-con-zucchine:a462a4a125100c48,base:recipe-version:pollo-con-patate-e-spinaci:60e1b4880c2b8295,Pollo con patate e spinaci,True,riduzione_uova_albume | stagionalita | varieta_distribuzione
139,Gennaio,D4,rice_animal,base:meal:139:01,Colazione,08:00,base:recipe-version:fette-biscottate-con-robiola-e-miele:75f139bf87c19722,base:recipe-version:yogurt-bianco-corn-flakes-e-banana:6ba3d2479e91774a,"Yogurt bianco, corn flakes e banana",True,riduzione_latticini | varieta_distribuzione
139,Gennaio,D4,rice_animal,base:meal:139:02,Spuntino,11:00,base:recipe-version:piadina-mini-con-ricotta:09c4f393f702c181,base:recipe-version:piadina-mini-con-ricotta:09c4f393f702c181,Piadina mini con ricotta,False,conservato
139,Gennaio,D4,rice_animal,base:meal:139:03,Pranzo,13:30,base:recipe-version:pollo-con-patate-e-carciofi:6d2eaaa952c1d950,base:recipe-version:pollo-con-patate-e-carciofi:6d2eaaa952c1d950,Pollo con patate e carciofi,False,conservato
139,Gennaio,D4,rice_animal,base:meal:139:04,Spuntino,17:30,base:recipe-version:kefir-e-fette-classiche:4c24043bb18dbd80,base:recipe-version:v6-kefir-con-banana-e-pistacchi:6663fc9362c6db18,Kefir con banana e pistacchi,True,varieta_distribuzione
139,Gennaio,D4,rice_animal,base:meal:139:05,Cena,20:30,base:recipe-version:bowl-coreana-delicata-con-manzo-riso-e-broccoli:8f339ab02fbaac9b,base:recipe-version:bowl-coreana-delicata-con-manzo-riso-e-broccoli:8f339ab02fbaac9b,"Bowl coreana delicata con manzo, riso e broccoli",False,conservato
140,Gennaio,D5,other,base:meal:140:01,Colazione,08:00,base:recipe-version:colazione-leggera-con-latte-e-fette-classiche:f712e5d2a6856be0,base:recipe-version:v6-yogurt-con-avena-e-pera:deac64791fb6ff2d,Yogurt con avena e pera,True,varieta_distribuzione
140,Gennaio,D5,other,base:meal:140:02,Spuntino,11:00,base:recipe-version:frutta-in-porzione-piccola:e82cc585318b0a53,base:recipe-version:kefir-piccolo:0120716d4b11c95a,Kefir piccolo,True,varieta_distribuzione
140,Gennaio,D5,other,base:meal:140:03,Pranzo,13:30,base:recipe-version:pranzo-leggero-con-tacchino-pane-e-spinaci:b78acd31c8ff180a,base:recipe-version:pranzo-leggero-con-tacchino-pane-e-spinaci:b78acd31c8ff180a,"Pranzo leggero con tacchino, pane e spinaci",False,conservato
140,Gennaio,D5,other,base:meal:140:04,Spuntino,17:30,base:recipe-version:latte-piccolo:af0c44c699cd8ae3,base:recipe-version:frutta-e-mandorle:f4946c3f96529e3f,Frutta e mandorle,True,varieta_distribuzione
140,Gennaio,D5,other,base:meal:140:05,Cena,20:30,base:recipe-version:pasto-flessibile-polpette-svedesi-con-purea-di-patate:9fc3aae3233c6a8a,base:recipe-version:v6c-brunch-completo-con-couscous-salmone-e-zucca:102298fa07c2f568,"Brunch completo con couscous, salmone e zucca",True,varieta_distribuzione
141,Gennaio,D1,plant_pasta,base:meal:141:01,Colazione,06:30,base:recipe-version:kefir-con-fette-classiche-e-confettura:0c92a4526db020f1,base:recipe-version:v6-pane-integrale-burro-di-arachidi-e-banana:7ed21ce5cd13d99d,"Pane integrale, burro di arachidi e banana",True,varieta_distribuzione
141,Gennaio,D1,plant_pasta,base:meal:141:02,Spuntino,10:30,base:recipe-version:primosale-e-gallette-di-riso:c2e743864218b117,base:recipe-version:primosale-e-gallette-di-riso:c2e743864218b117,Primosale e gallette di riso,False,conservato
141,Gennaio,D1,plant_pasta,base:meal:141:03,Pranzo,13:30,base:recipe-version:frittata-morbida-con-patate-e-bietole:939437f9f12695ed,base:recipe-version:v6-pasta-e-ceci-con-broccoli:83b8f13d2844e188,Pasta e ceci con broccoli,True,riduzione_uova_albume | backbone_vegetale_pasta
141,Gennaio,D1,plant_pasta,base:meal:141:04,Spuntino,17:30,base:recipe-version:latte-e-gallette-di-riso:0305150caf7bf7be,base:recipe-version:v6-mini-panino-con-tacchino-e-spinaci:f554c16213f54aa1,Mini panino con tacchino e spinaci,True,varieta_distribuzione
141,Gennaio,D1,plant_pasta,base:meal:141:05,Cena,21:00,base:recipe-version:risotto-delicato-con-salmone-e-carciofi:1ffda40ee6c1e911,base:recipe-version:manzo-magro-con-pane-bianco-e-cavolfiore:09d23863cdb9eb6e,Manzo magro con pane bianco e cavolfiore,True,riduzione_uova_albume | riduzione_latticini | varieta_distribuzione
142,Gennaio,D2,rice_animal,base:meal:142:01,Colazione,09:00,base:recipe-version:fette-biscottate-con-robiola-e-miele:d6ff47abc7cc8b71,base:recipe-version:budino-di-riso-casalingo-e-frutta:98e1bee3bc26258f,Budino di riso casalingo e frutta,True,riduzione_latticini | backbone_riso
142,Gennaio,D2,rice_animal,base:meal:142:02,Pranzo,13:00,base:recipe-version:frittata-morbida-con-patate-e-finocchi:3387a68073be68e4,base:recipe-version:sogliola-con-riso-e-sedano-rapa:217b6da137397614,Sogliola con riso e sedano rapa,True,riduzione_uova_albume | backbone_riso
142,Gennaio,D2,rice_animal,base:meal:142:03,Pasto preturno,18:30,base:recipe-version:pane-bianco-con-bresaola-robiola-e-broccoli:7b3be6bb3f63a7e3,base:recipe-version:v6-farro-con-tonno-e-radicchio:a2aa957d5bcb6ace,Farro con tonno e radicchio,True,riduzione_latticini | varieta_distribuzione
142,Gennaio,D2,rice_animal,base:meal:142:04,Spuntino notturno,23:30,base:recipe-version:crackers-classici-con-hummus-delicato:62d7d1325ddb969b,base:recipe-version:v6-yogurt-con-frutti-di-bosco-e-nocciole:b86f2b6106ba2075,Yogurt con frutti di bosco e nocciole,True,varieta_distribuzione
142,Gennaio,D2,rice_animal,base:meal:142:05,Spuntino notturno,03:30,base:recipe-version:frutta-e-fiocchi-di-latte-su-gallette:8251a2bb8772b898,base:recipe-version:kefir-e-fette-classiche:4c24043bb18dbd80,Kefir e fette classiche,True,riduzione_latticini | varieta_distribuzione
142,Gennaio,D2,rice_animal,base:meal:142:06,Mini-pasto pre-sonno,08:20,base:recipe-version:uovo-sodo-e-crackers:b92d407cf54f5e44,base:recipe-version:mini-panino-con-tacchino-a-fette:898c8264b59b67d8,Mini panino con tacchino a fette,True,riduzione_uova_albume | varieta_distribuzione
143,Gennaio,D3,plant_rice,base:meal:143:01,Brunch,15:00,base:recipe-version:brunch-croque-monsieur-leggero-con-cotto-mozzarella-e-carciofi:56dec7c50290a4ca,base:recipe-version:v6-riso-basmati-con-ceci-e-carote:7277f67999f4413a,Riso basmati con ceci e carote,True,riduzione_uova_albume | riduzione_latticini | backbone_vegetale_riso
143,Gennaio,D3,plant_rice,base:meal:143:02,Spuntino,18:30,base:recipe-version:pane-bianco-e-uovo-sodo:cc72ed269e031a57,base:recipe-version:v6-gallette-di-riso-con-burro-di-arachidi-e-banana:0662b0d58a819f7a,Gallette di riso con burro di arachidi e banana,True,riduzione_uova_albume | varieta_distribuzione
143,Gennaio,D3,plant_rice,base:meal:143:03,Cena,21:00,base:recipe-version:risotto-delicato-con-funghi-e-carciofi:ea9b50d16e2b76e8,base:recipe-version:v6c-brunch-completo-con-farro-manzo-e-radicchio:0c5331d87c3f4d84,"Brunch completo con farro, manzo e radicchio",True,riduzione_uova_albume | riduzione_latticini | stagionalita | varieta_distribuzione
144,Gennaio,D4,pasta_animal,base:meal:144:01,Colazione,08:00,base:recipe-version:toast-bianco-con-ricotta-e-confettura:3dcfa40fb5f04db9,base:recipe-version:toast-bianco-con-ricotta-e-confettura:3dcfa40fb5f04db9,Toast bianco con ricotta e confettura,False,conservato
144,Gennaio,D4,pasta_animal,base:meal:144:02,Spuntino,11:00,base:recipe-version:mini-panino-bianco-con-bresaola:b48622af1e275f0f,base:recipe-version:kefir-e-frutta:5d2d12ec2da1027a,Kefir e frutta,True,varieta_distribuzione
144,Gennaio,D4,pasta_animal,base:meal:144:03,Pranzo,13:30,base:recipe-version:trota-con-riso-e-broccoli:cabee0d8a86538f5,base:recipe-version:v6-pasta-con-tacchino-e-carciofi:542f4cbf7170b7e9,Pasta con tacchino e carciofi,True,backbone_pasta
144,Gennaio,D4,pasta_animal,base:meal:144:04,Spuntino,17:30,base:recipe-version:piadina-mini-con-ricotta:09c4f393f702c181,base:recipe-version:latte-e-gallette-di-riso:0305150caf7bf7be,Latte e gallette di riso,True,riduzione_latticini | varieta_distribuzione
144,Gennaio,D4,pasta_animal,base:meal:144:05,Cena,20:30,base:recipe-version:bowl-greca-delicata-con-pollo-feta-e-finocchi:f122945c590a00f2,base:recipe-version:filetto-di-maiale-con-polenta-e-carote:49866ab66aa3e8ee,Filetto di maiale con polenta e carote,True,riduzione_latticini | varieta_distribuzione
145,Gennaio,D5,plant_pasta,base:meal:145:01,Colazione,08:00,base:recipe-version:omelette-alla-feta-con-pane-bianco:2d7c2704e28cc3ef,base:recipe-version:semolino-al-latte-con-frutta:684b6cb4fac1d9a6,Semolino al latte con frutta,True,riduzione_uova_albume | riduzione_latticini | varieta_distribuzione
145,Gennaio,D5,plant_pasta,base:meal:145:02,Spuntino,11:00,base:recipe-version:banana-e-latte:a4b16218d9a8fc6e,base:recipe-version:v6-mini-panino-con-bresaola-e-carote:f4a50d7eba0d1cff,Mini panino con bresaola e carote,True,varieta_distribuzione
145,Gennaio,D5,plant_pasta,base:meal:145:03,Pranzo,13:30,base:recipe-version:tortilla-spagnola-leggera-con-zucchine:79c67442c19f618f,base:recipe-version:v6-couscous-con-gamberi-e-broccoli:cacc7a666bf66029,Couscous con gamberi e broccoli,True,riduzione_uova_albume | stagionalita | varieta_distribuzione
145,Gennaio,D5,plant_pasta,base:meal:145:04,Spuntino,17:30,base:recipe-version:crackers-e-primosale:89b1db2790bd5aea,base:recipe-version:crackers-classici-con-hummus-delicato:afbb8a2d7f8a60c2,Crackers classici con hummus delicato,True,riduzione_latticini | varieta_distribuzione
145,Gennaio,D5,plant_pasta,base:meal:145:05,Cena,20:30,base:recipe-version:frittata-morbida-con-patate-e-broccoli:cffce576cbf6629f,base:recipe-version:v6-pasta-e-lenticchie-con-passata-e-spinaci:9a451f889d032790,Pasta e lenticchie con passata e spinaci,True,riduzione_uova_albume | backbone_vegetale_pasta
146,Gennaio,D1,rice_animal,base:meal:146:01,Colazione,06:30,base:recipe-version:pane-di-segale-robiola-e-pera:bb18609d5a39569d,base:recipe-version:kefir-con-fette-classiche-e-confettura:ca779e18c3f24413,Kefir con fette classiche e confettura,True,riduzione_latticini | varieta_distribuzione
146,Gennaio,D1,rice_animal,base:meal:146:02,Spuntino,10:30,base:recipe-version:crackers-e-primosale:89b1db2790bd5aea,base:recipe-version:yogurt-bianco-e-banana:047824242ce72a93,Yogurt bianco e banana,True,riduzione_latticini | varieta_distribuzione
146,Gennaio,D1,rice_animal,base:meal:146:03,Pranzo,13:30,base:recipe-version:piatto-caldo-con-ricotta-pane-bianco-e-finocchi:08857bec84d89f72,base:recipe-version:coniglio-con-riso-basmati-e-finocchi:f0e99e714647d716,Coniglio con riso basmati e finocchi,True,riduzione_uova_albume | riduzione_latticini | backbone_riso
146,Gennaio,D1,rice_animal,base:meal:146:04,Spuntino,17:30,base:recipe-version:primosale-e-gallette-di-riso:c2e743864218b117,base:recipe-version:piccola-porzione-di-lupini-e-frutta:27a1df3729d2c523,Piccola porzione di lupini e frutta,True,riduzione_latticini | varieta_distribuzione
146,Gennaio,D1,rice_animal,base:meal:146:05,Cena,21:00,base:recipe-version:croque-monsieur-leggero-con-cotto-mozzarella-e-carciofi:16463afa0025f2ef,base:recipe-version:couscous-marocchino-delicato-con-tacchino-e-finocchi:6d8188dddd57a997,Couscous marocchino delicato con tacchino e finocchi,True,riduzione_latticini | varieta_distribuzione
147,Gennaio,D2,other,base:meal:147:01,Colazione,09:00,base:recipe-version:toast-bianco-con-ricotta-e-confettura:f63b55b04be95689,base:recipe-version:v6-yogurt-con-avena-e-mela:1bc3c9dc04beea24,Yogurt con avena e mela,True,riduzione_latticini | varieta_distribuzione
147,Gennaio,D2,other,base:meal:147:02,Pranzo,13:00,base:recipe-version:burger-di-tacchino-con-pane-e-zucca-al-forno:5cf340c6252a6150,base:recipe-version:orata-con-patate-e-carote:d0dd38aec06eb42b,Orata con patate e carote,True,riduzione_latticini | varieta_distribuzione
147,Gennaio,D2,other,base:meal:147:03,Pasto preturno,18:30,base:recipe-version:frittata-morbida-con-patate-e-carciofi:a92cb4af6dd5809a,base:recipe-version:filetto-di-maiale-con-polenta-e-sedano-rapa:b34379c49eaacc97,Filetto di maiale con polenta e sedano rapa,True,riduzione_uova_albume | varieta_distribuzione
147,Gennaio,D2,other,base:meal:147:04,Spuntino notturno,23:30,base:recipe-version:mini-panino-con-tacchino-a-fette:898c8264b59b67d8,base:recipe-version:frutta-e-nocciole:971bc3435c9f8b39,Frutta e nocciole,True,varieta_distribuzione
147,Gennaio,D2,other,base:meal:147:05,Spuntino notturno,03:30,base:recipe-version:feta-cetriolo-e-crackers:6874564aabe8b391,base:recipe-version:latte-e-frutta:8c4d1165cce186f8,Latte e frutta,True,riduzione_latticini | stagionalita | varieta_distribuzione
147,Gennaio,D2,other,base:meal:147:06,Mini-pasto pre-sonno,08:20,base:recipe-version:mozzarella-e-pomodorini:ed19c9fabc9729ed,base:recipe-version:v6-pane-integrale-con-hummus-e-spinaci:1ba508863e4ce1bf,Pane integrale con hummus e spinaci,True,riduzione_latticini | stagionalita | varieta_distribuzione
148,Gennaio,D3,plant_pasta,base:meal:148:01,Brunch,15:00,base:recipe-version:brunch-couscous-marocchino-delicato-con-tacchino-e-spinaci:2557ab866f22e233,base:recipe-version:v6c-brunch-completo-con-pane-integrale-salmone-e-radicchio:00d65b0e082ec016,"Brunch completo con pane integrale, salmone e radicchio",True,varieta_distribuzione
148,Gennaio,D3,plant_pasta,base:meal:148:02,Spuntino,18:30,base:recipe-version:frutta-e-fiocchi-di-latte-su-gallette:8437e8a9db470b3e,base:recipe-version:v6-fette-integrali-con-burro-di-arachidi-e-confettura:72fcd8752957f6a3,Fette integrali con burro di arachidi e confettura,True,riduzione_latticini | varieta_distribuzione
148,Gennaio,D3,plant_pasta,base:meal:148:03,Cena,21:00,base:recipe-version:riso-teriyaki-delicato-con-tacchino-e-carciofi:ca0b3a9ea09065a5,base:recipe-version:v6-pasta-e-ceci-con-finocchi:cfa75b0312798ee1,Pasta e ceci con finocchi,True,riduzione_uova_albume | backbone_vegetale_pasta
149,Gennaio,D4,rice_animal,base:meal:149:01,Colazione,08:00,base:recipe-version:pancake-di-farina-00-e-ricotta:d50ee1da31649cbc,base:recipe-version:pancake-di-farina-00-e-ricotta:d50ee1da31649cbc,Pancake di farina 00 e ricotta,False,conservato
149,Gennaio,D4,rice_animal,base:meal:149:02,Spuntino,11:00,base:recipe-version:frutta-e-grana:19afe46eb173843c,base:recipe-version:frutta-e-mandorle:c54c36003b8b56a9,Frutta e mandorle,True,riduzione_latticini | varieta_distribuzione
149,Gennaio,D4,rice_animal,base:meal:149:03,Pranzo,13:30,base:recipe-version:risotto-delicato-con-tacchino-e-broccoli:4fe20951105e4cb6,base:recipe-version:kofte-di-tacchino-delicati-con-riso-e-bietole:2bd7b2cacf7c8223,Kofte di tacchino delicati con riso e bietole,True,riduzione_latticini | backbone_riso
149,Gennaio,D4,rice_animal,base:meal:149:04,Spuntino,17:30,base:recipe-version:mini-panino-bianco-con-bresaola:b48622af1e275f0f,base:recipe-version:mini-panino-bianco-con-bresaola:b48622af1e275f0f,Mini panino bianco con bresaola,False,conservato
149,Gennaio,D4,rice_animal,base:meal:149:05,Cena,20:30,base:recipe-version:kofte-di-tacchino-delicati-con-riso-e-carote:f7b3875932ca827f,base:recipe-version:couscous-marocchino-delicato-con-tacchino-e-bietole:3a2ec05d0d9af8aa,Couscous marocchino delicato con tacchino e bietole,True,varieta_distribuzione
150,Gennaio,D5,plant_rice,base:meal:150:01,Colazione,08:00,base:recipe-version:yogurt-bianco-corn-flakes-e-frutta:db08b69389ae404c,base:recipe-version:yogurt-bianco-corn-flakes-e-frutta:db08b69389ae404c,"Yogurt bianco, corn flakes e frutta",False,conservato
150,Gennaio,D5,plant_rice,base:meal:150:02,Spuntino,11:00,base:recipe-version:frutta-in-porzione-piccola:00034a19001ca591,base:recipe-version:v6-mini-panino-con-tacchino-e-spinaci:f554c16213f54aa1,Mini panino con tacchino e spinaci,True,varieta_distribuzione
150,Gennaio,D5,plant_rice,base:meal:150:03,Pranzo,13:30,base:recipe-version:pranzo-leggero-con-merluzzo-riso-e-sedano-rapa:10f30b08e0580860,base:recipe-version:v6-riso-jasmine-con-ceci-e-zucca:7c93685bbfc7f317,Riso jasmine con ceci e zucca,True,riduzione_uova_albume | backbone_vegetale_riso
150,Gennaio,D5,plant_rice,base:meal:150:04,Spuntino,17:30,base:recipe-version:latte-piccolo:af0c44c699cd8ae3,base:recipe-version:kefir-piccolo:0120716d4b11c95a,Kefir piccolo,True,varieta_distribuzione
150,Gennaio,D5,plant_rice,base:meal:150:05,Cena,20:30,base:recipe-version:pasto-flessibile-poke-con-salmone-riso-e-verdure:90ba04e9f9d35bf8,base:recipe-version:v6c-brunch-completo-con-polenta-merluzzo-e-cavolo-nero:afbacbc2ff064302,"Brunch completo con polenta, merluzzo e cavolo nero",True,varieta_distribuzione
151,Febbraio,D1,pasta_animal,base:meal:151:01,Colazione,06:30,base:recipe-version:latte-corn-flakes-e-frutta:489c786e4e4694d6,base:recipe-version:latte-corn-flakes-e-frutta:489c786e4e4694d6,"Latte, corn flakes e frutta",False,conservato
151,Febbraio,D1,pasta_animal,base:meal:151:02,Spuntino,10:30,base:recipe-version:latte-e-frutta:8c4d1165cce186f8,base:recipe-version:kefir-e-fette-classiche:4c24043bb18dbd80,Kefir e fette classiche,True,varieta_distribuzione
151,Febbraio,D1,pasta_animal,base:meal:151:03,Pranzo,13:30,base:recipe-version:patate-con-crema-di-piselli-e-spinaci:59036389bb2efb60,base:recipe-version:v6-farro-con-tonno-e-radicchio:a2aa957d5bcb6ace,Farro con tonno e radicchio,True,riduzione_uova_albume | riduzione_latticini | varieta_distribuzione
151,Febbraio,D1,pasta_animal,base:meal:151:04,Spuntino,17:30,base:recipe-version:ricotta-e-frutta:829fdb82bcf4550d,base:recipe-version:ricotta-e-frutta:829fdb82bcf4550d,Ricotta e frutta,False,conservato
151,Febbraio,D1,pasta_animal,base:meal:151:05,Cena,21:00,base:recipe-version:frittata-morbida-con-patate-e-broccoli:8701b0b7862afb5e,base:recipe-version:v6-pasta-al-ragu-leggero-di-manzo:8ccd58ff43dcb868,Pasta al ragù leggero di manzo,True,riduzione_uova_albume | backbone_pasta
152,Febbraio,D2,plant_pasta,base:meal:152:01,Colazione,09:00,base:recipe-version:toast-con-prosciutto-cotto-e-mozzarella:9171c6f63934962a,base:recipe-version:v6-pane-integrale-burro-di-arachidi-e-banana:7ed21ce5cd13d99d,"Pane integrale, burro di arachidi e banana",True,riduzione_latticini | varieta_distribuzione
152,Febbraio,D2,plant_pasta,base:meal:152:02,Pranzo,13:00,base:recipe-version:coniglio-con-patate-e-carciofi:8cbb68c4fa4b5823,base:recipe-version:nasello-con-pane-bianco-e-radicchio:e5aa19fc76b39721,Nasello con pane bianco e radicchio,True,varieta_distribuzione
152,Febbraio,D2,plant_pasta,base:meal:152:03,Pasto preturno,18:30,base:recipe-version:pane-bianco-con-bresaola-mozzarella-e-carciofi:c8ecd1ee30930220,base:recipe-version:v6-pasta-integrale-con-hummus-carote-e-spinaci:a9229b7253a81780,"Pasta integrale con hummus, carote e spinaci",True,riduzione_latticini | backbone_vegetale_pasta
152,Febbraio,D2,plant_pasta,base:meal:152:04,Spuntino notturno,23:30,base:recipe-version:crackers-e-ricotta:b5e12fff16ac4003,base:recipe-version:kefir-e-frutta:5d2d12ec2da1027a,Kefir e frutta,True,riduzione_latticini | varieta_distribuzione
152,Febbraio,D2,plant_pasta,base:meal:152:05,Spuntino notturno,03:30,base:recipe-version:mini-panino-con-tacchino-a-fette:898c8264b59b67d8,base:recipe-version:latte-e-gallette-di-riso:0305150caf7bf7be,Latte e gallette di riso,True,varieta_distribuzione
152,Febbraio,D2,plant_pasta,base:meal:152:06,Mini-pasto pre-sonno,08:20,base:recipe-version:feta-cetriolo-e-crackers:6874564aabe8b391,base:recipe-version:v6-crackers-integrali-con-hummus-e-carote:f06cae1e98dec421,Crackers integrali con hummus e carote,True,riduzione_latticini | stagionalita | varieta_distribuzione
153,Febbraio,D3,rice_animal,base:meal:153:01,Brunch,15:00,base:recipe-version:brunch-jacket-potato-con-tonno-primosale-e-radicchio:62050051d69c469b,base:recipe-version:brunch-riso-teriyaki-delicato-con-tacchino-e-carciofi:dd1df9125ddfa6b3,Brunch: Riso teriyaki delicato con tacchino e carciofi,True,riduzione_latticini | backbone_riso
153,Febbraio,D3,rice_animal,base:meal:153:02,Spuntino,18:30,base:recipe-version:mozzarella-e-pomodorini:ed19c9fabc9729ed,base:recipe-version:v6-kefir-con-banana-e-pistacchi:6663fc9362c6db18,Kefir con banana e pistacchi,True,riduzione_latticini | stagionalita | varieta_distribuzione
153,Febbraio,D3,rice_animal,base:meal:153:03,Cena,21:00,base:recipe-version:tortino-al-forno-di-uova-patate-e-broccoli:e7bf75c877964fbe,base:recipe-version:v6c-brunch-completo-con-polenta-manzo-e-broccoli:de9b2e35908b5a3c,"Brunch completo con polenta, manzo e broccoli",True,riduzione_uova_albume | varieta_distribuzione
154,Febbraio,D4,other,base:meal:154:01,Colazione,08:00,base:recipe-version:porridge-piccolo-con-frutta-cotta:46147f8fc54780e5,base:recipe-version:porridge-piccolo-con-frutta-cotta:46147f8fc54780e5,Porridge piccolo con frutta cotta,False,conservato
154,Febbraio,D4,other,base:meal:154:02,Spuntino,11:00,base:recipe-version:yogurt-bianco-e-banana:047824242ce72a93,base:recipe-version:crackers-classici-con-hummus-delicato:336656d51106c925,Crackers classici con hummus delicato,True,varieta_distribuzione
154,Febbraio,D4,other,base:meal:154:03,Pranzo,13:30,base:recipe-version:pasta-con-gamberi-e-broccoli:bfe2d50e2d3dfbd5,base:recipe-version:v6-couscous-con-gamberi-e-broccoli:cacc7a666bf66029,Couscous con gamberi e broccoli,True,riduzione_latticini | varieta_distribuzione
154,Febbraio,D4,other,base:meal:154:04,Spuntino,17:30,base:recipe-version:kefir-e-frutta:9d9d38ab49b00b02,base:recipe-version:piccola-porzione-di-lupini-e-frutta:1b299d173f5668ce,Piccola porzione di lupini e frutta,True,varieta_distribuzione
154,Febbraio,D4,other,base:meal:154:05,Cena,20:30,base:recipe-version:couscous-marocchino-delicato-con-tacchino-e-bietole:3a2ec05d0d9af8aa,base:recipe-version:filetto-di-maiale-con-patate-e-spinaci:0eea0c723bd3399c,Filetto di maiale con patate e spinaci,True,varieta_distribuzione
155,Febbraio,D5,plant_pasta,base:meal:155:01,Colazione,08:00,base:recipe-version:yogurt-bianco-corn-flakes-e-banana:6ba3d2479e91774a,base:recipe-version:yogurt-bianco-corn-flakes-e-banana:6ba3d2479e91774a,"Yogurt bianco, corn flakes e banana",False,conservato
155,Febbraio,D5,plant_pasta,base:meal:155:02,Spuntino,11:00,base:recipe-version:piadina-mini-con-ricotta:09c4f393f702c181,base:recipe-version:v6-pane-integrale-con-hummus-e-spinaci:1ba508863e4ce1bf,Pane integrale con hummus e spinaci,True,riduzione_latticini | varieta_distribuzione
155,Febbraio,D5,plant_pasta,base:meal:155:03,Pranzo,13:30,base:recipe-version:bowl-greca-delicata-con-pollo-feta-e-finocchi:b41adde077b12d94,base:recipe-version:tacchino-con-pane-bianco-e-zucca:3031ea51c14aa153,Tacchino con pane bianco e zucca,True,riduzione_latticini | varieta_distribuzione
155,Febbraio,D5,plant_pasta,base:meal:155:04,Spuntino,17:30,base:recipe-version:kefir-e-fette-classiche:4c24043bb18dbd80,base:recipe-version:mini-panino-con-tacchino-a-fette:898c8264b59b67d8,Mini panino con tacchino a fette,True,varieta_distribuzione
155,Febbraio,D5,plant_pasta,base:meal:155:05,Cena,20:30,base:recipe-version:filetto-di-maiale-con-polenta-e-carote:49866ab66aa3e8ee,base:recipe-version:v6-pasta-e-ceci-con-broccoli:83b8f13d2844e188,Pasta e ceci con broccoli,True,backbone_vegetale_pasta
156,Febbraio,D1,rice_animal,base:meal:156:01,Colazione,06:30,base:recipe-version:semolino-al-latte-con-frutta:684b6cb4fac1d9a6,base:recipe-version:colazione-leggera-con-latte-e-fette-classiche:f712e5d2a6856be0,Colazione leggera con latte e fette classiche,True,varieta_distribuzione
156,Febbraio,D1,rice_animal,base:meal:156:02,Spuntino,10:30,base:recipe-version:kefir-e-fette-classiche:4c24043bb18dbd80,base:recipe-version:v6-mini-panino-con-bresaola-e-carote:f4a50d7eba0d1cff,Mini panino con bresaola e carote,True,varieta_distribuzione
156,Febbraio,D1,rice_animal,base:meal:156:03,Pranzo,13:30,base:recipe-version:sgombro-con-pane-bianco-e-spinaci:6968448b5a629ff6,base:recipe-version:orata-con-patate-e-bietole:f7dd5fe6df51d49e,Orata con patate e bietole,True,varieta_distribuzione
156,Febbraio,D1,rice_animal,base:meal:156:04,Spuntino,17:30,base:recipe-version:crackers-classici-con-hummus-delicato:7d93544d29ef114f,base:recipe-version:v6-yogurt-con-frutti-di-bosco-e-nocciole:b86f2b6106ba2075,Yogurt con frutti di bosco e nocciole,True,varieta_distribuzione
156,Febbraio,D1,rice_animal,base:meal:156:05,Cena,21:00,base:recipe-version:jacket-potato-con-tonno-primosale-e-radicchio:f4ef71a79ec7c7d9,base:recipe-version:riso-teriyaki-delicato-con-tacchino-e-carciofi:e4b71ccbec6fce46,Riso teriyaki delicato con tacchino e carciofi,True,riduzione_latticini | backbone_riso
157,Febbraio,D2,plant_rice,base:meal:157:01,Colazione,09:00,base:recipe-version:porridge-piccolo-con-frutta-cotta:f276206b0d53a6b1,base:recipe-version:kefir-con-fette-classiche-e-confettura:0c92a4526db020f1,Kefir con fette classiche e confettura,True,varieta_distribuzione
157,Febbraio,D2,plant_rice,base:meal:157:02,Pranzo,13:00,base:recipe-version:trota-con-riso-e-cavolfiore:cddc8c375f54093d,base:recipe-version:v6-patate-con-salmone-e-finocchi:5750ae4635bb4b0d,Patate con salmone e finocchi,True,varieta_distribuzione
157,Febbraio,D2,plant_rice,base:meal:157:03,Pasto preturno,18:30,base:recipe-version:coniglio-con-patate-e-spinaci:b4d852f99e5bbb06,base:recipe-version:v6-riso-jasmine-con-piselli-e-carciofi:4d462d6ae6e29a37,Riso jasmine con piselli e carciofi,True,backbone_vegetale_riso
157,Febbraio,D2,plant_rice,base:meal:157:04,Spuntino notturno,23:30,base:recipe-version:latte-e-gallette-di-riso:0305150caf7bf7be,base:recipe-version:mini-panino-bianco-con-bresaola:b48622af1e275f0f,Mini panino bianco con bresaola,True,varieta_distribuzione
157,Febbraio,D2,plant_rice,base:meal:157:05,Spuntino notturno,03:30,base:recipe-version:frutta-e-mandorle:f4946c3f96529e3f,base:recipe-version:frutta-e-mandorle:f4946c3f96529e3f,Frutta e mandorle,False,conservato
157,Febbraio,D2,plant_rice,base:meal:157:06,Mini-pasto pre-sonno,08:20,base:recipe-version:crackers-e-ricotta:b5e12fff16ac4003,base:recipe-version:crackers-e-ricotta:b5e12fff16ac4003,Crackers e ricotta,False,conservato
158,Febbraio,D3,pasta_animal,base:meal:158:01,Brunch,15:00,base:recipe-version:brunch-bowl-coreana-delicata-con-manzo-riso-e-cavolfiore:63b56b94717dece6,base:recipe-version:v6c-brunch-completo-con-couscous-tacchino-e-spinaci:a20df9da2d65c783,"Brunch completo con couscous, tacchino e spinaci",True,riduzione_uova_albume | varieta_distribuzione
158,Febbraio,D3,pasta_animal,base:meal:158:02,Spuntino,18:30,base:recipe-version:mini-panino-con-tacchino-a-fette:898c8264b59b67d8,base:recipe-version:v6-gallette-di-riso-con-burro-di-arachidi-e-banana:0662b0d58a819f7a,Gallette di riso con burro di arachidi e banana,True,varieta_distribuzione
158,Febbraio,D3,pasta_animal,base:meal:158:03,Cena,21:00,base:recipe-version:wrap-morbido-con-pollo-primosale-e-radicchio:aab15f7c9af063bd,base:recipe-version:v6-pasta-con-salmone-e-porro:5793a4d6fe797246,Pasta con salmone e porro,True,riduzione_latticini | backbone_pasta
159,Febbraio,D4,plant_pasta,base:meal:159:01,Colazione,08:00,base:recipe-version:pane-bianco-con-mozzarella-e-pomodoro:9a335ac12a6193ae,base:recipe-version:semolino-al-latte-con-frutta:684b6cb4fac1d9a6,Semolino al latte con frutta,True,riduzione_latticini | stagionalita | varieta_distribuzione
159,Febbraio,D4,plant_pasta,base:meal:159:02,Spuntino,11:00,base:recipe-version:pane-bianco-e-uovo-sodo:cc72ed269e031a57,base:recipe-version:pane-bianco-e-uovo-sodo:cc72ed269e031a57,Pane bianco e uovo sodo,False,conservato
159,Febbraio,D4,plant_pasta,base:meal:159:03,Pranzo,13:30,base:recipe-version:frittata-morbida-con-patate-e-spinaci:4e7fbac7ec929eb7,base:recipe-version:pollo-con-polenta-e-zucca:95b4da9b795cd857,Pollo con polenta e zucca,True,riduzione_uova_albume | varieta_distribuzione
159,Febbraio,D4,plant_pasta,base:meal:159:04,Spuntino,17:30,base:recipe-version:yogurt-bianco-e-banana:047824242ce72a93,base:recipe-version:v6-fette-integrali-con-burro-di-arachidi-e-confettura:72fcd8752957f6a3,Fette integrali con burro di arachidi e confettura,True,varieta_distribuzione
159,Febbraio,D4,plant_pasta,base:meal:159:05,Cena,20:30,base:recipe-version:tortilla-spagnola-leggera-con-zucchine:b0e5e738cc34b8d2,base:recipe-version:v6-pasta-e-cannellini-con-cavolfiore:55e427835555bad5,Pasta e cannellini con cavolfiore,True,riduzione_uova_albume | stagionalita | backbone_vegetale_pasta
160,Febbraio,D5,rice_animal,base:meal:160:01,Colazione,08:00,base:recipe-version:yogurt-bianco-corn-flakes-e-frutta:c0ae1fc279e4587a,base:recipe-version:yogurt-bianco-corn-flakes-e-frutta:c0ae1fc279e4587a,"Yogurt bianco, corn flakes e frutta",False,conservato
160,Febbraio,D5,rice_animal,base:meal:160:02,Spuntino,11:00,base:recipe-version:gallette-di-riso-e-ricotta:9f304408a83b200d,base:recipe-version:latte-e-gallette-di-riso:0305150caf7bf7be,Latte e gallette di riso,True,riduzione_latticini | varieta_distribuzione
160,Febbraio,D5,rice_animal,base:meal:160:03,Pranzo,13:30,base:recipe-version:pranzo-leggero-con-merluzzo-pane-e-spinaci:70170d62e5c2f053,base:recipe-version:curry-bianco-molto-delicato-di-pollo-e-zucca:20bf020503f4e943,Curry bianco molto delicato di pollo e zucca,True,backbone_riso
160,Febbraio,D5,rice_animal,base:meal:160:04,Spuntino,17:30,base:recipe-version:kefir-piccolo:0120716d4b11c95a,base:recipe-version:kefir-piccolo:0120716d4b11c95a,Kefir piccolo,False,conservato
160,Febbraio,D5,rice_animal,base:meal:160:05,Cena,20:30,base:recipe-version:pasto-flessibile-curry-delicato-di-pollo-con-riso-basmati:735fe1b8a1d300ef,base:recipe-version:v6c-brunch-completo-con-pane-integrale-salmone-e-radicchio:00d65b0e082ec016,"Brunch completo con pane integrale, salmone e radicchio",True,varieta_distribuzione
161,Febbraio,D1,other,base:meal:161:01,Colazione,06:30,base:recipe-version:yogurt-bianco-corn-flakes-e-banana:6ba3d2479e91774a,base:recipe-version:v6-latte-avena-e-banana:2d8c1f81a04cbfae,"Latte, avena e banana",True,varieta_distribuzione
161,Febbraio,D1,other,base:meal:161:02,Spuntino,10:30,base:recipe-version:piadina-mini-con-ricotta:09c4f393f702c181,base:recipe-version:piadina-mini-con-ricotta:09c4f393f702c181,Piadina mini con ricotta,False,conservato
161,Febbraio,D1,other,base:meal:161:03,Pranzo,13:30,base:recipe-version:risotto-delicato-con-pollo-e-spinaci:732bc06dab53b4ef,base:recipe-version:v6-polenta-con-merluzzo-e-cavolo-nero:3155bb1fe698b930,Polenta con merluzzo e cavolo nero,True,riduzione_latticini | varieta_distribuzione
161,Febbraio,D1,other,base:meal:161:04,Spuntino,17:30,base:recipe-version:kefir-e-fette-classiche:4c24043bb18dbd80,base:recipe-version:kefir-e-fette-classiche:4c24043bb18dbd80,Kefir e fette classiche,False,conservato
161,Febbraio,D1,other,base:meal:161:05,Cena,21:00,base:recipe-version:manzo-magro-con-polenta-e-carote:c034ee16ad5033e0,base:recipe-version:manzo-magro-con-polenta-e-carote:c034ee16ad5033e0,Manzo magro con polenta e carote,False,conservato
162,Febbraio,D2,plant_pasta,base:meal:162:01,Colazione,09:00,base:recipe-version:pane-bianco-con-mozzarella-e-pomodoro:239d355c8a7952d6,base:recipe-version:v6-pane-integrale-burro-di-arachidi-e-banana:7ed21ce5cd13d99d,"Pane integrale, burro di arachidi e banana",True,riduzione_latticini | stagionalita | varieta_distribuzione
162,Febbraio,D2,plant_pasta,base:meal:162:02,Pranzo,13:00,base:recipe-version:jacket-potato-con-tonno-primosale-e-radicchio:5735e99bd391bf1e,base:recipe-version:v6-pane-integrale-con-pollo-e-zucca-arrosto:d29d09614bd2ff7b,Pane integrale con pollo e zucca arrosto,True,riduzione_latticini | varieta_distribuzione
162,Febbraio,D2,plant_pasta,base:meal:162:03,Pasto preturno,18:30,base:recipe-version:sogliola-con-riso-e-carote:caf0435252af9262,base:recipe-version:v6-pasta-e-lenticchie-con-passata-e-spinaci:9a451f889d032790,Pasta e lenticchie con passata e spinaci,True,backbone_vegetale_pasta
162,Febbraio,D2,plant_pasta,base:meal:162:04,Spuntino notturno,23:30,base:recipe-version:primosale-e-gallette-di-riso:c2e743864218b117,base:recipe-version:v6-mini-panino-con-tacchino-e-spinaci:f554c16213f54aa1,Mini panino con tacchino e spinaci,True,riduzione_latticini | varieta_distribuzione
162,Febbraio,D2,plant_pasta,base:meal:162:05,Spuntino notturno,03:30,base:recipe-version:mini-mozzarella-e-frutta:4d74648cf26002ef,base:recipe-version:crackers-classici-con-hummus-delicato:336656d51106c925,Crackers classici con hummus delicato,True,riduzione_latticini | varieta_distribuzione
162,Febbraio,D2,plant_pasta,base:meal:162:06,Mini-pasto pre-sonno,08:20,base:recipe-version:latte-e-gallette-di-riso:0305150caf7bf7be,base:recipe-version:frutta-e-nocciole:971bc3435c9f8b39,Frutta e nocciole,True,varieta_distribuzione
163,Febbraio,D3,rice_animal,base:meal:163:01,Brunch,15:00,base:recipe-version:brunch-bowl-greca-delicata-con-pollo-feta-e-finocchi:520bc40de1b4a1f2,base:recipe-version:brunch-kofte-di-tacchino-delicati-con-riso-e-radicchio:1d80294769500be2,Brunch: Kofte di tacchino delicati con riso e radicchio,True,riduzione_uova_albume | riduzione_latticini | backbone_riso
163,Febbraio,D3,rice_animal,base:meal:163:02,Spuntino,18:30,base:recipe-version:frutta-e-mandorle:c54c36003b8b56a9,base:recipe-version:latte-e-frutta:5810692902d5524f,Latte e frutta,True,varieta_distribuzione
163,Febbraio,D3,rice_animal,base:meal:163:03,Cena,21:00,base:recipe-version:filetto-di-maiale-con-polenta-e-carote:3f572d4b16625494,base:recipe-version:filetto-di-maiale-con-polenta-e-carote:3f572d4b16625494,Filetto di maiale con polenta e carote,False,conservato
164,Febbraio,D4,plant_rice,base:meal:164:01,Colazione,08:00,base:recipe-version:french-toast-delicato-con-frutta:933b4db38fc2b812,base:recipe-version:v6-yogurt-con-avena-e-pera:deac64791fb6ff2d,Yogurt con avena e pera,True,riduzione_uova_albume | varieta_distribuzione
164,Febbraio,D4,plant_rice,base:meal:164:02,Spuntino,11:00,base:recipe-version:piccola-porzione-di-lupini-e-frutta:18e647a88a8a62ae,base:recipe-version:v6-pane-integrale-con-hummus-e-spinaci:1ba508863e4ce1bf,Pane integrale con hummus e spinaci,True,varieta_distribuzione
164,Febbraio,D4,plant_rice,base:meal:164:03,Pranzo,13:30,base:recipe-version:piatto-caldo-con-ricotta-patate-e-cavolfiore:052a0530d763a51b,base:recipe-version:v6-riso-basmati-con-ceci-e-carote:7277f67999f4413a,Riso basmati con ceci e carote,True,riduzione_uova_albume | riduzione_latticini | backbone_vegetale_riso
164,Febbraio,D4,plant_rice,base:meal:164:04,Spuntino,17:30,base:recipe-version:pane-bianco-e-uovo-sodo:cc72ed269e031a57,base:recipe-version:kefir-e-frutta:47da41e20e20f205,Kefir e frutta,True,riduzione_uova_albume | varieta_distribuzione
164,Febbraio,D4,plant_rice,base:meal:164:05,Cena,20:30,base:recipe-version:poke-tiepido-con-salmone-e-carote:152c9430cb653a85,base:recipe-version:v6-couscous-con-gamberi-e-broccoli:cacc7a666bf66029,Couscous con gamberi e broccoli,True,stagionalita | varieta_distribuzione
165,Febbraio,D5,pasta_animal,base:meal:165:01,Colazione,08:00,base:recipe-version:mini-piadina-con-tacchino-e-robiola:a13b6e47fda1968b,base:recipe-version:mini-piadina-con-tacchino-e-robiola:a13b6e47fda1968b,Mini piadina con tacchino e robiola,False,conservato
165,Febbraio,D5,pasta_animal,base:meal:165:02,Spuntino,11:00,base:recipe-version:frutta-e-grana:19afe46eb173843c,base:recipe-version:piccola-porzione-di-lupini-e-frutta:6a911f595824db87,Piccola porzione di lupini e frutta,True,riduzione_latticini | varieta_distribuzione
165,Febbraio,D5,pasta_animal,base:meal:165:03,Pranzo,13:30,base:recipe-version:wrap-morbido-con-pollo-primosale-e-radicchio:490d12d3cb4db91f,base:recipe-version:v6-patate-con-salmone-e-finocchi:5750ae4635bb4b0d,Patate con salmone e finocchi,True,riduzione_latticini | varieta_distribuzione
165,Febbraio,D5,pasta_animal,base:meal:165:04,Spuntino,17:30,base:recipe-version:mini-panino-bianco-con-bresaola:b48622af1e275f0f,base:recipe-version:mini-panino-bianco-con-bresaola:b48622af1e275f0f,Mini panino bianco con bresaola,False,conservato
165,Febbraio,D5,pasta_animal,base:meal:165:05,Cena,20:30,base:recipe-version:risotto-delicato-con-primosale-e-radicchio:92651735e226d5bf,base:recipe-version:v6-pasta-al-ragu-leggero-di-manzo:8ccd58ff43dcb868,Pasta al ragù leggero di manzo,True,riduzione_latticini | backbone_pasta
166,Febbraio,D1,plant_pasta,base:meal:166:01,Colazione,06:30,base:recipe-version:uova-strapazzate-pane-bianco-e-frutta:e6f53c3cac84cfbc,base:recipe-version:uova-strapazzate-pane-bianco-e-frutta:e6f53c3cac84cfbc,"Uova strapazzate, pane bianco e frutta",False,conservato
166,Febbraio,D1,plant_pasta,base:meal:166:02,Spuntino,10:30,base:recipe-version:mini-panino-bianco-con-bresaola:b48622af1e275f0f,base:recipe-version:frutta-e-mandorle:c54c36003b8b56a9,Frutta e mandorle,True,varieta_distribuzione
166,Febbraio,D1,plant_pasta,base:meal:166:03,Pranzo,13:30,base:recipe-version:patate-con-crema-di-borlotti-e-finocchi:896f7b97439bd61f,base:recipe-version:v6-pasta-e-ceci-con-finocchi:cfa75b0312798ee1,Pasta e ceci con finocchi,True,riduzione_latticini | backbone_vegetale_pasta
166,Febbraio,D1,plant_pasta,base:meal:166:04,Spuntino,17:30,base:recipe-version:piadina-mini-con-ricotta:09c4f393f702c181,base:recipe-version:banana-e-latte:a4b16218d9a8fc6e,Banana e latte,True,riduzione_latticini | varieta_distribuzione
166,Febbraio,D1,plant_pasta,base:meal:166:05,Cena,21:00,base:recipe-version:bowl-greca-delicata-con-pollo-feta-e-finocchi:8f162b0b48e8e42c,base:recipe-version:couscous-marocchino-delicato-con-tacchino-e-finocchi:6d8188dddd57a997,Couscous marocchino delicato con tacchino e finocchi,True,riduzione_latticini | varieta_distribuzione
167,Febbraio,D2,rice_animal,base:meal:167:01,Colazione,09:00,base:recipe-version:french-toast-delicato-con-frutta:9b1a650c7d194ae3,base:recipe-version:v6-yogurt-kiwi-e-noci:1f35f66ca7cb06e3,"Yogurt, kiwi e noci",True,riduzione_uova_albume | varieta_distribuzione
167,Febbraio,D2,rice_animal,base:meal:167:02,Pranzo,13:00,base:recipe-version:pasta-con-pollo-e-cavolfiore:1c1feaf83b6eb375,base:recipe-version:sogliola-con-riso-e-lattuga:dad2da960a909df7,Sogliola con riso e lattuga,True,riduzione_latticini | backbone_riso
167,Febbraio,D2,rice_animal,base:meal:167:03,Pasto preturno,18:30,base:recipe-version:risotto-delicato-con-salmone-e-carote:debc30dc70ba9495,base:recipe-version:v6-farro-con-tonno-e-radicchio:a2aa957d5bcb6ace,Farro con tonno e radicchio,True,riduzione_latticini | varieta_distribuzione
167,Febbraio,D2,rice_animal,base:meal:167:04,Spuntino notturno,23:30,base:recipe-version:crackers-e-primosale:89b1db2790bd5aea,base:recipe-version:crackers-e-primosale:89b1db2790bd5aea,Crackers e primosale,False,conservato
167,Febbraio,D2,rice_animal,base:meal:167:05,Spuntino notturno,03:30,base:recipe-version:ricotta-e-frutta:e975774931e472a9,base:recipe-version:v6-yogurt-con-frutti-di-bosco-e-nocciole:b86f2b6106ba2075,Yogurt con frutti di bosco e nocciole,True,riduzione_latticini | varieta_distribuzione
167,Febbraio,D2,rice_animal,base:meal:167:06,Mini-pasto pre-sonno,08:20,base:recipe-version:primosale-e-gallette-di-riso:c2e743864218b117,base:recipe-version:v6-fette-integrali-con-burro-di-arachidi-e-confettura:72fcd8752957f6a3,Fette integrali con burro di arachidi e confettura,True,riduzione_latticini | varieta_distribuzione
168,Febbraio,D3,other,base:meal:168:01,Brunch,15:00,base:recipe-version:brunch-kofte-di-tacchino-delicati-con-riso-e-spinaci:6f319aee6505b9e8,base:recipe-version:brunch-couscous-marocchino-delicato-con-tacchino-e-finocchi:eebf147165557e2b,Brunch: Couscous marocchino delicato con tacchino e finocchi,True,varieta_distribuzione
168,Febbraio,D3,other,base:meal:168:02,Spuntino,18:30,base:recipe-version:mini-mozzarella-e-frutta:d50104179f7dd94e,base:recipe-version:v6-kefir-con-banana-e-pistacchi:6663fc9362c6db18,Kefir con banana e pistacchi,True,riduzione_latticini | varieta_distribuzione
168,Febbraio,D3,other,base:meal:168:03,Cena,21:00,base:recipe-version:polpette-svedesi-leggere-con-finocchi:ffe2f2ba2ba41e72,base:recipe-version:v6c-brunch-completo-con-couscous-pollo-e-carote:b068d2d1e6885f55,"Brunch completo con couscous, pollo e carote",True,riduzione_uova_albume | varieta_distribuzione
169,Febbraio,D4,plant_pasta,base:meal:169:01,Colazione,08:00,base:recipe-version:kefir-con-fette-classiche-e-confettura:0a94b5180d6811b4,base:recipe-version:kefir-con-fette-classiche-e-confettura:0a94b5180d6811b4,Kefir con fette classiche e confettura,False,conservato
169,Febbraio,D4,plant_pasta,base:meal:169:02,Spuntino,11:00,base:recipe-version:feta-cetriolo-e-crackers:6874564aabe8b391,base:recipe-version:latte-e-gallette-di-riso:0305150caf7bf7be,Latte e gallette di riso,True,riduzione_latticini | stagionalita | varieta_distribuzione
169,Febbraio,D4,plant_pasta,base:meal:169:03,Pranzo,13:30,base:recipe-version:tacchino-con-riso-basmati-e-radicchio:440c2d054c742a4b,base:recipe-version:v6-pasta-e-cannellini-con-carciofi:1c84aec1e0489802,Pasta e cannellini con carciofi,True,backbone_vegetale_pasta
169,Febbraio,D4,plant_pasta,base:meal:169:04,Spuntino,17:30,base:recipe-version:frutta-e-fiocchi-di-latte-su-gallette:afe7761b46d14247,base:recipe-version:frutta-e-fiocchi-di-latte-su-gallette:afe7761b46d14247,Frutta e fiocchi di latte su gallette,False,conservato
169,Febbraio,D4,plant_pasta,base:meal:169:05,Cena,20:30,base:recipe-version:riso-teriyaki-delicato-con-tacchino-e-carciofi:e4b71ccbec6fce46,base:recipe-version:manzo-magro-con-pane-bianco-e-cavolfiore:09d23863cdb9eb6e,Manzo magro con pane bianco e cavolfiore,True,varieta_distribuzione
170,Febbraio,D5,rice_animal,base:meal:170:01,Colazione,08:00,base:recipe-version:toast-leggero-con-ricotta-e-frutta:01ec808040d53a6a,base:recipe-version:colazione-leggera-con-latte-e-fette-classiche:f0b9a32bfc5404fc,Colazione leggera con latte e fette classiche,True,riduzione_latticini | varieta_distribuzione
170,Febbraio,D5,rice_animal,base:meal:170:02,Spuntino,11:00,base:recipe-version:gallette-di-riso-e-ricotta:9f304408a83b200d,base:recipe-version:frutta-in-porzione-piccola:08e3edbd66951d58,Frutta in porzione piccola,True,riduzione_latticini | varieta_distribuzione
170,Febbraio,D5,rice_animal,base:meal:170:03,Pranzo,13:30,base:recipe-version:pranzo-leggero-con-pollo-riso-e-cavolfiore:4b87f1f403d94dda,base:recipe-version:riso-teriyaki-delicato-con-tacchino-e-carciofi:e4b71ccbec6fce46,Riso teriyaki delicato con tacchino e carciofi,True,riduzione_uova_albume | backbone_riso
170,Febbraio,D5,rice_animal,base:meal:170:04,Spuntino,17:30,base:recipe-version:kefir-piccolo:0120716d4b11c95a,base:recipe-version:kefir-piccolo:0120716d4b11c95a,Kefir piccolo,False,conservato
170,Febbraio,D5,rice_animal,base:meal:170:05,Cena,20:30,base:recipe-version:pasto-flessibile-croque-monsieur-leggero-e-contorno:4c95f50455838863,base:recipe-version:pollo-con-patate-e-spinaci:60e1b4880c2b8295,Pollo con patate e spinaci,True,varieta_distribuzione
171,Febbraio,D1,plant_rice,base:meal:171:01,Colazione,06:30,base:recipe-version:mini-piadina-con-tacchino-e-robiola:56c4ffbd2213f20d,base:recipe-version:v6-yogurt-con-avena-e-mela:1bc3c9dc04beea24,Yogurt con avena e mela,True,riduzione_latticini | varieta_distribuzione
171,Febbraio,D1,plant_rice,base:meal:171:02,Spuntino,10:30,base:recipe-version:frutta-e-grana:5f95b4386b897740,base:recipe-version:v6-gallette-di-riso-con-burro-di-arachidi-e-banana:0662b0d58a819f7a,Gallette di riso con burro di arachidi e banana,True,riduzione_latticini | varieta_distribuzione
171,Febbraio,D1,plant_rice,base:meal:171:03,Pranzo,13:30,base:recipe-version:frittata-morbida-con-patate-e-carote:1466ea910c3b14da,base:recipe-version:orata-con-patate-e-bietole:f7dd5fe6df51d49e,Orata con patate e bietole,True,riduzione_uova_albume | varieta_distribuzione
171,Febbraio,D1,plant_rice,base:meal:171:04,Spuntino,17:30,base:recipe-version:mini-panino-bianco-con-bresaola:b48622af1e275f0f,base:recipe-version:mini-panino-con-tacchino-a-fette:898c8264b59b67d8,Mini panino con tacchino a fette,True,varieta_distribuzione
171,Febbraio,D1,plant_rice,base:meal:171:05,Cena,21:00,base:recipe-version:risotto-delicato-con-primosale-e-radicchio:1d2d9cb423ef8129,base:recipe-version:v6-riso-jasmine-con-lupini-e-carote:f7a2f448e19fedd4,Riso jasmine con lupini e carote,True,riduzione_latticini | backbone_vegetale_riso
172,Febbraio,D2,pasta_animal,base:meal:172:01,Colazione,09:00,base:recipe-version:kefir-con-fette-classiche-e-confettura:2c2fb270f24d9d24,base:recipe-version:v6-pane-di-segale-burro-di-arachidi-e-pera:949d5ac5223fb3e8,"Pane di segale, burro di arachidi e pera",True,varieta_distribuzione
172,Febbraio,D2,pasta_animal,base:meal:172:02,Pranzo,13:00,base:recipe-version:frittata-morbida-con-patate-e-bietole:cc644aa964095fb2,base:recipe-version:v6-pasta-con-nasello-e-zucca:7bc29a7e5814c184,Pasta con nasello e zucca,True,riduzione_uova_albume | backbone_pasta
172,Febbraio,D2,pasta_animal,base:meal:172:03,Pasto preturno,18:30,base:recipe-version:piadina-con-prosciutto-cotto-robiola-e-carciofi:bbf01ab372f91ff1,base:recipe-version:piadina-con-prosciutto-cotto-robiola-e-carciofi:bbf01ab372f91ff1,"Piadina con prosciutto cotto, robiola e carciofi",False,conservato
172,Febbraio,D2,pasta_animal,base:meal:172:04,Spuntino notturno,23:30,base:recipe-version:crackers-classici-con-hummus-delicato:336656d51106c925,base:recipe-version:crackers-classici-con-hummus-delicato:336656d51106c925,Crackers classici con hummus delicato,False,conservato
172,Febbraio,D2,pasta_animal,base:meal:172:05,Spuntino notturno,03:30,base:recipe-version:latte-e-frutta:52f50bbedb3cc959,base:recipe-version:frutta-e-nocciole:971bc3435c9f8b39,Frutta e nocciole,True,varieta_distribuzione
172,Febbraio,D2,pasta_animal,base:meal:172:06,Mini-pasto pre-sonno,08:20,base:recipe-version:crackers-e-primosale:89b1db2790bd5aea,base:recipe-version:v6-pane-integrale-con-hummus-e-spinaci:1ba508863e4ce1bf,Pane integrale con hummus e spinaci,True,riduzione_latticini | varieta_distribuzione
173,Febbraio,D3,plant_pasta,base:meal:173:01,Brunch,15:00,base:recipe-version:brunch-wrap-morbido-con-pollo-primosale-e-radicchio:fcdf5e401be48e59,base:recipe-version:v6-pasta-e-lenticchie-con-carote:86363e74837643b7,Pasta e lenticchie con carote,True,riduzione_latticini | backbone_vegetale_pasta
173,Febbraio,D3,plant_pasta,base:meal:173:02,Spuntino,18:30,base:recipe-version:ricotta-e-frutta:79840a612df588f9,base:recipe-version:v6-crackers-integrali-con-hummus-e-carote:f06cae1e98dec421,Crackers integrali con hummus e carote,True,riduzione_latticini | varieta_distribuzione
173,Febbraio,D3,plant_pasta,base:meal:173:03,Cena,21:00,base:recipe-version:risotto-delicato-con-pollo-e-radicchio:f1e5760d15164be8,base:recipe-version:v6c-brunch-completo-con-pane-integrale-salmone-e-radicchio:00d65b0e082ec016,"Brunch completo con pane integrale, salmone e radicchio",True,riduzione_uova_albume | riduzione_latticini | varieta_distribuzione
174,Febbraio,D4,rice_animal,base:meal:174:01,Colazione,08:00,base:recipe-version:pane-di-segale-robiola-e-pera:4c0ce9c99fee421c,base:recipe-version:pane-di-segale-robiola-e-pera:4c0ce9c99fee421c,"Pane di segale, robiola e pera",False,conservato
174,Febbraio,D4,rice_animal,base:meal:174:02,Spuntino,11:00,base:recipe-version:crackers-e-ricotta:b5e12fff16ac4003,base:recipe-version:latte-e-frutta:8c4d1165cce186f8,Latte e frutta,True,riduzione_latticini | varieta_distribuzione
174,Febbraio,D4,rice_animal,base:meal:174:03,Pranzo,13:30,base:recipe-version:salmone-con-polenta-e-carciofi:f669043325b6b4ce,base:recipe-version:salmone-con-polenta-e-carciofi:f669043325b6b4ce,Salmone con polenta e carciofi,False,conservato
174,Febbraio,D4,rice_animal,base:meal:174:04,Spuntino,17:30,base:recipe-version:feta-cetriolo-e-crackers:6874564aabe8b391,base:recipe-version:kefir-e-frutta:5d2d12ec2da1027a,Kefir e frutta,True,riduzione_latticini | stagionalita | varieta_distribuzione
174,Febbraio,D4,rice_animal,base:meal:174:05,Cena,20:30,base:recipe-version:noodles-di-riso-con-pollo-e-bietole:0f02d14b9aa8eefb,base:recipe-version:riso-teriyaki-delicato-con-tacchino-e-spinaci:7ebcf1cfe3de74f2,Riso teriyaki delicato con tacchino e spinaci,True,backbone_riso
175,Febbraio,D5,other,base:meal:175:01,Colazione,08:00,base:recipe-version:toast-bianco-con-ricotta-e-confettura:c721af28b9b8a37b,base:recipe-version:yogurt-bianco-corn-flakes-e-banana:6ba3d2479e91774a,"Yogurt bianco, corn flakes e banana",True,riduzione_latticini | varieta_distribuzione
175,Febbraio,D5,other,base:meal:175:02,Spuntino,11:00,base:recipe-version:uovo-sodo-e-crackers:b92d407cf54f5e44,base:recipe-version:frutta-e-mandorle:cf32a2fabea95479,Frutta e mandorle,True,riduzione_uova_albume | varieta_distribuzione
175,Febbraio,D5,other,base:meal:175:03,Pranzo,13:30,base:recipe-version:polpette-svedesi-leggere-con-finocchi:ddcab9fe75d5ba64,base:recipe-version:salmone-nordico-con-patate-e-cavolfiore:a5af330bd4835b4d,Salmone nordico con patate e cavolfiore,True,riduzione_uova_albume | varieta_distribuzione
175,Febbraio,D5,other,base:meal:175:04,Spuntino,17:30,base:recipe-version:frutta-e-nocciole:971bc3435c9f8b39,base:recipe-version:v6-mini-panino-con-tacchino-e-spinaci:f554c16213f54aa1,Mini panino con tacchino e spinaci,True,varieta_distribuzione
175,Febbraio,D5,other,base:meal:175:05,Cena,20:30,base:recipe-version:frittata-morbida-con-patate-e-carciofi:0c24449fdeeca124,base:recipe-version:manzo-magro-con-polenta-e-carote:c034ee16ad5033e0,Manzo magro con polenta e carote,True,riduzione_uova_albume | varieta_distribuzione
176,Febbraio,D1,plant_pasta,base:meal:176:01,Colazione,06:30,base:recipe-version:fette-biscottate-con-robiola-e-miele:8f247890d0e8d841,base:recipe-version:fette-biscottate-con-robiola-e-miele:8f247890d0e8d841,Fette biscottate con robiola e miele,False,conservato
176,Febbraio,D1,plant_pasta,base:meal:176:02,Spuntino,10:30,base:recipe-version:frutta-e-nocciole:971bc3435c9f8b39,base:recipe-version:piccola-porzione-di-lupini-e-frutta:6a911f595824db87,Piccola porzione di lupini e frutta,True,varieta_distribuzione
176,Febbraio,D1,plant_pasta,base:meal:176:03,Pranzo,13:30,base:recipe-version:piatto-caldo-con-robiola-polenta-e-bietole:188ba8ebd2c9e2b8,base:recipe-version:couscous-marocchino-delicato-con-tacchino-e-finocchi:cbfe17996f981092,Couscous marocchino delicato con tacchino e finocchi,True,riduzione_uova_albume | riduzione_latticini | varieta_distribuzione
176,Febbraio,D1,plant_pasta,base:meal:176:04,Spuntino,17:30,base:recipe-version:frutta-e-grana:5e9b70b7af6c0676,base:recipe-version:kefir-e-fette-classiche:4c24043bb18dbd80,Kefir e fette classiche,True,riduzione_latticini | varieta_distribuzione
176,Febbraio,D1,plant_pasta,base:meal:176:05,Cena,21:00,base:recipe-version:wrap-morbido-con-pollo-primosale-e-radicchio:f5266f2855084edf,base:recipe-version:v6-pasta-e-ceci-con-broccoli:83b8f13d2844e188,Pasta e ceci con broccoli,True,riduzione_latticini | backbone_vegetale_pasta
177,Febbraio,D2,rice_animal,base:meal:177:01,Colazione,09:00,base:recipe-version:pane-di-segale-robiola-e-pera:bdf0fbc211bec53a,base:recipe-version:porridge-piccolo-con-frutta-cotta:4eb65512fcd2116f,Porridge piccolo con frutta cotta,True,riduzione_latticini | varieta_distribuzione
177,Febbraio,D2,rice_animal,base:meal:177:02,Pranzo,13:00,base:recipe-version:kofte-di-tacchino-delicati-con-riso-e-spinaci:ed32769eca60a57a,base:recipe-version:kofte-di-tacchino-delicati-con-riso-e-spinaci:ed32769eca60a57a,Kofte di tacchino delicati con riso e spinaci,False,conservato
177,Febbraio,D2,rice_animal,base:meal:177:03,Pasto preturno,18:30,base:recipe-version:frittata-morbida-con-patate-e-radicchio:1c65e63162604884,base:recipe-version:v6-pane-integrale-con-pollo-e-zucca-arrosto:d29d09614bd2ff7b,Pane integrale con pollo e zucca arrosto,True,riduzione_uova_albume | varieta_distribuzione
177,Febbraio,D2,rice_animal,base:meal:177:04,Spuntino notturno,23:30,base:recipe-version:frutta-e-primosale:28e68a4303213a74,base:recipe-version:latte-e-gallette-di-riso:0305150caf7bf7be,Latte e gallette di riso,True,riduzione_latticini | varieta_distribuzione
177,Febbraio,D2,rice_animal,base:meal:177:05,Spuntino notturno,03:30,base:recipe-version:kefir-e-fette-classiche:4c24043bb18dbd80,base:recipe-version:mini-panino-bianco-con-bresaola:b48622af1e275f0f,Mini panino bianco con bresaola,True,varieta_distribuzione
177,Febbraio,D2,rice_animal,base:meal:177:06,Mini-pasto pre-sonno,08:20,base:recipe-version:banana-e-latte:a4b16218d9a8fc6e,base:recipe-version:v6-kefir-con-banana-e-pistacchi:6663fc9362c6db18,Kefir con banana e pistacchi,True,varieta_distribuzione
178,Febbraio,D3,plant_rice,base:meal:178:01,Brunch,15:00,base:recipe-version:brunch-bowl-libanese-delicata-con-pollo-e-cavolfiore:af784d03dc2e7330,base:recipe-version:v6-riso-basmati-con-ceci-e-carote:7277f67999f4413a,Riso basmati con ceci e carote,True,riduzione_uova_albume | backbone_vegetale_riso
178,Febbraio,D3,plant_rice,base:meal:178:02,Spuntino,18:30,base:recipe-version:latte-e-frutta:be9de76ab5b19d0a,base:recipe-version:yogurt-bianco-e-banana:047824242ce72a93,Yogurt bianco e banana,True,varieta_distribuzione
178,Febbraio,D3,plant_rice,base:meal:178:03,Cena,21:00,base:recipe-version:jacket-potato-con-tonno-primosale-e-radicchio:88e89b9d762228b6,base:recipe-version:jacket-potato-con-tonno-primosale-e-radicchio:88e89b9d762228b6,"Jacket potato con tonno, primosale e radicchio",False,conservato
179,Febbraio,D4,pasta_animal,base:meal:179:01,Colazione,08:00,base:recipe-version:omelette-alla-feta-con-pane-bianco:5aa2b5a6c5b8a50a,base:recipe-version:kefir-con-fette-classiche-e-confettura:ca779e18c3f24413,Kefir con fette classiche e confettura,True,riduzione_uova_albume | riduzione_latticini | varieta_distribuzione
179,Febbraio,D4,pasta_animal,base:meal:179:02,Spuntino,11:00,base:recipe-version:latte-e-gallette-di-riso:0305150caf7bf7be,base:recipe-version:v6-fette-integrali-con-burro-di-arachidi-e-confettura:72fcd8752957f6a3,Fette integrali con burro di arachidi e confettura,True,varieta_distribuzione
179,Febbraio,D4,pasta_animal,base:meal:179:03,Pranzo,13:30,base:recipe-version:risotto-delicato-con-salmone-e-carciofi:9706a3fc6988f08a,base:recipe-version:filetto-di-maiale-con-polenta-e-zucca:173114f52e739b82,Filetto di maiale con polenta e zucca,True,riduzione_latticini | varieta_distribuzione
179,Febbraio,D4,pasta_animal,base:meal:179:04,Spuntino,17:30,base:recipe-version:crackers-e-ricotta:b5e12fff16ac4003,base:recipe-version:frutta-in-porzione-piccola:9fa65d918b9175ba,Frutta in porzione piccola,True,riduzione_latticini | varieta_distribuzione
179,Febbraio,D4,pasta_animal,base:meal:179:05,Cena,20:30,base:recipe-version:salmone-nordico-con-patate-e-broccoli:3bf06f6c333277ab,base:recipe-version:v6-pasta-con-pollo-e-broccoli:de3fc0b129ecc413,Pasta con pollo e broccoli,True,backbone_pasta
180,Febbraio,D5,plant_pasta,base:meal:180:01,Colazione,08:00,base:recipe-version:colazione-leggera-con-latte-e-fette-classiche:c499e5cad0f67ae9,base:recipe-version:v6-pane-di-segale-burro-di-arachidi-e-pera:949d5ac5223fb3e8,"Pane di segale, burro di arachidi e pera",True,varieta_distribuzione
180,Febbraio,D5,plant_pasta,base:meal:180:02,Spuntino,11:00,base:recipe-version:gallette-di-riso-e-ricotta:9f304408a83b200d,base:recipe-version:gallette-di-riso-e-ricotta:9f304408a83b200d,Gallette di riso e ricotta,False,conservato
180,Febbraio,D5,plant_pasta,base:meal:180:03,Pranzo,13:30,base:recipe-version:pranzo-leggero-con-tacchino-patate-e-spinaci:0f665cf77535a378,base:recipe-version:v6-pasta-e-ceci-con-zucca:04b7f6a9d9589b93,Pasta e ceci con zucca,True,riduzione_uova_albume | backbone_vegetale_pasta
180,Febbraio,D5,plant_pasta,base:meal:180:04,Spuntino,17:30,base:recipe-version:kefir-piccolo:0120716d4b11c95a,base:recipe-version:frutta-e-nocciole:62c8e8712f5c0200,Frutta e nocciole,True,varieta_distribuzione
180,Febbraio,D5,plant_pasta,base:meal:180:05,Cena,20:30,base:recipe-version:pasto-flessibile-ravioli-ricotta-e-spinaci-contorno-e-piccolo-dolce:1de614cd4828c63a,base:recipe-version:v6c-brunch-completo-con-couscous-salmone-e-zucca:102298fa07c2f568,"Brunch completo con couscous, salmone e zucca",True,varieta_distribuzione
