recipe_version_id,recipe_id,recipe_title,used_occurrences,egg_equivalent_units,dairy_occurrence,dairy_codes,primary_protein,primary_protein_g,primary_protein_share,legume_quantity_g,legume_protein_g,legume_share_of_recognized_protein,plant_protein_main,primary_carb,pasta_rice_primary,ingredient_codes
base:recipe-version:banana-e-latte:a4b16218d9a8fc6e,base:recipe:banana-e-latte,Banana e latte,8,0.0,no,[],milk_yogurt,5.94,1.0,0.0,0.0,0.0,no,,no,"[""banana"", ""latte_ps""]"
base:recipe-version:bowl-coreana-delicata-con-manzo-riso-e-broccoli:8f339ab02fbaac9b,base:recipe:bowl-coreana-delicata-con-manzo-riso-e-broccoli,"Bowl coreana delicata con manzo, riso e broccoli",3,0.0,no,[],red_meat,24.2,0.9782,0.0,0.0,0.0,no,rice,yes,"[""broccoli"", ""carciofo"", ""manzo_magro"", ""riso_jasmine"", ""salsa_soia"", ""sesamo""]"
base:recipe-version:bowl-coreana-delicata-con-manzo-riso-e-carote:1293bd4b61952158,base:recipe:bowl-coreana-delicata-con-manzo-riso-e-carote,"Bowl coreana delicata con manzo, riso e carote",0,0.0,no,[],red_meat,24.2,0.9782,0.0,0.0,0.0,no,rice,yes,"[""carota"", ""manzo_magro"", ""riso_jasmine"", ""salsa_soia"", ""sesamo"", ""spinaci""]"
base:recipe-version:bowl-coreana-delicata-con-manzo-riso-e-carote:65761b5bbf817bdd,base:recipe:bowl-coreana-delicata-con-manzo-riso-e-carote,"Bowl coreana delicata con manzo, riso e carote",0,0.0,no,[],red_meat,24.2,0.9782,0.0,0.0,0.0,no,rice,yes,"[""carota"", ""manzo_magro"", ""melanzana"", ""riso_jasmine"", ""salsa_soia"", ""sesamo""]"
base:recipe-version:bowl-coreana-delicata-con-manzo-riso-e-carote:b1a32c25c8e098c3,base:recipe:bowl-coreana-delicata-con-manzo-riso-e-carote,"Bowl coreana delicata con manzo, riso e carote",1,0.0,no,[],red_meat,24.2,0.9782,0.0,0.0,0.0,no,rice,yes,"[""carota"", ""manzo_magro"", ""riso_jasmine"", ""salsa_soia"", ""sesamo"", ""spinaci""]"
base:recipe-version:bowl-coreana-delicata-con-manzo-riso-e-carote:d1b595b5e437cfbd,base:recipe:bowl-coreana-delicata-con-manzo-riso-e-carote,"Bowl coreana delicata con manzo, riso e carote",0,1.6,no,[],red_meat,24.2,0.7233,0.0,0.0,0.0,no,rice,yes,"[""albume"", ""carota"", ""manzo_magro"", ""pane_bianco"", ""riso_jasmine"", ""salsa_soia"", ""sesamo"", ""spinaci""]"
base:recipe-version:bowl-coreana-delicata-con-manzo-riso-e-cavolfiore:57bba950e198a83f,base:recipe:bowl-coreana-delicata-con-manzo-riso-e-cavolfiore,"Bowl coreana delicata con manzo, riso e cavolfiore",0,0.0,no,[],red_meat,24.2,0.9782,0.0,0.0,0.0,no,rice,yes,"[""cavolfiore"", ""funghi"", ""manzo_magro"", ""riso_jasmine"", ""salsa_soia"", ""sesamo""]"
base:recipe-version:bowl-greca-delicata-con-pollo-feta-e-finocchi:8f162b0b48e8e42c,base:recipe:bowl-greca-delicata-con-pollo-feta-e-finocchi,"Bowl greca delicata con pollo, feta e finocchi",0,0.0,yes,"[""feta""]",poultry,25.3,0.8377,0.0,0.0,0.0,no,rice,yes,"[""feta"", ""finocchio"", ""olio"", ""pane_bianco"", ""pollo"", ""riso_basmati""]"
base:recipe-version:bowl-greca-delicata-con-pollo-feta-e-finocchi:b41adde077b12d94,base:recipe:bowl-greca-delicata-con-pollo-feta-e-finocchi,"Bowl greca delicata con pollo, feta e finocchi",0,0.0,yes,"[""feta""]",poultry,25.3,0.8377,0.0,0.0,0.0,no,rice,yes,"[""feta"", ""finocchio"", ""olio"", ""pollo"", ""riso_integrale""]"
base:recipe-version:bowl-greca-delicata-con-pollo-feta-e-finocchi:f122945c590a00f2,base:recipe:bowl-greca-delicata-con-pollo-feta-e-finocchi,"Bowl greca delicata con pollo, feta e finocchi",0,0.0,yes,"[""feta""]",poultry,25.3,0.8377,0.0,0.0,0.0,no,rice,yes,"[""feta"", ""finocchio"", ""olio"", ""pollo"", ""riso_basmati""]"
base:recipe-version:bowl-greca-delicata-con-pollo-feta-e-zucca:4e14a2e31e43d7bb,base:recipe:bowl-greca-delicata-con-pollo-feta-e-zucca,"Bowl greca delicata con pollo, feta e zucca",0,0.0,yes,"[""feta""]",poultry,25.3,0.8377,0.0,0.0,0.0,no,rice,yes,"[""feta"", ""olio"", ""pollo"", ""riso_basmati"", ""zucca""]"
base:recipe-version:bowl-greca-delicata-con-pollo-feta-e-zucca:6d838eced89712ef,base:recipe:bowl-greca-delicata-con-pollo-feta-e-zucca,"Bowl greca delicata con pollo, feta e zucca",0,0.0,yes,"[""feta""]",poultry,25.3,0.8377,0.0,0.0,0.0,no,rice,yes,"[""feta"", ""olio"", ""pollo"", ""riso_basmati"", ""zucca""]"
base:recipe-version:bowl-greca-delicata-con-pollo-feta-e-zucca:9f2fd9275b7e293c,base:recipe:bowl-greca-delicata-con-pollo-feta-e-zucca,"Bowl greca delicata con pollo, feta e zucca",0,1.6,yes,"[""feta""]",poultry,25.3,0.6501,0.0,0.0,0.0,no,rice,yes,"[""albume"", ""feta"", ""olio"", ""pane_bianco"", ""pollo"", ""riso_basmati"", ""zucca""]"
base:recipe-version:bowl-greca-delicata-con-pollo-feta-e-zucca:a0603a878bb7abc5,base:recipe:bowl-greca-delicata-con-pollo-feta-e-zucca,"Bowl greca delicata con pollo, feta e zucca",0,0.0,yes,"[""feta""]",poultry,25.3,0.8377,0.0,0.0,0.0,no,rice,yes,"[""feta"", ""olio"", ""pollo"", ""riso_basmati"", ""zucca""]"
base:recipe-version:bowl-greca-delicata-con-pollo-feta-e-zucchine:15c1162c0403e1d0,base:recipe:bowl-greca-delicata-con-pollo-feta-e-zucchine,"Bowl greca delicata con pollo, feta e zucchine",0,0.0,yes,"[""feta""]",poultry,25.3,0.8377,0.0,0.0,0.0,no,rice,yes,"[""feta"", ""olio"", ""pollo"", ""riso_basmati"", ""zucchina""]"
base:recipe-version:bowl-libanese-delicata-con-pollo-e-carote:1bebfe8f0f652905,base:recipe:bowl-libanese-delicata-con-pollo-e-carote,Bowl libanese delicata con pollo e carote,0,0.0,no,[],poultry,26.45,0.9363,0.0,0.0,0.0,no,rice,yes,"[""carota"", ""olio"", ""pollo"", ""riso_basmati"", ""yogurt_bianco""]"
base:recipe-version:bowl-libanese-delicata-con-pollo-e-carote:1fc9cf3e2182a3e9,base:recipe:bowl-libanese-delicata-con-pollo-e-carote,Bowl libanese delicata con pollo e carote,0,0.0,no,[],poultry,26.45,0.9363,0.0,0.0,0.0,no,rice,yes,"[""carota"", ""olio"", ""pollo"", ""riso_basmati"", ""yogurt_bianco""]"
base:recipe-version:bowl-libanese-delicata-con-pollo-e-carote:aa410de3e2574037,base:recipe:bowl-libanese-delicata-con-pollo-e-carote,Bowl libanese delicata con pollo e carote,0,1.6,no,[],poultry,26.45,0.7154,0.0,0.0,0.0,no,bread,no,"[""albume"", ""carota"", ""olio"", ""pane_bianco"", ""pollo"", ""riso_basmati"", ""yogurt_bianco""]"
base:recipe-version:bowl-libanese-delicata-con-pollo-e-zucchine:a15e5abe7245291d,base:recipe:bowl-libanese-delicata-con-pollo-e-zucchine,Bowl libanese delicata con pollo e zucchine,0,0.0,no,[],poultry,26.45,0.9363,0.0,0.0,0.0,no,rice,yes,"[""olio"", ""pollo"", ""riso_basmati"", ""yogurt_bianco"", ""zucchina""]"
base:recipe-version:branzino-con-polenta-e-finocchi:d61134f849a13e58,base:recipe:branzino-con-polenta-e-finocchi,Branzino con polenta e finocchi,2,0.0,no,[],fish,30.6,1.0,0.0,0.0,0.0,no,other_grains,no,"[""branzino"", ""finocchio"", ""olio"", ""polenta""]"
base:recipe-version:branzino-con-polenta-e-zucca:774ae20421803368,base:recipe:branzino-con-polenta-e-zucca,Branzino con polenta e zucca,1,0.0,no,[],fish,30.6,1.0,0.0,0.0,0.0,no,other_grains,no,"[""branzino"", ""olio"", ""polenta"", ""zucca""]"
base:recipe-version:branzino-con-polenta-e-zucchine:05d43f46b0cd324d,base:recipe:branzino-con-polenta-e-zucchine,Branzino con polenta e zucchine,2,0.0,no,[],fish,30.6,1.0,0.0,0.0,0.0,no,other_grains,no,"[""branzino"", ""olio"", ""polenta"", ""zucchina""]"
base:recipe-version:brunch-bowl-coreana-delicata-con-manzo-riso-e-carote:423d649b72c9b88e,base:recipe:brunch-bowl-coreana-delicata-con-manzo-riso-e-carote,"Brunch: Bowl coreana delicata con manzo, riso e carote",0,1.6,no,[],red_meat,24.2,0.7233,0.0,0.0,0.0,no,rice,yes,"[""albume"", ""banana"", ""carota"", ""manzo_magro"", ""riso_jasmine"", ""salsa_soia"", ""sesamo"", ""spinaci""]"
base:recipe-version:brunch-bowl-coreana-delicata-con-manzo-riso-e-cavolfiore:63b56b94717dece6,base:recipe:brunch-bowl-coreana-delicata-con-manzo-riso-e-cavolfiore,"Brunch: Bowl coreana delicata con manzo, riso e cavolfiore",0,1.6,no,[],red_meat,24.2,0.7233,0.0,0.0,0.0,no,rice,yes,"[""albume"", ""arancia"", ""carciofo"", ""cavolfiore"", ""manzo_magro"", ""riso_jasmine"", ""salsa_soia"", ""sesamo""]"
base:recipe-version:brunch-bowl-greca-delicata-con-pollo-feta-e-finocchi:520bc40de1b4a1f2,base:recipe:brunch-bowl-greca-delicata-con-pollo-feta-e-finocchi,"Brunch: Bowl greca delicata con pollo, feta e finocchi",0,1.6,yes,"[""feta""]",poultry,25.3,0.6501,0.0,0.0,0.0,no,rice,yes,"[""albume"", ""feta"", ""finocchio"", ""kiwi"", ""olio"", ""pollo"", ""riso_basmati""]"
base:recipe-version:brunch-bowl-greca-delicata-con-pollo-feta-e-finocchi:7efcddfacc60ed6d,base:recipe:brunch-bowl-greca-delicata-con-pollo-feta-e-finocchi,"Brunch: Bowl greca delicata con pollo, feta e finocchi",0,1.6,yes,"[""feta""]",poultry,25.3,0.6501,0.0,0.0,0.0,no,rice,yes,"[""albume"", ""feta"", ""finocchio"", ""mela"", ""olio"", ""pollo"", ""riso_basmati""]"
base:recipe-version:brunch-bowl-greca-delicata-con-pollo-feta-e-zucca:07916c78b183b2f3,base:recipe:brunch-bowl-greca-delicata-con-pollo-feta-e-zucca,"Brunch: Bowl greca delicata con pollo, feta e zucca",0,1.6,yes,"[""feta""]",poultry,25.3,0.6501,0.0,0.0,0.0,no,rice,yes,"[""albume"", ""cachi"", ""feta"", ""olio"", ""pollo"", ""riso_basmati"", ""zucca""]"
base:recipe-version:brunch-bowl-libanese-delicata-con-pollo-e-carote:0d98b20f23d7e14c,base:recipe:brunch-bowl-libanese-delicata-con-pollo-e-carote,Brunch: Bowl libanese delicata con pollo e carote,0,1.6,no,[],poultry,26.45,0.7154,0.0,0.0,0.0,no,rice,yes,"[""albume"", ""carota"", ""mela"", ""olio"", ""pollo"", ""riso_basmati"", ""yogurt_bianco""]"
base:recipe-version:brunch-bowl-libanese-delicata-con-pollo-e-cavolfiore:af784d03dc2e7330,base:recipe:brunch-bowl-libanese-delicata-con-pollo-e-cavolfiore,Brunch: Bowl libanese delicata con pollo e cavolfiore,0,1.6,no,[],poultry,26.45,0.7154,0.0,0.0,0.0,no,rice,yes,"[""albume"", ""cavolfiore"", ""mandarino"", ""olio"", ""pollo"", ""riso_basmati"", ""yogurt_bianco""]"
base:recipe-version:brunch-bowl-libanese-delicata-con-pollo-e-zucchine:bae3486662495964,base:recipe:brunch-bowl-libanese-delicata-con-pollo-e-zucchine,Brunch: Bowl libanese delicata con pollo e zucchine,0,1.6,no,[],poultry,26.45,0.7154,0.0,0.0,0.0,no,rice,yes,"[""albume"", ""cachi"", ""olio"", ""pollo"", ""riso_basmati"", ""yogurt_bianco"", ""zucchina""]"
base:recipe-version:brunch-burger-di-tacchino-con-pane-e-zucca-al-forno:51d145e2523448a2,base:recipe:brunch-burger-di-tacchino-con-pane-e-zucca-al-forno,Brunch: Burger di tacchino con pane e zucca al forno,0,0.0,yes,"[""ricotta""]",poultry,31.2,0.9102,0.0,0.0,0.0,no,bread,no,"[""olio"", ""pane_bianco"", ""pera"", ""ricotta"", ""tacchino"", ""zucca""]"
base:recipe-version:brunch-burger-di-tacchino-con-pane-e-zucca-al-forno:c375035a445652fc,base:recipe:brunch-burger-di-tacchino-con-pane-e-zucca-al-forno,Brunch: Burger di tacchino con pane e zucca al forno,0,0.0,yes,"[""ricotta""]",poultry,31.2,0.9102,0.0,0.0,0.0,no,bread,no,"[""kiwi"", ""olio"", ""pane_bianco"", ""ricotta"", ""tacchino"", ""zucca""]"
base:recipe-version:brunch-burger-di-tacchino-con-pane-e-zucca-al-forno:f709e3e2d48d318a,base:recipe:brunch-burger-di-tacchino-con-pane-e-zucca-al-forno,Brunch: Burger di tacchino con pane e zucca al forno,0,0.0,yes,"[""ricotta""]",poultry,31.2,0.9102,0.0,0.0,0.0,no,bread,no,"[""mela"", ""olio"", ""pane_integrale"", ""ricotta"", ""tacchino"", ""zucca""]"
base:recipe-version:brunch-couscous-marocchino-delicato-con-tacchino-e-fagiolini:cdc52c441541b852,base:recipe:brunch-couscous-marocchino-delicato-con-tacchino-e-fagiolini,Brunch: Couscous marocchino delicato con tacchino e fagiolini,0,0.0,no,[],poultry,26.4,1.0,0.0,0.0,0.0,no,other_grains,no,"[""carota"", ""couscous"", ""fagiolini"", ""olio"", ""tacchino"", ""uva""]"
base:recipe-version:brunch-couscous-marocchino-delicato-con-tacchino-e-finocchi:eebf147165557e2b,base:recipe:brunch-couscous-marocchino-delicato-con-tacchino-e-finocchi,Brunch: Couscous marocchino delicato con tacchino e finocchi,1,0.0,no,[],poultry,26.4,1.0,0.0,0.0,0.0,no,other_grains,no,"[""cavolfiore"", ""couscous"", ""finocchio"", ""kiwi"", ""olio"", ""tacchino""]"
base:recipe-version:brunch-couscous-marocchino-delicato-con-tacchino-e-spinaci:2557ab866f22e233,base:recipe:brunch-couscous-marocchino-delicato-con-tacchino-e-spinaci,Brunch: Couscous marocchino delicato con tacchino e spinaci,0,0.0,no,[],poultry,26.4,1.0,0.0,0.0,0.0,no,other_grains,no,"[""banana"", ""broccoli"", ""couscous"", ""olio"", ""spinaci"", ""tacchino""]"
base:recipe-version:brunch-croque-monsieur-leggero-con-cotto-mozzarella-e-carciofi:56dec7c50290a4ca,base:recipe:brunch-croque-monsieur-leggero-con-cotto-mozzarella-e-carciofi,"Brunch: Croque monsieur leggero con cotto, mozzarella e carciofi",0,1.6,yes,"[""mozzarella""]",,12.0,0.3807,0.0,0.0,0.0,no,bread,no,"[""albume"", ""carciofo"", ""mela"", ""mozzarella"", ""pane_bianco"", ""prosciutto_cotto""]"
base:recipe-version:brunch-croque-monsieur-leggero-con-cotto-mozzarella-e-funghi:3445c6dd8204e71f,base:recipe:brunch-croque-monsieur-leggero-con-cotto-mozzarella-e-funghi,"Brunch: Croque monsieur leggero con cotto, mozzarella e funghi",0,1.6,yes,"[""mozzarella""]",,12.0,0.3807,0.0,0.0,0.0,no,bread,no,"[""albume"", ""funghi"", ""mandarino"", ""mozzarella"", ""pane_integrale"", ""prosciutto_cotto""]"
base:recipe-version:brunch-croque-monsieur-leggero-con-cotto-mozzarella-e-melanzane:fc8810506d8d8fb9,base:recipe:brunch-croque-monsieur-leggero-con-cotto-mozzarella-e-melanzane,"Brunch: Croque monsieur leggero con cotto, mozzarella e melanzane",0,1.6,yes,"[""mozzarella""]",,12.0,0.3807,0.0,0.0,0.0,no,bread,no,"[""albume"", ""fico"", ""melanzana"", ""mozzarella"", ""pane_integrale"", ""prosciutto_cotto""]"
base:recipe-version:brunch-curry-bianco-molto-delicato-di-pollo-e-zucca:a62778145c4cb2d2,base:recipe:brunch-curry-bianco-molto-delicato-di-pollo-e-zucca,Brunch: Curry bianco molto delicato di pollo e zucca,0,1.6,no,[],poultry,26.45,0.7521,0.0,0.0,0.0,no,rice,yes,"[""albume"", ""banana"", ""latte_cocco_light"", ""olio"", ""pollo"", ""riso_integrale"", ""zucca""]"
base:recipe-version:brunch-jacket-potato-con-tonno-primosale-e-radicchio:62050051d69c469b,base:recipe:brunch-jacket-potato-con-tonno-primosale-e-radicchio,"Brunch: Jacket potato con tonno, primosale e radicchio",0,0.0,yes,"[""primosale""]",fish,23.4,0.7647,0.0,0.0,0.0,no,potato,no,"[""olio"", ""patata"", ""pera"", ""primosale"", ""radicchio"", ""tonno_naturale""]"
base:recipe-version:brunch-kofte-di-tacchino-delicati-con-riso-e-bietole:a868797ef77a836a,base:recipe:brunch-kofte-di-tacchino-delicati-con-riso-e-bietole,Brunch: Kofte di tacchino delicati con riso e bietole,0,0.0,no,[],poultry,31.2,0.9512,0.0,0.0,0.0,no,rice,yes,"[""bietola"", ""mandarino"", ""olio"", ""pangrattato"", ""riso_basmati"", ""tacchino"", ""yogurt_bianco""]"
base:recipe-version:brunch-kofte-di-tacchino-delicati-con-riso-e-radicchio:1d80294769500be2,base:recipe:brunch-kofte-di-tacchino-delicati-con-riso-e-radicchio,Brunch: Kofte di tacchino delicati con riso e radicchio,3,0.0,no,[],poultry,31.2,0.9512,0.0,0.0,0.0,no,rice,yes,"[""mela"", ""olio"", ""pangrattato"", ""radicchio"", ""riso_integrale"", ""tacchino"", ""yogurt_bianco""]"
base:recipe-version:brunch-kofte-di-tacchino-delicati-con-riso-e-spinaci:6f319aee6505b9e8,base:recipe:brunch-kofte-di-tacchino-delicati-con-riso-e-spinaci,Brunch: Kofte di tacchino delicati con riso e spinaci,0,0.0,no,[],poultry,31.2,0.9512,0.0,0.0,0.0,no,rice,yes,"[""mela"", ""olio"", ""pangrattato"", ""riso_basmati"", ""spinaci"", ""tacchino"", ""yogurt_bianco""]"
base:recipe-version:brunch-noodles-di-riso-con-pollo-e-finocchi:77a636a09e897fa8,base:recipe:brunch-noodles-di-riso-con-pollo-e-finocchi,Brunch: Noodles di riso con pollo e finocchi,1,1.6,no,[],poultry,25.3,0.7437,0.0,0.0,0.0,no,other_grains,no,"[""albume"", ""cavolfiore"", ""finocchio"", ""mandarino"", ""noodles_riso"", ""olio"", ""pollo"", ""salsa_soia""]"
base:recipe-version:brunch-noodles-di-riso-con-pollo-e-spinaci:57996d4ba22fbbda,base:recipe:brunch-noodles-di-riso-con-pollo-e-spinaci,Brunch: Noodles di riso con pollo e spinaci,0,0.0,no,[],poultry,25.3,1.0,0.0,0.0,0.0,no,other_grains,no,"[""broccoli"", ""noodles_riso"", ""olio"", ""pera"", ""pollo"", ""salsa_soia"", ""spinaci""]"
base:recipe-version:brunch-poke-tiepido-con-salmone-e-lattuga:c16219f1237dbc17,base:recipe:brunch-poke-tiepido-con-salmone-e-lattuga,Brunch: Poke tiepido con salmone e lattuga,0,3.2,no,[],fish,20.0,0.5266,0.0,0.0,0.0,no,rice,yes,"[""albume"", ""cetriolo"", ""fico"", ""lattuga"", ""riso_integrale"", ""salmone"", ""salsa_soia"", ""sesamo""]"
base:recipe-version:brunch-polpette-svedesi-leggere-con-finocchi:26766f7a5b341cea,base:recipe:brunch-polpette-svedesi-leggere-con-finocchi,Brunch: Polpette svedesi leggere con finocchi,0,0.6,no,[],poultry,31.2,0.8529,0.0,0.0,0.0,no,potato,no,"[""finocchio"", ""mandarino"", ""olio"", ""pangrattato"", ""patata"", ""tacchino"", ""uovo"", ""yogurt_bianco""]"
base:recipe-version:brunch-polpette-svedesi-leggere-con-zucca:2996ac5a3ebbda26,base:recipe:brunch-polpette-svedesi-leggere-con-zucca,Brunch: Polpette svedesi leggere con zucca,0,0.6,no,[],poultry,31.2,0.8529,0.0,0.0,0.0,no,potato,no,"[""mela"", ""olio"", ""pangrattato"", ""patata"", ""tacchino"", ""uovo"", ""yogurt_bianco"", ""zucca""]"
base:recipe-version:brunch-riso-teriyaki-delicato-con-tacchino-e-carciofi:dd1df9125ddfa6b3,base:recipe:brunch-riso-teriyaki-delicato-con-tacchino-e-carciofi,Brunch: Riso teriyaki delicato con tacchino e carciofi,3,0.0,no,[],poultry,27.6,1.0,0.0,0.0,0.0,no,rice,yes,"[""bietola"", ""carciofo"", ""olio"", ""pompelmo"", ""riso_jasmine"", ""salsa_soia"", ""tacchino""]"
base:recipe-version:brunch-salmone-nordico-con-patate-e-bietole:ccfb3e76efd51dbc,base:recipe:brunch-salmone-nordico-con-patate-e-bietole,Brunch: Salmone nordico con patate e bietole,0,1.6,no,[],fish,24.0,0.6993,0.0,0.0,0.0,no,potato,no,"[""albume"", ""bietola"", ""kiwi"", ""olio"", ""patata"", ""salmone"", ""yogurt_bianco""]"
base:recipe-version:brunch-salmone-nordico-con-patate-e-cavolfiore:231333569dcf995f,base:recipe:brunch-salmone-nordico-con-patate-e-cavolfiore,Brunch: Salmone nordico con patate e cavolfiore,1,1.6,no,[],fish,24.0,0.6993,0.0,0.0,0.0,no,potato,no,"[""albume"", ""arancia"", ""cavolfiore"", ""olio"", ""patata"", ""salmone"", ""yogurt_bianco""]"
base:recipe-version:brunch-salmone-nordico-con-patate-e-zucca:6c518a0b9734ea57,base:recipe:brunch-salmone-nordico-con-patate-e-zucca,Brunch: Salmone nordico con patate e zucca,0,1.6,no,[],fish,24.0,0.6993,0.0,0.0,0.0,no,potato,no,"[""albume"", ""olio"", ""patata"", ""salmone"", ""uva"", ""yogurt_bianco"", ""zucca""]"
base:recipe-version:brunch-tortilla-spagnola-leggera-con-zucchine:077a564b9ed6cef4,base:recipe:brunch-tortilla-spagnola-leggera-con-zucchine,Brunch: Tortilla spagnola leggera con zucchine,0,5.6,no,[],eggs,32.22,1.0,0.0,0.0,0.0,no,potato,no,"[""albume"", ""olio"", ""pane_bianco"", ""patata"", ""pera"", ""uovo"", ""zucchina""]"
base:recipe-version:brunch-tortilla-spagnola-leggera-con-zucchine:2c89ad4f9dcd0ba3,base:recipe:brunch-tortilla-spagnola-leggera-con-zucchine,Brunch: Tortilla spagnola leggera con zucchine,0,5.6,no,[],eggs,32.22,1.0,0.0,0.0,0.0,no,potato,no,"[""albume"", ""mela"", ""olio"", ""pane_bianco"", ""patata"", ""uovo"", ""zucchina""]"
base:recipe-version:brunch-wrap-morbido-con-pollo-primosale-e-cavolfiore:2669de684378973b,base:recipe:brunch-wrap-morbido-con-pollo-primosale-e-cavolfiore,"Brunch: Wrap morbido con pollo, primosale e cavolfiore",0,0.0,yes,"[""primosale""]",poultry,23.0,0.785,0.0,0.0,0.0,no,bread,no,"[""banana"", ""cavolfiore"", ""mais"", ""pollo"", ""primosale"", ""tortilla""]"
base:recipe-version:brunch-wrap-morbido-con-pollo-primosale-e-radicchio:fcdf5e401be48e59,base:recipe:brunch-wrap-morbido-con-pollo-primosale-e-radicchio,"Brunch: Wrap morbido con pollo, primosale e radicchio",0,0.0,yes,"[""primosale""]",poultry,23.0,0.785,0.0,0.0,0.0,no,bread,no,"[""banana"", ""mais"", ""pollo"", ""primosale"", ""radicchio"", ""tortilla""]"
base:recipe-version:brunch-wrap-morbido-con-pollo-primosale-e-spinaci:0dd86cb415937e03,base:recipe:brunch-wrap-morbido-con-pollo-primosale-e-spinaci,"Brunch: Wrap morbido con pollo, primosale e spinaci",0,0.0,yes,"[""primosale""]",poultry,23.0,0.785,0.0,0.0,0.0,no,bread,no,"[""banana"", ""mais"", ""pollo"", ""primosale"", ""spinaci"", ""tortilla""]"
base:recipe-version:budino-di-riso-casalingo-e-frutta:6cc1d24620d4f701,base:recipe:budino-di-riso-casalingo-e-frutta,Budino di riso casalingo e frutta,4,0.0,no,[],milk_yogurt,7.26,1.0,0.0,0.0,0.0,no,rice,yes,"[""latte_ps"", ""mela"", ""miele"", ""riso_basmati""]"
base:recipe-version:budino-di-riso-casalingo-e-frutta:98e1bee3bc26258f,base:recipe:budino-di-riso-casalingo-e-frutta,Budino di riso casalingo e frutta,2,0.0,no,[],milk_yogurt,7.26,1.0,0.0,0.0,0.0,no,rice,yes,"[""latte_ps"", ""miele"", ""pera"", ""riso_basmati""]"
base:recipe-version:burger-di-tacchino-con-pane-e-zucca-al-forno:0211b9e298cc00bb,base:recipe:burger-di-tacchino-con-pane-e-zucca-al-forno,Burger di tacchino con pane e zucca al forno,0,0.0,yes,"[""ricotta""]",poultry,31.2,0.9102,0.0,0.0,0.0,no,bread,no,"[""olio"", ""pane_bianco"", ""ricotta"", ""tacchino"", ""zucca""]"
base:recipe-version:burger-di-tacchino-con-pane-e-zucca-al-forno:0afda45d2c91d033,base:recipe:burger-di-tacchino-con-pane-e-zucca-al-forno,Burger di tacchino con pane e zucca al forno,0,0.0,yes,"[""ricotta""]",poultry,31.2,0.9102,0.0,0.0,0.0,no,bread,no,"[""olio"", ""pane_bianco"", ""ricotta"", ""tacchino"", ""zucca""]"
base:recipe-version:burger-di-tacchino-con-pane-e-zucca-al-forno:0c63b84aa327cae0,base:recipe:burger-di-tacchino-con-pane-e-zucca-al-forno,Burger di tacchino con pane e zucca al forno,0,0.0,yes,"[""ricotta""]",poultry,31.2,0.9102,0.0,0.0,0.0,no,bread,no,"[""olio"", ""pane_bianco"", ""ricotta"", ""tacchino"", ""zucca""]"
base:recipe-version:burger-di-tacchino-con-pane-e-zucca-al-forno:5cf340c6252a6150,base:recipe:burger-di-tacchino-con-pane-e-zucca-al-forno,Burger di tacchino con pane e zucca al forno,0,0.0,yes,"[""ricotta""]",poultry,31.2,0.9102,0.0,0.0,0.0,no,bread,no,"[""olio"", ""pane_bianco"", ""ricotta"", ""tacchino"", ""zucca""]"
base:recipe-version:burger-di-tacchino-con-pane-e-zucca-al-forno:f186780fe60e1d82,base:recipe:burger-di-tacchino-con-pane-e-zucca-al-forno,Burger di tacchino con pane e zucca al forno,0,0.0,yes,"[""ricotta""]",poultry,31.2,0.9102,0.0,0.0,0.0,no,bread,no,"[""olio"", ""pane_bianco"", ""ricotta"", ""tacchino"", ""zucca""]"
base:recipe-version:colazione-leggera-con-latte-e-fette-classiche:877ea8791ddbb83e,base:recipe:colazione-leggera-con-latte-e-fette-classiche,Colazione leggera con latte e fette classiche,0,0.0,no,[],milk_yogurt,6.6,1.0,0.0,0.0,0.0,no,crackers_rusks_cakes,no,"[""fette_integrali"", ""latte_ps"", ""marmellata"", ""pera""]"
base:recipe-version:colazione-leggera-con-latte-e-fette-classiche:8fd04a5b7ddd497f,base:recipe:colazione-leggera-con-latte-e-fette-classiche,Colazione leggera con latte e fette classiche,1,0.0,no,[],milk_yogurt,6.6,1.0,0.0,0.0,0.0,no,crackers_rusks_cakes,no,"[""fette_bianche"", ""latte_ps"", ""marmellata"", ""prugna""]"
base:recipe-version:colazione-leggera-con-latte-e-fette-classiche:c499e5cad0f67ae9,base:recipe:colazione-leggera-con-latte-e-fette-classiche,Colazione leggera con latte e fette classiche,0,0.0,no,[],milk_yogurt,6.6,1.0,0.0,0.0,0.0,no,crackers_rusks_cakes,no,"[""fette_bianche"", ""kiwi"", ""latte_ps"", ""marmellata""]"
base:recipe-version:colazione-leggera-con-latte-e-fette-classiche:f0b9a32bfc5404fc,base:recipe:colazione-leggera-con-latte-e-fette-classiche,Colazione leggera con latte e fette classiche,1,0.0,no,[],milk_yogurt,6.6,1.0,0.0,0.0,0.0,no,crackers_rusks_cakes,no,"[""arancia"", ""fette_bianche"", ""latte_ps"", ""marmellata""]"
base:recipe-version:colazione-leggera-con-latte-e-fette-classiche:f712e5d2a6856be0,base:recipe:colazione-leggera-con-latte-e-fette-classiche,Colazione leggera con latte e fette classiche,2,0.0,no,[],milk_yogurt,6.6,1.0,0.0,0.0,0.0,no,crackers_rusks_cakes,no,"[""fette_bianche"", ""latte_ps"", ""marmellata"", ""pompelmo""]"
base:recipe-version:coniglio-con-patate-e-carciofi:8cbb68c4fa4b5823,base:recipe:coniglio-con-patate-e-carciofi,Coniglio con patate e carciofi,0,0.0,no,[],red_meat,27.3,1.0,0.0,0.0,0.0,no,potato,no,"[""carciofo"", ""coniglio"", ""olio"", ""pane_bianco"", ""patata""]"
base:recipe-version:coniglio-con-patate-e-pomodori:1a88a8e3425ae336,base:recipe:coniglio-con-patate-e-pomodori,Coniglio con patate e pomodori,1,0.0,no,[],red_meat,27.3,1.0,0.0,0.0,0.0,no,potato,no,"[""coniglio"", ""olio"", ""patata"", ""pomodoro""]"
base:recipe-version:coniglio-con-patate-e-spinaci:b4d852f99e5bbb06,base:recipe:coniglio-con-patate-e-spinaci,Coniglio con patate e spinaci,1,0.0,no,[],red_meat,27.3,1.0,0.0,0.0,0.0,no,potato,no,"[""coniglio"", ""olio"", ""patata"", ""spinaci""]"
base:recipe-version:coniglio-con-riso-basmati-e-bietole:ec8c162e6190703b,base:recipe:coniglio-con-riso-basmati-e-bietole,Coniglio con riso basmati e bietole,2,0.0,no,[],red_meat,27.3,1.0,0.0,0.0,0.0,no,rice,yes,"[""bietola"", ""coniglio"", ""olio"", ""riso_basmati""]"
base:recipe-version:coniglio-con-riso-basmati-e-fagiolini:81bbf1d5eec9bc15,base:recipe:coniglio-con-riso-basmati-e-fagiolini,Coniglio con riso basmati e fagiolini,0,0.0,no,[],red_meat,27.3,1.0,0.0,0.0,0.0,no,rice,yes,"[""coniglio"", ""fagiolini"", ""olio"", ""riso_basmati""]"
base:recipe-version:coniglio-con-riso-basmati-e-finocchi:1a87ad025ec873c5,base:recipe:coniglio-con-riso-basmati-e-finocchi,Coniglio con riso basmati e finocchi,0,1.6,no,[],red_meat,27.3,0.7579,0.0,0.0,0.0,no,rice,yes,"[""albume"", ""coniglio"", ""finocchio"", ""olio"", ""pane_bianco"", ""riso_basmati""]"
base:recipe-version:coniglio-con-riso-basmati-e-finocchi:de5a0b4b500d43f8,base:recipe:coniglio-con-riso-basmati-e-finocchi,Coniglio con riso basmati e finocchi,2,0.0,no,[],red_meat,27.3,1.0,0.0,0.0,0.0,no,rice,yes,"[""coniglio"", ""finocchio"", ""olio"", ""riso_basmati""]"
base:recipe-version:coniglio-con-riso-basmati-e-finocchi:f0e99e714647d716,base:recipe:coniglio-con-riso-basmati-e-finocchi,Coniglio con riso basmati e finocchi,3,0.0,no,[],red_meat,27.3,1.0,0.0,0.0,0.0,no,rice,yes,"[""coniglio"", ""finocchio"", ""olio"", ""riso_basmati""]"
base:recipe-version:couscous-marocchino-delicato-con-tacchino-e-bietole:3a2ec05d0d9af8aa,base:recipe:couscous-marocchino-delicato-con-tacchino-e-bietole,Couscous marocchino delicato con tacchino e bietole,3,0.0,no,[],poultry,26.4,1.0,0.0,0.0,0.0,no,other_grains,no,"[""bietola"", ""cavolfiore"", ""couscous"", ""olio"", ""pane_bianco"", ""tacchino""]"
base:recipe-version:couscous-marocchino-delicato-con-tacchino-e-fagiolini:b9e6f822041b2859,base:recipe:couscous-marocchino-delicato-con-tacchino-e-fagiolini,Couscous marocchino delicato con tacchino e fagiolini,1,0.0,no,[],poultry,26.4,1.0,0.0,0.0,0.0,no,other_grains,no,"[""carota"", ""couscous"", ""fagiolini"", ""olio"", ""tacchino""]"
base:recipe-version:couscous-marocchino-delicato-con-tacchino-e-finocchi:6d8188dddd57a997,base:recipe:couscous-marocchino-delicato-con-tacchino-e-finocchi,Couscous marocchino delicato con tacchino e finocchi,5,0.0,no,[],poultry,26.4,1.0,0.0,0.0,0.0,no,other_grains,no,"[""cavolfiore"", ""couscous"", ""finocchio"", ""olio"", ""tacchino""]"
base:recipe-version:couscous-marocchino-delicato-con-tacchino-e-finocchi:85ef7b0c5484e314,base:recipe:couscous-marocchino-delicato-con-tacchino-e-finocchi,Couscous marocchino delicato con tacchino e finocchi,0,1.6,no,[],poultry,26.4,0.7517,0.0,0.0,0.0,no,other_grains,no,"[""albume"", ""cavolfiore"", ""couscous"", ""finocchio"", ""olio"", ""pane_bianco"", ""tacchino""]"
base:recipe-version:couscous-marocchino-delicato-con-tacchino-e-finocchi:cbfe17996f981092,base:recipe:couscous-marocchino-delicato-con-tacchino-e-finocchi,Couscous marocchino delicato con tacchino e finocchi,1,0.0,no,[],poultry,26.4,1.0,0.0,0.0,0.0,no,other_grains,no,"[""cavolfiore"", ""couscous_integrale"", ""finocchio"", ""olio"", ""tacchino""]"
base:recipe-version:crackers-classici-con-hummus-delicato:133b905f93d6d0c1,base:recipe:crackers-classici-con-hummus-delicato,Crackers classici con hummus delicato,0,0.0,no,[],,1.975,1.0,25.0,1.975,1.0,no,crackers_rusks_cakes,no,"[""banana"", ""crackers"", ""hummus""]"
base:recipe-version:crackers-classici-con-hummus-delicato:27b122baaf5f3d79,base:recipe:crackers-classici-con-hummus-delicato,Crackers classici con hummus delicato,3,0.0,no,[],,1.975,1.0,25.0,1.975,1.0,no,crackers_rusks_cakes,no,"[""crackers"", ""hummus"", ""melagrana""]"
base:recipe-version:crackers-classici-con-hummus-delicato:336656d51106c925,base:recipe:crackers-classici-con-hummus-delicato,Crackers classici con hummus delicato,7,0.0,no,[],,1.975,1.0,25.0,1.975,1.0,no,crackers_rusks_cakes,no,"[""crackers"", ""hummus"", ""pera""]"
base:recipe-version:crackers-classici-con-hummus-delicato:62d7d1325ddb969b,base:recipe:crackers-classici-con-hummus-delicato,Crackers classici con hummus delicato,0,0.0,no,[],,1.975,1.0,25.0,1.975,1.0,no,crackers_rusks_cakes,no,"[""crackers"", ""hummus"", ""kiwi""]"
base:recipe-version:crackers-classici-con-hummus-delicato:6ff9c9079046b69c,base:recipe:crackers-classici-con-hummus-delicato,Crackers classici con hummus delicato,0,0.0,no,[],,1.975,1.0,25.0,1.975,1.0,no,crackers_rusks_cakes,no,"[""crackers"", ""hummus"", ""mandarino""]"
base:recipe-version:crackers-classici-con-hummus-delicato:7d93544d29ef114f,base:recipe:crackers-classici-con-hummus-delicato,Crackers classici con hummus delicato,1,0.0,no,[],,1.975,1.0,25.0,1.975,1.0,no,crackers_rusks_cakes,no,"[""crackers"", ""hummus"", ""mela""]"
base:recipe-version:crackers-classici-con-hummus-delicato:9973a6bb5cb9312b,base:recipe:crackers-classici-con-hummus-delicato,Crackers classici con hummus delicato,1,0.0,no,[],,1.975,1.0,25.0,1.975,1.0,no,crackers_rusks_cakes,no,"[""crackers"", ""fico"", ""hummus""]"
base:recipe-version:crackers-classici-con-hummus-delicato:afbb8a2d7f8a60c2,base:recipe:crackers-classici-con-hummus-delicato,Crackers classici con hummus delicato,7,0.0,no,[],,1.975,1.0,25.0,1.975,1.0,no,crackers_rusks_cakes,no,"[""arancia"", ""crackers"", ""hummus""]"
base:recipe-version:crackers-classici-con-hummus-delicato:fd196d9e4a5800f4,base:recipe:crackers-classici-con-hummus-delicato,Crackers classici con hummus delicato,1,0.0,no,[],,1.975,1.0,25.0,1.975,1.0,no,crackers_rusks_cakes,no,"[""cachi"", ""crackers"", ""hummus""]"
base:recipe-version:crackers-e-primosale:89b1db2790bd5aea,base:recipe:crackers-e-primosale,Crackers e primosale,2,0.0,yes,"[""primosale""]",cheese,6.3,1.0,0.0,0.0,0.0,no,crackers_rusks_cakes,no,"[""crackers"", ""primosale""]"
base:recipe-version:crackers-e-ricotta:b5e12fff16ac4003,base:recipe:crackers-e-ricotta,Crackers e ricotta,5,0.0,yes,"[""ricotta""]",,3.96,1.0,0.0,0.0,0.0,no,crackers_rusks_cakes,no,"[""crackers"", ""ricotta""]"
base:recipe-version:croque-monsieur-leggero-con-cotto-mozzarella-e-carciofi:16463afa0025f2ef,base:recipe:croque-monsieur-leggero-con-cotto-mozzarella-e-carciofi,"Croque monsieur leggero con cotto, mozzarella e carciofi",0,0.0,yes,"[""mozzarella""]",cold_cuts,12.0,0.5263,0.0,0.0,0.0,no,bread,no,"[""carciofo"", ""mozzarella"", ""pane_bianco"", ""prosciutto_cotto""]"
base:recipe-version:croque-monsieur-leggero-con-cotto-mozzarella-e-carciofi:41c950342124a6d3,base:recipe:croque-monsieur-leggero-con-cotto-mozzarella-e-carciofi,"Croque monsieur leggero con cotto, mozzarella e carciofi",0,0.0,yes,"[""mozzarella""]",cold_cuts,12.0,0.5263,0.0,0.0,0.0,no,bread,no,"[""carciofo"", ""mozzarella"", ""pane_bianco"", ""prosciutto_cotto""]"
base:recipe-version:croque-monsieur-leggero-con-cotto-mozzarella-e-carciofi:9e903e082139d116,base:recipe:croque-monsieur-leggero-con-cotto-mozzarella-e-carciofi,"Croque monsieur leggero con cotto, mozzarella e carciofi",0,1.6,yes,"[""mozzarella""]",,12.0,0.3807,0.0,0.0,0.0,no,bread,no,"[""albume"", ""carciofo"", ""mozzarella"", ""pane_bianco"", ""prosciutto_cotto""]"
base:recipe-version:croque-monsieur-leggero-con-cotto-mozzarella-e-funghi:9ee8c4898a936dd8,base:recipe:croque-monsieur-leggero-con-cotto-mozzarella-e-funghi,"Croque monsieur leggero con cotto, mozzarella e funghi",0,0.0,yes,"[""mozzarella""]",cold_cuts,12.0,0.5263,0.0,0.0,0.0,no,bread,no,"[""funghi"", ""mozzarella"", ""pane_bianco"", ""prosciutto_cotto""]"
base:recipe-version:croque-monsieur-leggero-con-cotto-mozzarella-e-funghi:c88c51692837e5bb,base:recipe:croque-monsieur-leggero-con-cotto-mozzarella-e-funghi,"Croque monsieur leggero con cotto, mozzarella e funghi",0,0.0,yes,"[""mozzarella""]",cold_cuts,12.0,0.5263,0.0,0.0,0.0,no,bread,no,"[""funghi"", ""mozzarella"", ""pane_bianco"", ""prosciutto_cotto""]"
base:recipe-version:croque-monsieur-leggero-con-cotto-mozzarella-e-melanzane:3d7b823f7090000a,base:recipe:croque-monsieur-leggero-con-cotto-mozzarella-e-melanzane,"Croque monsieur leggero con cotto, mozzarella e melanzane",0,0.0,yes,"[""mozzarella""]",cold_cuts,12.0,0.5263,0.0,0.0,0.0,no,bread,no,"[""melanzana"", ""mozzarella"", ""pane_integrale"", ""prosciutto_cotto""]"
base:recipe-version:croque-monsieur-leggero-con-cotto-mozzarella-e-melanzane:a514d8f6de6fb815,base:recipe:croque-monsieur-leggero-con-cotto-mozzarella-e-melanzane,"Croque monsieur leggero con cotto, mozzarella e melanzane",0,0.0,yes,"[""mozzarella""]",cold_cuts,12.0,0.5263,0.0,0.0,0.0,no,bread,no,"[""melanzana"", ""mozzarella"", ""pane_bianco"", ""prosciutto_cotto""]"
base:recipe-version:curry-bianco-molto-delicato-di-pollo-e-zucca:20bf020503f4e943,base:recipe:curry-bianco-molto-delicato-di-pollo-e-zucca,Curry bianco molto delicato di pollo e zucca,2,0.0,no,[],poultry,26.45,1.0,0.0,0.0,0.0,no,rice,yes,"[""latte_cocco_light"", ""olio"", ""pollo"", ""riso_basmati"", ""zucca""]"
base:recipe-version:curry-bianco-molto-delicato-di-pollo-e-zucca:393bc1b280608ee6,base:recipe:curry-bianco-molto-delicato-di-pollo-e-zucca,Curry bianco molto delicato di pollo e zucca,0,1.6,no,[],poultry,26.45,0.7521,0.0,0.0,0.0,no,rice,yes,"[""albume"", ""latte_cocco_light"", ""olio"", ""pane_bianco"", ""pollo"", ""riso_integrale"", ""zucca""]"
base:recipe-version:curry-bianco-molto-delicato-di-pollo-e-zucca:8fa930e9e54b7ea8,base:recipe:curry-bianco-molto-delicato-di-pollo-e-zucca,Curry bianco molto delicato di pollo e zucca,0,0.0,no,[],poultry,26.45,1.0,0.0,0.0,0.0,no,rice,yes,"[""latte_cocco_light"", ""olio"", ""pollo"", ""riso_basmati"", ""zucca""]"
base:recipe-version:curry-bianco-molto-delicato-di-pollo-e-zucca:be2bab570860f955,base:recipe:curry-bianco-molto-delicato-di-pollo-e-zucca,Curry bianco molto delicato di pollo e zucca,1,0.0,no,[],poultry,26.45,1.0,0.0,0.0,0.0,no,rice,yes,"[""latte_cocco_light"", ""olio"", ""pollo"", ""riso_integrale"", ""zucca""]"
base:recipe-version:feta-cetriolo-e-crackers:6874564aabe8b391,base:recipe:feta-cetriolo-e-crackers,"Feta, cetriolo e crackers",0,0.0,yes,"[""feta""]",cheese,4.2,1.0,0.0,0.0,0.0,no,crackers_rusks_cakes,no,"[""cetriolo"", ""crackers"", ""feta""]"
base:recipe-version:fette-biscottate-con-robiola-e-miele:75f139bf87c19722,base:recipe:fette-biscottate-con-robiola-e-miele,Fette biscottate con robiola e miele,0,0.0,yes,"[""robiola""]",milk_yogurt,4.95,0.6111,0.0,0.0,0.0,no,crackers_rusks_cakes,no,"[""fette_bianche"", ""latte_ps"", ""miele"", ""pera"", ""robiola""]"
base:recipe-version:fette-biscottate-con-robiola-e-miele:88f39a230fcdda9a,base:recipe:fette-biscottate-con-robiola-e-miele,Fette biscottate con robiola e miele,0,0.0,yes,"[""robiola""]",milk_yogurt,4.95,0.6111,0.0,0.0,0.0,no,crackers_rusks_cakes,no,"[""fette_integrali"", ""latte_ps"", ""mela"", ""miele"", ""robiola""]"
base:recipe-version:fette-biscottate-con-robiola-e-miele:8f247890d0e8d841,base:recipe:fette-biscottate-con-robiola-e-miele,Fette biscottate con robiola e miele,1,0.0,yes,"[""robiola""]",milk_yogurt,4.95,0.6111,0.0,0.0,0.0,no,crackers_rusks_cakes,no,"[""fette_bianche"", ""latte_ps"", ""mandarino"", ""miele"", ""robiola""]"
base:recipe-version:fette-biscottate-con-robiola-e-miele:a333b090d4f540a0,base:recipe:fette-biscottate-con-robiola-e-miele,Fette biscottate con robiola e miele,2,0.0,yes,"[""robiola""]",milk_yogurt,4.95,0.6111,0.0,0.0,0.0,no,crackers_rusks_cakes,no,"[""fette_bianche"", ""latte_ps"", ""mela"", ""miele"", ""robiola""]"
base:recipe-version:fette-biscottate-con-robiola-e-miele:c2dfe4341a238749,base:recipe:fette-biscottate-con-robiola-e-miele,Fette biscottate con robiola e miele,1,0.0,yes,"[""robiola""]",milk_yogurt,4.95,0.6111,0.0,0.0,0.0,no,crackers_rusks_cakes,no,"[""fette_bianche"", ""latte_ps"", ""miele"", ""pera"", ""robiola""]"
base:recipe-version:fette-biscottate-con-robiola-e-miele:d6ff47abc7cc8b71,base:recipe:fette-biscottate-con-robiola-e-miele,Fette biscottate con robiola e miele,0,0.0,yes,"[""robiola""]",milk_yogurt,4.95,0.6111,0.0,0.0,0.0,no,crackers_rusks_cakes,no,"[""fette_bianche"", ""latte_ps"", ""mandarino"", ""miele"", ""robiola""]"
base:recipe-version:fette-biscottate-con-robiola-e-miele:e5620444833a4f0c,base:recipe:fette-biscottate-con-robiola-e-miele,Fette biscottate con robiola e miele,0,0.0,yes,"[""robiola""]",milk_yogurt,4.95,0.6111,0.0,0.0,0.0,no,crackers_rusks_cakes,no,"[""fette_bianche"", ""latte_ps"", ""miele"", ""pera"", ""robiola""]"
base:recipe-version:filetto-di-maiale-con-pane-bianco-e-broccoli:085065b02b42a0c9,base:recipe:filetto-di-maiale-con-pane-bianco-e-broccoli,Filetto di maiale con pane bianco e broccoli,0,0.0,no,[],red_meat,28.6,1.0,0.0,0.0,0.0,no,bread,no,"[""broccoli"", ""maiale_filetto"", ""olio"", ""pane_bianco""]"
base:recipe-version:filetto-di-maiale-con-patate-e-spinaci:0eea0c723bd3399c,base:recipe:filetto-di-maiale-con-patate-e-spinaci,Filetto di maiale con patate e spinaci,4,0.0,no,[],red_meat,28.6,1.0,0.0,0.0,0.0,no,potato,no,"[""maiale_filetto"", ""olio"", ""patata"", ""spinaci""]"
base:recipe-version:filetto-di-maiale-con-polenta-e-carote:3f572d4b16625494,base:recipe:filetto-di-maiale-con-polenta-e-carote,Filetto di maiale con polenta e carote,1,1.6,no,[],red_meat,28.6,0.7663,0.0,0.0,0.0,no,bread,no,"[""albume"", ""carota"", ""maiale_filetto"", ""olio"", ""pane_bianco"", ""polenta""]"
base:recipe-version:filetto-di-maiale-con-polenta-e-carote:49866ab66aa3e8ee,base:recipe:filetto-di-maiale-con-polenta-e-carote,Filetto di maiale con polenta e carote,4,0.0,no,[],red_meat,28.6,1.0,0.0,0.0,0.0,no,other_grains,no,"[""carota"", ""maiale_filetto"", ""olio"", ""polenta""]"
base:recipe-version:filetto-di-maiale-con-polenta-e-sedano-rapa:b34379c49eaacc97,base:recipe:filetto-di-maiale-con-polenta-e-sedano-rapa,Filetto di maiale con polenta e sedano rapa,2,0.0,no,[],red_meat,28.6,1.0,0.0,0.0,0.0,no,other_grains,no,"[""maiale_filetto"", ""olio"", ""polenta"", ""sedano_rapa""]"
base:recipe-version:filetto-di-maiale-con-polenta-e-zucca:173114f52e739b82,base:recipe:filetto-di-maiale-con-polenta-e-zucca,Filetto di maiale con polenta e zucca,3,0.0,no,[],red_meat,28.6,1.0,0.0,0.0,0.0,no,other_grains,no,"[""maiale_filetto"", ""olio"", ""polenta"", ""zucca""]"
base:recipe-version:filetto-di-maiale-con-polenta-e-zucchine:708b97fb0ebfd06a,base:recipe:filetto-di-maiale-con-polenta-e-zucchine,Filetto di maiale con polenta e zucchine,0,1.6,no,[],red_meat,28.6,0.7663,0.0,0.0,0.0,no,bread,no,"[""albume"", ""maiale_filetto"", ""olio"", ""pane_bianco"", ""polenta"", ""zucchina""]"
base:recipe-version:filetto-di-maiale-con-polenta-e-zucchine:c5bf398c2a3ca85b,base:recipe:filetto-di-maiale-con-polenta-e-zucchine,Filetto di maiale con polenta e zucchine,1,0.0,no,[],red_meat,28.6,1.0,0.0,0.0,0.0,no,other_grains,no,"[""maiale_filetto"", ""olio"", ""polenta"", ""zucchina""]"
base:recipe-version:fiocchi-di-latte-e-frutta:0895154d73403015,base:recipe:fiocchi-di-latte-e-frutta,Fiocchi di latte e frutta,0,0.0,yes,"[""fiocchi_latte""]",cheese,8.88,1.0,0.0,0.0,0.0,no,,no,"[""fiocchi_latte"", ""melagrana""]"
base:recipe-version:fiocchi-di-latte-e-frutta:4b2027417f853da3,base:recipe:fiocchi-di-latte-e-frutta,Fiocchi di latte e frutta,0,0.0,yes,"[""fiocchi_latte""]",cheese,8.88,1.0,0.0,0.0,0.0,no,,no,"[""fiocchi_latte"", ""mandarino""]"
base:recipe-version:fiocchi-di-latte-e-frutta:706857739cb5f5e7,base:recipe:fiocchi-di-latte-e-frutta,Fiocchi di latte e frutta,0,0.0,yes,"[""fiocchi_latte""]",cheese,8.88,1.0,0.0,0.0,0.0,no,,no,"[""banana"", ""fiocchi_latte""]"
base:recipe-version:fiocchi-di-latte-e-frutta:835c9d8822c9080c,base:recipe:fiocchi-di-latte-e-frutta,Fiocchi di latte e frutta,0,0.0,yes,"[""fiocchi_latte""]",cheese,8.88,1.0,0.0,0.0,0.0,no,,no,"[""fiocchi_latte"", ""mela""]"
base:recipe-version:fiocchi-di-latte-e-frutta:9e931cb1de4dc46b,base:recipe:fiocchi-di-latte-e-frutta,Fiocchi di latte e frutta,0,0.0,yes,"[""fiocchi_latte""]",cheese,8.88,1.0,0.0,0.0,0.0,no,,no,"[""fiocchi_latte"", ""pera""]"
base:recipe-version:fiocchi-di-latte-e-frutta:a04db2a4f28dd5ca,base:recipe:fiocchi-di-latte-e-frutta,Fiocchi di latte e frutta,0,0.0,yes,"[""fiocchi_latte""]",cheese,8.88,1.0,0.0,0.0,0.0,no,,no,"[""fico"", ""fiocchi_latte""]"
base:recipe-version:french-toast-delicato-con-frutta:7a41c615f143ffb0,base:recipe:french-toast-delicato-con-frutta,French toast delicato con frutta,1,1.0,no,[],eggs,6.3,0.7047,0.0,0.0,0.0,no,bread,no,"[""latte_ps"", ""melagrana"", ""miele"", ""pane_bianco"", ""uovo""]"
base:recipe-version:french-toast-delicato-con-frutta:933b4db38fc2b812,base:recipe:french-toast-delicato-con-frutta,French toast delicato con frutta,0,1.0,no,[],eggs,6.3,0.7047,0.0,0.0,0.0,no,bread,no,"[""latte_ps"", ""miele"", ""pane_bianco"", ""pera"", ""uovo""]"
base:recipe-version:french-toast-delicato-con-frutta:9b1a650c7d194ae3,base:recipe:french-toast-delicato-con-frutta,French toast delicato con frutta,1,1.0,no,[],eggs,6.3,0.7047,0.0,0.0,0.0,no,bread,no,"[""latte_ps"", ""mandarino"", ""miele"", ""pane_bianco"", ""uovo""]"
base:recipe-version:french-toast-delicato-con-frutta:dd90456291668ba2,base:recipe:french-toast-delicato-con-frutta,French toast delicato con frutta,0,1.0,no,[],eggs,6.3,0.7047,0.0,0.0,0.0,no,bread,no,"[""fico"", ""latte_ps"", ""miele"", ""pane_bianco"", ""uovo""]"
base:recipe-version:french-toast-delicato-con-frutta:ebc8ff9f4934fbbe,base:recipe:french-toast-delicato-con-frutta,French toast delicato con frutta,0,1.0,no,[],eggs,6.3,0.7047,0.0,0.0,0.0,no,bread,no,"[""latte_ps"", ""mela"", ""miele"", ""pane_bianco"", ""uovo""]"
base:recipe-version:frittata-morbida-con-patate-e-bietole:4ceadffcb97291ae,base:recipe:frittata-morbida-con-patate-e-bietole,Frittata morbida con patate e bietole,0,3.6,no,[],eggs,21.32,1.0,0.0,0.0,0.0,no,potato,no,"[""albume"", ""bietola"", ""olio"", ""pane_bianco"", ""patata"", ""uovo""]"
base:recipe-version:frittata-morbida-con-patate-e-bietole:939437f9f12695ed,base:recipe:frittata-morbida-con-patate-e-bietole,Frittata morbida con patate e bietole,0,3.6,no,[],eggs,21.32,1.0,0.0,0.0,0.0,no,potato,no,"[""albume"", ""bietola"", ""olio"", ""pane_bianco"", ""patata"", ""uovo""]"
base:recipe-version:frittata-morbida-con-patate-e-bietole:cc644aa964095fb2,base:recipe:frittata-morbida-con-patate-e-bietole,Frittata morbida con patate e bietole,0,3.6,no,[],eggs,21.32,1.0,0.0,0.0,0.0,no,potato,no,"[""albume"", ""bietola"", ""olio"", ""pane_bianco"", ""patata"", ""uovo""]"
base:recipe-version:frittata-morbida-con-patate-e-bietole:f7872634ef9f935d,base:recipe:frittata-morbida-con-patate-e-bietole,Frittata morbida con patate e bietole,0,3.6,no,[],eggs,21.32,1.0,0.0,0.0,0.0,no,bread,no,"[""albume"", ""bietola"", ""olio"", ""pane_bianco"", ""patata"", ""uovo""]"
base:recipe-version:frittata-morbida-con-patate-e-broccoli:8701b0b7862afb5e,base:recipe:frittata-morbida-con-patate-e-broccoli,Frittata morbida con patate e broccoli,0,3.6,no,[],eggs,21.32,1.0,0.0,0.0,0.0,no,potato,no,"[""albume"", ""broccoli"", ""olio"", ""pane_bianco"", ""patata"", ""uovo""]"
base:recipe-version:frittata-morbida-con-patate-e-broccoli:cffce576cbf6629f,base:recipe:frittata-morbida-con-patate-e-broccoli,Frittata morbida con patate e broccoli,0,3.6,no,[],eggs,21.32,1.0,0.0,0.0,0.0,no,potato,no,"[""albume"", ""broccoli"", ""olio"", ""pane_bianco"", ""patata"", ""uovo""]"
base:recipe-version:frittata-morbida-con-patate-e-carciofi:0c24449fdeeca124,base:recipe:frittata-morbida-con-patate-e-carciofi,Frittata morbida con patate e carciofi,0,3.6,no,[],eggs,21.32,1.0,0.0,0.0,0.0,no,potato,no,"[""albume"", ""carciofo"", ""olio"", ""pane_bianco"", ""patata"", ""uovo""]"
base:recipe-version:frittata-morbida-con-patate-e-carciofi:a92cb4af6dd5809a,base:recipe:frittata-morbida-con-patate-e-carciofi,Frittata morbida con patate e carciofi,0,3.6,no,[],eggs,21.32,1.0,0.0,0.0,0.0,no,potato,no,"[""albume"", ""carciofo"", ""olio"", ""pane_bianco"", ""patata"", ""uovo""]"
base:recipe-version:frittata-morbida-con-patate-e-carote:1466ea910c3b14da,base:recipe:frittata-morbida-con-patate-e-carote,Frittata morbida con patate e carote,0,3.6,no,[],eggs,21.32,1.0,0.0,0.0,0.0,no,potato,no,"[""albume"", ""carota"", ""olio"", ""pane_bianco"", ""patata"", ""uovo""]"
base:recipe-version:frittata-morbida-con-patate-e-carote:1c9276aa6149a375,base:recipe:frittata-morbida-con-patate-e-carote,Frittata morbida con patate e carote,0,3.6,no,[],eggs,21.32,1.0,0.0,0.0,0.0,no,potato,no,"[""albume"", ""carota"", ""olio"", ""pane_bianco"", ""patata"", ""uovo""]"
base:recipe-version:frittata-morbida-con-patate-e-carote:61be066e4bf7da40,base:recipe:frittata-morbida-con-patate-e-carote,Frittata morbida con patate e carote,0,3.6,no,[],eggs,21.32,1.0,0.0,0.0,0.0,no,potato,no,"[""albume"", ""carota"", ""olio"", ""pane_bianco"", ""patata"", ""uovo""]"
base:recipe-version:frittata-morbida-con-patate-e-carote:6a2118ab1c10576c,base:recipe:frittata-morbida-con-patate-e-carote,Frittata morbida con patate e carote,0,3.6,no,[],eggs,21.32,1.0,0.0,0.0,0.0,no,potato,no,"[""albume"", ""carota"", ""olio"", ""pane_bianco"", ""patata"", ""uovo""]"
base:recipe-version:frittata-morbida-con-patate-e-carote:f181451b2f056569,base:recipe:frittata-morbida-con-patate-e-carote,Frittata morbida con patate e carote,0,3.6,no,[],eggs,21.32,1.0,0.0,0.0,0.0,no,potato,no,"[""albume"", ""carota"", ""olio"", ""pane_bianco"", ""patata"", ""uovo""]"
base:recipe-version:frittata-morbida-con-patate-e-cavolfiore:33ac202b80b4dee3,base:recipe:frittata-morbida-con-patate-e-cavolfiore,Frittata morbida con patate e cavolfiore,0,3.6,no,[],eggs,21.32,1.0,0.0,0.0,0.0,no,potato,no,"[""albume"", ""cavolfiore"", ""olio"", ""pane_bianco"", ""patata"", ""uovo""]"
base:recipe-version:frittata-morbida-con-patate-e-cavolfiore:c0d5057fe1983851,base:recipe:frittata-morbida-con-patate-e-cavolfiore,Frittata morbida con patate e cavolfiore,0,3.6,no,[],eggs,21.32,1.0,0.0,0.0,0.0,no,potato,no,"[""albume"", ""cavolfiore"", ""olio"", ""pane_bianco"", ""patata"", ""uovo""]"
base:recipe-version:frittata-morbida-con-patate-e-fagiolini:6ae61ad1c4f4df88,base:recipe:frittata-morbida-con-patate-e-fagiolini,Frittata morbida con patate e fagiolini,0,3.6,no,[],eggs,21.32,1.0,0.0,0.0,0.0,no,potato,no,"[""albume"", ""fagiolini"", ""olio"", ""pane_bianco"", ""patata"", ""uovo""]"
base:recipe-version:frittata-morbida-con-patate-e-finocchi:3387a68073be68e4,base:recipe:frittata-morbida-con-patate-e-finocchi,Frittata morbida con patate e finocchi,0,3.6,no,[],eggs,21.32,1.0,0.0,0.0,0.0,no,potato,no,"[""albume"", ""finocchio"", ""olio"", ""pane_bianco"", ""patata"", ""uovo""]"
base:recipe-version:frittata-morbida-con-patate-e-finocchi:45c89b3402b09d45,base:recipe:frittata-morbida-con-patate-e-finocchi,Frittata morbida con patate e finocchi,0,3.6,no,[],eggs,21.32,1.0,0.0,0.0,0.0,no,potato,no,"[""albume"", ""finocchio"", ""olio"", ""pane_bianco"", ""patata"", ""uovo""]"
base:recipe-version:frittata-morbida-con-patate-e-finocchi:c57965a0e0c322ff,base:recipe:frittata-morbida-con-patate-e-finocchi,Frittata morbida con patate e finocchi,0,5.2,no,[],eggs,30.04,1.0,0.0,0.0,0.0,no,potato,no,"[""albume"", ""finocchio"", ""olio"", ""pane_bianco"", ""patata"", ""uovo""]"
base:recipe-version:frittata-morbida-con-patate-e-funghi:a43a30cd69947d78,base:recipe:frittata-morbida-con-patate-e-funghi,Frittata morbida con patate e funghi,0,3.6,no,[],eggs,21.32,1.0,0.0,0.0,0.0,no,potato,no,"[""albume"", ""funghi"", ""olio"", ""pane_bianco"", ""patata"", ""uovo""]"
base:recipe-version:frittata-morbida-con-patate-e-funghi:e7d5ae72f7e67cc1,base:recipe:frittata-morbida-con-patate-e-funghi,Frittata morbida con patate e funghi,0,3.6,no,[],eggs,21.32,1.0,0.0,0.0,0.0,no,potato,no,"[""albume"", ""funghi"", ""olio"", ""pane_bianco"", ""patata"", ""uovo""]"
base:recipe-version:frittata-morbida-con-patate-e-pomodori:e68093844fef9ded,base:recipe:frittata-morbida-con-patate-e-pomodori,Frittata morbida con patate e pomodori,0,3.6,no,[],eggs,21.32,1.0,0.0,0.0,0.0,no,potato,no,"[""albume"", ""olio"", ""pane_bianco"", ""patata"", ""pomodoro"", ""uovo""]"
base:recipe-version:frittata-morbida-con-patate-e-radicchio:1c65e63162604884,base:recipe:frittata-morbida-con-patate-e-radicchio,Frittata morbida con patate e radicchio,0,3.6,no,[],eggs,21.32,1.0,0.0,0.0,0.0,no,potato,no,"[""albume"", ""olio"", ""pane_bianco"", ""patata"", ""radicchio"", ""uovo""]"
base:recipe-version:frittata-morbida-con-patate-e-radicchio:701da859200dfc07,base:recipe:frittata-morbida-con-patate-e-radicchio,Frittata morbida con patate e radicchio,0,3.6,no,[],eggs,21.32,1.0,0.0,0.0,0.0,no,potato,no,"[""albume"", ""olio"", ""pane_bianco"", ""patata"", ""radicchio"", ""uovo""]"
base:recipe-version:frittata-morbida-con-patate-e-radicchio:977aba5ca49ebf0d,base:recipe:frittata-morbida-con-patate-e-radicchio,Frittata morbida con patate e radicchio,0,3.6,no,[],eggs,21.32,1.0,0.0,0.0,0.0,no,potato,no,"[""albume"", ""olio"", ""pane_bianco"", ""patata"", ""radicchio"", ""uovo""]"
base:recipe-version:frittata-morbida-con-patate-e-sedano-rapa:4aa7d17e29e85953,base:recipe:frittata-morbida-con-patate-e-sedano-rapa,Frittata morbida con patate e sedano rapa,0,3.6,no,[],eggs,21.32,1.0,0.0,0.0,0.0,no,potato,no,"[""albume"", ""olio"", ""pane_bianco"", ""patata"", ""sedano_rapa"", ""uovo""]"
base:recipe-version:frittata-morbida-con-patate-e-spinaci:4e7fbac7ec929eb7,base:recipe:frittata-morbida-con-patate-e-spinaci,Frittata morbida con patate e spinaci,0,3.6,no,[],eggs,21.32,1.0,0.0,0.0,0.0,no,potato,no,"[""albume"", ""olio"", ""pane_bianco"", ""patata"", ""spinaci"", ""uovo""]"
base:recipe-version:frittata-morbida-con-patate-e-spinaci:ba39b6b8b3ebc26e,base:recipe:frittata-morbida-con-patate-e-spinaci,Frittata morbida con patate e spinaci,0,3.6,no,[],eggs,21.32,1.0,0.0,0.0,0.0,no,potato,no,"[""albume"", ""olio"", ""pane_bianco"", ""patata"", ""spinaci"", ""uovo""]"
base:recipe-version:frittata-morbida-con-patate-e-spinaci:c74b60520898301a,base:recipe:frittata-morbida-con-patate-e-spinaci,Frittata morbida con patate e spinaci,0,5.2,no,[],eggs,30.04,1.0,0.0,0.0,0.0,no,potato,no,"[""albume"", ""olio"", ""pane_bianco"", ""patata"", ""spinaci"", ""uovo""]"
base:recipe-version:frittata-morbida-con-patate-e-zucca:6e420f214ced5359,base:recipe:frittata-morbida-con-patate-e-zucca,Frittata morbida con patate e zucca,0,3.6,no,[],eggs,21.32,1.0,0.0,0.0,0.0,no,potato,no,"[""albume"", ""olio"", ""pane_bianco"", ""patata"", ""uovo"", ""zucca""]"
base:recipe-version:frittata-morbida-con-patate-e-zucca:aff20ebaacfc20c3,base:recipe:frittata-morbida-con-patate-e-zucca,Frittata morbida con patate e zucca,0,3.6,no,[],eggs,21.32,1.0,0.0,0.0,0.0,no,potato,no,"[""albume"", ""olio"", ""pane_bianco"", ""patata"", ""uovo"", ""zucca""]"
base:recipe-version:frittata-morbida-con-patate-e-zucca:bfebc380c34367d8,base:recipe:frittata-morbida-con-patate-e-zucca,Frittata morbida con patate e zucca,0,3.6,no,[],eggs,21.32,1.0,0.0,0.0,0.0,no,potato,no,"[""albume"", ""olio"", ""pane_bianco"", ""patata"", ""uovo"", ""zucca""]"
base:recipe-version:frittata-morbida-con-patate-e-zucca:cddc0bfc9980a752,base:recipe:frittata-morbida-con-patate-e-zucca,Frittata morbida con patate e zucca,0,3.6,no,[],eggs,21.32,1.0,0.0,0.0,0.0,no,potato,no,"[""albume"", ""olio"", ""pane_bianco"", ""patata"", ""uovo"", ""zucca""]"
base:recipe-version:frittata-morbida-con-patate-e-zucchine:69d14f786986115a,base:recipe:frittata-morbida-con-patate-e-zucchine,Frittata morbida con patate e zucchine,0,3.6,no,[],eggs,21.32,1.0,0.0,0.0,0.0,no,potato,no,"[""albume"", ""olio"", ""pane_bianco"", ""patata"", ""uovo"", ""zucchina""]"
base:recipe-version:frittata-morbida-con-patate-e-zucchine:ac7478707f1f2ce8,base:recipe:frittata-morbida-con-patate-e-zucchine,Frittata morbida con patate e zucchine,0,3.6,no,[],eggs,21.32,1.0,0.0,0.0,0.0,no,potato,no,"[""albume"", ""olio"", ""pane_bianco"", ""patata"", ""uovo"", ""zucchina""]"
base:recipe-version:frutta-e-fiocchi-di-latte-su-gallette:8251a2bb8772b898,base:recipe:frutta-e-fiocchi-di-latte-su-gallette,Frutta e fiocchi di latte su gallette,0,0.0,yes,"[""fiocchi_latte""]",cheese,4.995,1.0,0.0,0.0,0.0,no,crackers_rusks_cakes,no,"[""fiocchi_latte"", ""gallette_riso"", ""kiwi""]"
base:recipe-version:frutta-e-fiocchi-di-latte-su-gallette:8437e8a9db470b3e,base:recipe:frutta-e-fiocchi-di-latte-su-gallette,Frutta e fiocchi di latte su gallette,0,0.0,yes,"[""fiocchi_latte""]",cheese,4.995,1.0,0.0,0.0,0.0,no,crackers_rusks_cakes,no,"[""fiocchi_latte"", ""gallette_riso"", ""mela""]"
base:recipe-version:frutta-e-fiocchi-di-latte-su-gallette:afe7761b46d14247,base:recipe:frutta-e-fiocchi-di-latte-su-gallette,Frutta e fiocchi di latte su gallette,2,0.0,yes,"[""fiocchi_latte""]",cheese,4.995,1.0,0.0,0.0,0.0,no,crackers_rusks_cakes,no,"[""arancia"", ""fiocchi_latte"", ""gallette_riso""]"
base:recipe-version:frutta-e-fiocchi-di-latte-su-gallette:bafeb21a29f7b2a0,base:recipe:frutta-e-fiocchi-di-latte-su-gallette,Frutta e fiocchi di latte su gallette,1,0.0,yes,"[""fiocchi_latte""]",cheese,4.995,1.0,0.0,0.0,0.0,no,crackers_rusks_cakes,no,"[""fiocchi_latte"", ""gallette_riso"", ""pera""]"
base:recipe-version:frutta-e-grana:19afe46eb173843c,base:recipe:frutta-e-grana,Frutta e Grana,0,0.0,yes,"[""grana""]",cheese,4.95,1.0,0.0,0.0,0.0,no,,no,"[""grana"", ""pompelmo""]"
base:recipe-version:frutta-e-grana:5e9b70b7af6c0676,base:recipe:frutta-e-grana,Frutta e Grana,0,0.0,yes,"[""grana""]",cheese,4.95,1.0,0.0,0.0,0.0,no,,no,"[""grana"", ""kiwi""]"
base:recipe-version:frutta-e-grana:5f95b4386b897740,base:recipe:frutta-e-grana,Frutta e Grana,0,0.0,yes,"[""grana""]",cheese,4.95,1.0,0.0,0.0,0.0,no,,no,"[""banana"", ""grana""]"
base:recipe-version:frutta-e-grana:b12cf457d3be7766,base:recipe:frutta-e-grana,Frutta e Grana,0,0.0,yes,"[""grana""]",cheese,4.95,1.0,0.0,0.0,0.0,no,,no,"[""grana"", ""pera""]"
base:recipe-version:frutta-e-grana:b22d0eeea27c3fc8,base:recipe:frutta-e-grana,Frutta e Grana,0,0.0,yes,"[""grana""]",cheese,4.95,1.0,0.0,0.0,0.0,no,,no,"[""grana"", ""mandarino""]"
base:recipe-version:frutta-e-grana:b8a57004e77f9cca,base:recipe:frutta-e-grana,Frutta e Grana,1,0.0,yes,"[""grana""]",cheese,4.95,1.0,0.0,0.0,0.0,no,,no,"[""arancia"", ""grana""]"
base:recipe-version:frutta-e-grana:e22cb752c07b71e7,base:recipe:frutta-e-grana,Frutta e Grana,1,0.0,yes,"[""grana""]",cheese,4.95,1.0,0.0,0.0,0.0,no,,no,"[""grana"", ""mela""]"
base:recipe-version:frutta-e-grana:eab8e6f05d2fd0e9,base:recipe:frutta-e-grana,Frutta e Grana,0,0.0,yes,"[""grana""]",cheese,4.95,1.0,0.0,0.0,0.0,no,,no,"[""grana"", ""pera""]"
base:recipe-version:frutta-e-mandorle:c54c36003b8b56a9,base:recipe:frutta-e-mandorle,Frutta e mandorle,8,0.0,no,[],,1.696,1.0,0.0,0.0,0.0,no,,no,"[""mandorle"", ""pera""]"
base:recipe-version:frutta-e-mandorle:cf32a2fabea95479,base:recipe:frutta-e-mandorle,Frutta e mandorle,5,0.0,no,[],,1.696,1.0,0.0,0.0,0.0,no,,no,"[""banana"", ""mandorle""]"
base:recipe-version:frutta-e-mandorle:f4946c3f96529e3f,base:recipe:frutta-e-mandorle,Frutta e mandorle,4,0.0,no,[],,1.696,1.0,0.0,0.0,0.0,no,,no,"[""mandorle"", ""pompelmo""]"
base:recipe-version:frutta-e-nocciole:400146dc9e9c56e4,base:recipe:frutta-e-nocciole,Frutta e nocciole,2,0.0,no,[],,1.2,1.0,0.0,0.0,0.0,no,,no,"[""nocciole"", ""prugna""]"
base:recipe-version:frutta-e-nocciole:62c8e8712f5c0200,base:recipe:frutta-e-nocciole,Frutta e nocciole,1,0.0,no,[],,1.2,1.0,0.0,0.0,0.0,no,,no,"[""nocciole"", ""pompelmo""]"
base:recipe-version:frutta-e-nocciole:793cbb29b0233305,base:recipe:frutta-e-nocciole,Frutta e nocciole,1,0.0,no,[],,1.2,1.0,0.0,0.0,0.0,no,,no,"[""mela"", ""nocciole""]"
base:recipe-version:frutta-e-nocciole:971bc3435c9f8b39,base:recipe:frutta-e-nocciole,Frutta e nocciole,4,0.0,no,[],,1.2,1.0,0.0,0.0,0.0,no,,no,"[""kiwi"", ""nocciole""]"
base:recipe-version:frutta-e-nocciole:c70cdc861837e7bd,base:recipe:frutta-e-nocciole,Frutta e nocciole,1,0.0,no,[],,1.2,1.0,0.0,0.0,0.0,no,,no,"[""arancia"", ""nocciole""]"
base:recipe-version:frutta-e-nocciole:ca5c53aaebcf9575,base:recipe:frutta-e-nocciole,Frutta e nocciole,2,0.0,no,[],,1.2,1.0,0.0,0.0,0.0,no,,no,"[""banana"", ""nocciole""]"
base:recipe-version:frutta-e-nocciole:fe52606cbcf0b0a9,base:recipe:frutta-e-nocciole,Frutta e nocciole,6,0.0,no,[],,1.2,1.0,0.0,0.0,0.0,no,,no,"[""cachi"", ""nocciole""]"
base:recipe-version:frutta-e-primosale:28e68a4303213a74,base:recipe:frutta-e-primosale,Frutta e primosale,0,0.0,yes,"[""primosale""]",cheese,6.3,1.0,0.0,0.0,0.0,no,,no,"[""mandarino"", ""primosale""]"
base:recipe-version:frutta-e-primosale:690fe43b02c41b50,base:recipe:frutta-e-primosale,Frutta e primosale,0,0.0,yes,"[""primosale""]",cheese,6.3,1.0,0.0,0.0,0.0,no,,no,"[""kiwi"", ""primosale""]"
base:recipe-version:frutta-e-primosale:d88a0ba0bb75f471,base:recipe:frutta-e-primosale,Frutta e primosale,0,0.0,yes,"[""primosale""]",cheese,6.3,1.0,0.0,0.0,0.0,no,,no,"[""primosale"", ""uva""]"
base:recipe-version:frutta-e-primosale:f07fbb430fe21152,base:recipe:frutta-e-primosale,Frutta e primosale,0,0.0,yes,"[""primosale""]",cheese,6.3,1.0,0.0,0.0,0.0,no,,no,"[""pompelmo"", ""primosale""]"
base:recipe-version:frutta-in-porzione-piccola:00034a19001ca591,base:recipe:frutta-in-porzione-piccola,Frutta in porzione piccola,0,0.0,no,[],,0.0,0.0,0.0,0.0,0.0,no,,no,"[""arancia""]"
base:recipe-version:frutta-in-porzione-piccola:08e3edbd66951d58,base:recipe:frutta-in-porzione-piccola,Frutta in porzione piccola,5,0.0,no,[],,0.0,0.0,0.0,0.0,0.0,no,,no,"[""banana""]"
base:recipe-version:frutta-in-porzione-piccola:0dc16dbb09870c47,base:recipe:frutta-in-porzione-piccola,Frutta in porzione piccola,0,0.0,no,[],,0.0,0.0,0.0,0.0,0.0,no,,no,"[""mela""]"
base:recipe-version:frutta-in-porzione-piccola:51e096f8b79efd15,base:recipe:frutta-in-porzione-piccola,Frutta in porzione piccola,0,0.0,no,[],,0.0,0.0,0.0,0.0,0.0,no,,no,"[""mandarino""]"
base:recipe-version:frutta-in-porzione-piccola:66f165e587c2dffb,base:recipe:frutta-in-porzione-piccola,Frutta in porzione piccola,0,0.0,no,[],,0.0,0.0,0.0,0.0,0.0,no,,no,"[""fico""]"
base:recipe-version:frutta-in-porzione-piccola:6bdebfa528d96dc7,base:recipe:frutta-in-porzione-piccola,Frutta in porzione piccola,1,0.0,no,[],,0.0,0.0,0.0,0.0,0.0,no,,no,"[""uva""]"
base:recipe-version:frutta-in-porzione-piccola:9fa65d918b9175ba,base:recipe:frutta-in-porzione-piccola,Frutta in porzione piccola,4,0.0,no,[],,0.0,0.0,0.0,0.0,0.0,no,,no,"[""kiwi""]"
base:recipe-version:frutta-in-porzione-piccola:a1939163477f9174,base:recipe:frutta-in-porzione-piccola,Frutta in porzione piccola,0,0.0,no,[],,0.0,0.0,0.0,0.0,0.0,no,,no,"[""pera""]"
base:recipe-version:frutta-in-porzione-piccola:e82cc585318b0a53,base:recipe:frutta-in-porzione-piccola,Frutta in porzione piccola,0,0.0,no,[],,0.0,0.0,0.0,0.0,0.0,no,,no,"[""pompelmo""]"
base:recipe-version:gallette-di-riso-e-ricotta:9f304408a83b200d,base:recipe:gallette-di-riso-e-ricotta,Gallette di riso e ricotta,4,0.0,yes,"[""ricotta""]",,2.64,1.0,0.0,0.0,0.0,no,crackers_rusks_cakes,no,"[""gallette_riso"", ""ricotta""]"
base:recipe-version:jacket-potato-con-tonno-primosale-e-bietole:39d76c332d82bec4,base:recipe:jacket-potato-con-tonno-primosale-e-bietole,"Jacket potato con tonno, primosale e bietole",0,0.0,yes,"[""primosale""]",fish,23.4,0.7647,0.0,0.0,0.0,no,potato,no,"[""bietola"", ""olio"", ""patata"", ""primosale"", ""tonno_naturale""]"
base:recipe-version:jacket-potato-con-tonno-primosale-e-bietole:52e537bd8acf2f0b,base:recipe:jacket-potato-con-tonno-primosale-e-bietole,"Jacket potato con tonno, primosale e bietole",0,0.0,yes,"[""primosale""]",fish,23.4,0.7647,0.0,0.0,0.0,no,potato,no,"[""bietola"", ""olio"", ""patata"", ""primosale"", ""tonno_naturale""]"
base:recipe-version:jacket-potato-con-tonno-primosale-e-radicchio:5735e99bd391bf1e,base:recipe:jacket-potato-con-tonno-primosale-e-radicchio,"Jacket potato con tonno, primosale e radicchio",0,0.0,yes,"[""primosale""]",fish,23.4,0.7647,0.0,0.0,0.0,no,potato,no,"[""olio"", ""patata"", ""primosale"", ""radicchio"", ""tonno_naturale""]"
base:recipe-version:jacket-potato-con-tonno-primosale-e-radicchio:88e89b9d762228b6,base:recipe:jacket-potato-con-tonno-primosale-e-radicchio,"Jacket potato con tonno, primosale e radicchio",1,0.0,yes,"[""primosale""]",fish,23.4,0.7647,0.0,0.0,0.0,no,bread,no,"[""olio"", ""pane_bianco"", ""patata"", ""primosale"", ""radicchio"", ""tonno_naturale""]"
base:recipe-version:jacket-potato-con-tonno-primosale-e-radicchio:f4ef71a79ec7c7d9,base:recipe:jacket-potato-con-tonno-primosale-e-radicchio,"Jacket potato con tonno, primosale e radicchio",0,0.0,yes,"[""primosale""]",fish,23.4,0.7647,0.0,0.0,0.0,no,potato,no,"[""olio"", ""patata"", ""primosale"", ""radicchio"", ""tonno_naturale""]"
base:recipe-version:jacket-potato-con-tonno-primosale-e-spinaci:0d643e53cee5af46,base:recipe:jacket-potato-con-tonno-primosale-e-spinaci,"Jacket potato con tonno, primosale e spinaci",1,0.0,yes,"[""primosale""]",fish,23.4,0.7647,0.0,0.0,0.0,no,bread,no,"[""olio"", ""pane_bianco"", ""patata"", ""primosale"", ""spinaci"", ""tonno_naturale""]"
base:recipe-version:jacket-potato-con-tonno-primosale-e-spinaci:b4d72c331a9360f4,base:recipe:jacket-potato-con-tonno-primosale-e-spinaci,"Jacket potato con tonno, primosale e spinaci",0,0.0,yes,"[""primosale""]",fish,23.4,0.7647,0.0,0.0,0.0,no,potato,no,"[""olio"", ""patata"", ""primosale"", ""spinaci"", ""tonno_naturale""]"
base:recipe-version:jacket-potato-con-tonno-primosale-e-spinaci:b806f47f0720c7b8,base:recipe:jacket-potato-con-tonno-primosale-e-spinaci,"Jacket potato con tonno, primosale e spinaci",0,0.0,yes,"[""primosale""]",fish,23.4,0.7647,0.0,0.0,0.0,no,potato,no,"[""olio"", ""patata"", ""primosale"", ""spinaci"", ""tonno_naturale""]"
base:recipe-version:kefir-con-fette-classiche-e-confettura:0a94b5180d6811b4,base:recipe:kefir-con-fette-classiche-e-confettura,Kefir con fette classiche e confettura,4,0.0,no,[],milk_yogurt,7.0,1.0,0.0,0.0,0.0,no,crackers_rusks_cakes,no,"[""fette_bianche"", ""kefir"", ""marmellata"", ""mela""]"
base:recipe-version:kefir-con-fette-classiche-e-confettura:0c92a4526db020f1,base:recipe:kefir-con-fette-classiche-e-confettura,Kefir con fette classiche e confettura,1,0.0,no,[],milk_yogurt,7.0,1.0,0.0,0.0,0.0,no,crackers_rusks_cakes,no,"[""fette_bianche"", ""kefir"", ""marmellata"", ""pompelmo""]"
base:recipe-version:kefir-con-fette-classiche-e-confettura:2c2fb270f24d9d24,base:recipe:kefir-con-fette-classiche-e-confettura,Kefir con fette classiche e confettura,1,0.0,no,[],milk_yogurt,7.0,1.0,0.0,0.0,0.0,no,crackers_rusks_cakes,no,"[""arancia"", ""fette_bianche"", ""kefir"", ""marmellata""]"
base:recipe-version:kefir-con-fette-classiche-e-confettura:565d49687dc3de64,base:recipe:kefir-con-fette-classiche-e-confettura,Kefir con fette classiche e confettura,7,0.0,no,[],milk_yogurt,7.0,1.0,0.0,0.0,0.0,no,crackers_rusks_cakes,no,"[""fette_bianche"", ""kefir"", ""marmellata"", ""melagrana""]"
base:recipe-version:kefir-con-fette-classiche-e-confettura:957634af85ac4a41,base:recipe:kefir-con-fette-classiche-e-confettura,Kefir con fette classiche e confettura,1,0.0,no,[],milk_yogurt,7.0,1.0,0.0,0.0,0.0,no,crackers_rusks_cakes,no,"[""fette_bianche"", ""kefir"", ""mandarino"", ""marmellata""]"
base:recipe-version:kefir-con-fette-classiche-e-confettura:ca779e18c3f24413,base:recipe:kefir-con-fette-classiche-e-confettura,Kefir con fette classiche e confettura,3,0.0,no,[],milk_yogurt,7.0,1.0,0.0,0.0,0.0,no,crackers_rusks_cakes,no,"[""fette_bianche"", ""kefir"", ""marmellata"", ""pera""]"
base:recipe-version:kefir-con-fette-classiche-e-confettura:d66602f1f4ac41ea,base:recipe:kefir-con-fette-classiche-e-confettura,Kefir con fette classiche e confettura,1,0.0,no,[],milk_yogurt,7.0,1.0,0.0,0.0,0.0,no,crackers_rusks_cakes,no,"[""fette_bianche"", ""fico"", ""kefir"", ""marmellata""]"
base:recipe-version:kefir-e-fette-classiche:4c24043bb18dbd80,base:recipe:kefir-e-fette-classiche,Kefir e fette classiche,18,0.0,no,[],milk_yogurt,5.6,1.0,0.0,0.0,0.0,no,crackers_rusks_cakes,no,"[""fette_bianche"", ""kefir""]"
base:recipe-version:kefir-e-frutta:47da41e20e20f205,base:recipe:kefir-e-frutta,Kefir e frutta,4,0.0,no,[],milk_yogurt,5.25,1.0,0.0,0.0,0.0,no,,no,"[""kefir"", ""kiwi""]"
base:recipe-version:kefir-e-frutta:5d2d12ec2da1027a,base:recipe:kefir-e-frutta,Kefir e frutta,8,0.0,no,[],milk_yogurt,5.25,1.0,0.0,0.0,0.0,no,,no,"[""kefir"", ""mela""]"
base:recipe-version:kefir-e-frutta:683adf11bb4e919e,base:recipe:kefir-e-frutta,Kefir e frutta,0,0.0,no,[],milk_yogurt,5.25,1.0,0.0,0.0,0.0,no,,no,"[""arancia"", ""kefir""]"
base:recipe-version:kefir-e-frutta:9d9d38ab49b00b02,base:recipe:kefir-e-frutta,Kefir e frutta,5,0.0,no,[],milk_yogurt,5.25,1.0,0.0,0.0,0.0,no,,no,"[""kefir"", ""pera""]"
base:recipe-version:kefir-piccolo:0120716d4b11c95a,base:recipe:kefir-piccolo,Kefir piccolo,13,0.0,no,[],milk_yogurt,4.2,1.0,0.0,0.0,0.0,no,,no,"[""kefir""]"
base:recipe-version:kofte-di-tacchino-delicati-con-riso-e-bietole:2bd7b2cacf7c8223,base:recipe:kofte-di-tacchino-delicati-con-riso-e-bietole,Kofte di tacchino delicati con riso e bietole,1,0.0,no,[],poultry,31.2,0.9512,0.0,0.0,0.0,no,rice,yes,"[""bietola"", ""olio"", ""pangrattato"", ""riso_basmati"", ""tacchino"", ""yogurt_bianco""]"
base:recipe-version:kofte-di-tacchino-delicati-con-riso-e-bietole:578e4e1bfe17ab7a,base:recipe:kofte-di-tacchino-delicati-con-riso-e-bietole,Kofte di tacchino delicati con riso e bietole,0,0.0,no,[],poultry,31.2,0.9512,0.0,0.0,0.0,no,rice,yes,"[""bietola"", ""olio"", ""pane_bianco"", ""pangrattato"", ""riso_basmati"", ""tacchino"", ""yogurt_bianco""]"
base:recipe-version:kofte-di-tacchino-delicati-con-riso-e-carote:f7b3875932ca827f,base:recipe:kofte-di-tacchino-delicati-con-riso-e-carote,Kofte di tacchino delicati con riso e carote,2,0.0,no,[],poultry,31.2,0.9512,0.0,0.0,0.0,no,rice,yes,"[""carota"", ""olio"", ""pangrattato"", ""riso_basmati"", ""tacchino"", ""yogurt_bianco""]"
base:recipe-version:kofte-di-tacchino-delicati-con-riso-e-pomodori:c9b5203823160ba9,base:recipe:kofte-di-tacchino-delicati-con-riso-e-pomodori,Kofte di tacchino delicati con riso e pomodori,1,0.0,no,[],poultry,31.2,0.9512,0.0,0.0,0.0,no,rice,yes,"[""olio"", ""pangrattato"", ""pomodoro"", ""riso_basmati"", ""tacchino"", ""yogurt_bianco""]"
base:recipe-version:kofte-di-tacchino-delicati-con-riso-e-radicchio:53d6ef52b4a5cd5c,base:recipe:kofte-di-tacchino-delicati-con-riso-e-radicchio,Kofte di tacchino delicati con riso e radicchio,1,0.0,no,[],poultry,31.2,0.9512,0.0,0.0,0.0,no,rice,yes,"[""olio"", ""pangrattato"", ""radicchio"", ""riso_integrale"", ""tacchino"", ""yogurt_bianco""]"
base:recipe-version:kofte-di-tacchino-delicati-con-riso-e-spinaci:ed32769eca60a57a,base:recipe:kofte-di-tacchino-delicati-con-riso-e-spinaci,Kofte di tacchino delicati con riso e spinaci,1,0.0,no,[],poultry,31.2,0.9512,0.0,0.0,0.0,no,rice,yes,"[""olio"", ""pangrattato"", ""riso_basmati"", ""spinaci"", ""tacchino"", ""yogurt_bianco""]"
base:recipe-version:latte-corn-flakes-e-frutta:489c786e4e4694d6,base:recipe:latte-corn-flakes-e-frutta,"Latte, corn flakes e frutta",7,0.0,no,[],milk_yogurt,8.25,0.8861,0.0,0.0,0.0,no,other_grains,no,"[""banana"", ""cornflakes"", ""latte_ps"", ""mandorle""]"
base:recipe-version:latte-corn-flakes-e-frutta:cf62f1c1f1381a34,base:recipe:latte-corn-flakes-e-frutta,"Latte, corn flakes e frutta",5,0.0,no,[],milk_yogurt,8.25,0.8861,0.0,0.0,0.0,no,other_grains,no,"[""cornflakes"", ""latte_ps"", ""mandorle"", ""mela""]"
base:recipe-version:latte-e-frutta:52f50bbedb3cc959,base:recipe:latte-e-frutta,Latte e frutta,3,0.0,no,[],milk_yogurt,5.94,1.0,0.0,0.0,0.0,no,,no,"[""latte_ps"", ""pera""]"
base:recipe-version:latte-e-frutta:5810692902d5524f,base:recipe:latte-e-frutta,Latte e frutta,4,0.0,no,[],milk_yogurt,5.94,1.0,0.0,0.0,0.0,no,,no,"[""banana"", ""latte_ps""]"
base:recipe-version:latte-e-frutta:8c4d1165cce186f8,base:recipe:latte-e-frutta,Latte e frutta,5,0.0,no,[],milk_yogurt,5.94,1.0,0.0,0.0,0.0,no,,no,"[""latte_ps"", ""mandarino""]"
base:recipe-version:latte-e-frutta:be9de76ab5b19d0a,base:recipe:latte-e-frutta,Latte e frutta,3,0.0,no,[],milk_yogurt,5.94,1.0,0.0,0.0,0.0,no,,no,"[""arancia"", ""latte_ps""]"
base:recipe-version:latte-e-gallette-di-riso:0305150caf7bf7be,base:recipe:latte-e-gallette-di-riso,Latte e gallette di riso,17,0.0,no,[],milk_yogurt,6.6,1.0,0.0,0.0,0.0,no,crackers_rusks_cakes,no,"[""gallette_riso"", ""latte_ps""]"
base:recipe-version:latte-piccolo:af0c44c699cd8ae3,base:recipe:latte-piccolo,Latte piccolo,1,0.0,no,[],milk_yogurt,4.95,1.0,0.0,0.0,0.0,no,,no,"[""latte_ps""]"
base:recipe-version:manzo-magro-con-pane-bianco-e-carote:584e027f54d81f53,base:recipe:manzo-magro-con-pane-bianco-e-carote,Manzo magro con pane bianco e carote,3,0.0,no,[],red_meat,26.4,1.0,0.0,0.0,0.0,no,bread,no,"[""carota"", ""manzo_magro"", ""olio"", ""pane_bianco""]"
base:recipe-version:manzo-magro-con-pane-bianco-e-carote:e17472dbd25f8c15,base:recipe:manzo-magro-con-pane-bianco-e-carote,Manzo magro con pane bianco e carote,0,0.0,no,[],red_meat,26.4,1.0,0.0,0.0,0.0,no,bread,no,"[""carota"", ""manzo_magro"", ""olio"", ""pane_bianco""]"
base:recipe-version:manzo-magro-con-pane-bianco-e-cavolfiore:09d23863cdb9eb6e,base:recipe:manzo-magro-con-pane-bianco-e-cavolfiore,Manzo magro con pane bianco e cavolfiore,4,0.0,no,[],red_meat,26.4,1.0,0.0,0.0,0.0,no,bread,no,"[""cavolfiore"", ""manzo_magro"", ""olio"", ""pane_integrale""]"
base:recipe-version:manzo-magro-con-pane-bianco-e-cavolfiore:11cfa27e2c7c26ad,base:recipe:manzo-magro-con-pane-bianco-e-cavolfiore,Manzo magro con pane bianco e cavolfiore,0,1.6,no,[],red_meat,26.4,0.7517,0.0,0.0,0.0,no,bread,no,"[""albume"", ""cavolfiore"", ""manzo_magro"", ""olio"", ""pane_bianco""]"
base:recipe-version:manzo-magro-con-pane-bianco-e-zucchine:a7b476a5b5a0d662,base:recipe:manzo-magro-con-pane-bianco-e-zucchine,Manzo magro con pane bianco e zucchine,2,0.0,no,[],red_meat,26.4,1.0,0.0,0.0,0.0,no,bread,no,"[""manzo_magro"", ""olio"", ""pane_bianco"", ""zucchina""]"
base:recipe-version:manzo-magro-con-polenta-e-carote:c034ee16ad5033e0,base:recipe:manzo-magro-con-polenta-e-carote,Manzo magro con polenta e carote,6,0.0,no,[],red_meat,26.4,1.0,0.0,0.0,0.0,no,other_grains,no,"[""carota"", ""manzo_magro"", ""olio"", ""polenta""]"
base:recipe-version:manzo-magro-con-polenta-e-zucchine:6497ec9726ad6c1b,base:recipe:manzo-magro-con-polenta-e-zucchine,Manzo magro con polenta e zucchine,1,0.0,no,[],red_meat,26.4,1.0,0.0,0.0,0.0,no,other_grains,no,"[""manzo_magro"", ""olio"", ""polenta"", ""zucchina""]"
base:recipe-version:merluzzo-con-patate-e-bietole:d178944750ee4438,base:recipe:merluzzo-con-patate-e-bietole,Merluzzo con patate e bietole,1,0.0,no,[],fish,30.6,1.0,0.0,0.0,0.0,no,potato,no,"[""bietola"", ""merluzzo"", ""olio"", ""pane_bianco"", ""patata""]"
base:recipe-version:merluzzo-con-patate-e-cavolfiore:2e0a3d9a14d82fa0,base:recipe:merluzzo-con-patate-e-cavolfiore,Merluzzo con patate e cavolfiore,2,0.0,no,[],fish,30.6,1.0,0.0,0.0,0.0,no,potato,no,"[""cavolfiore"", ""merluzzo"", ""olio"", ""patata""]"
base:recipe-version:mini-mozzarella-e-frutta:4d74648cf26002ef,base:recipe:mini-mozzarella-e-frutta,Mini mozzarella e frutta,0,0.0,yes,"[""mozzarella""]",cheese,9.0,1.0,0.0,0.0,0.0,no,,no,"[""banana"", ""mozzarella""]"
base:recipe-version:mini-mozzarella-e-frutta:a03f0d2b85fcd141,base:recipe:mini-mozzarella-e-frutta,Mini mozzarella e frutta,1,0.0,yes,"[""mozzarella""]",cheese,9.0,1.0,0.0,0.0,0.0,no,,no,"[""kiwi"", ""mozzarella""]"
base:recipe-version:mini-mozzarella-e-frutta:d4970970de0e2aab,base:recipe:mini-mozzarella-e-frutta,Mini mozzarella e frutta,0,0.0,yes,"[""mozzarella""]",cheese,9.0,1.0,0.0,0.0,0.0,no,,no,"[""mela"", ""mozzarella""]"
base:recipe-version:mini-mozzarella-e-frutta:d50104179f7dd94e,base:recipe:mini-mozzarella-e-frutta,Mini mozzarella e frutta,0,0.0,yes,"[""mozzarella""]",cheese,9.0,1.0,0.0,0.0,0.0,no,,no,"[""mandarino"", ""mozzarella""]"
base:recipe-version:mini-panino-bianco-con-bresaola:7479944e46394c7c,base:recipe:mini-panino-bianco-con-bresaola,Mini panino bianco con bresaola,12,0.0,no,[],cold_cuts,9.6,1.0,0.0,0.0,0.0,no,bread,no,"[""bresaola"", ""pane_integrale""]"
base:recipe-version:mini-panino-bianco-con-bresaola:b48622af1e275f0f,base:recipe:mini-panino-bianco-con-bresaola,Mini panino bianco con bresaola,7,0.0,no,[],cold_cuts,9.6,1.0,0.0,0.0,0.0,no,bread,no,"[""bresaola"", ""pane_bianco""]"
base:recipe-version:mini-panino-con-tacchino-a-fette:898c8264b59b67d8,base:recipe:mini-panino-con-tacchino-a-fette,Mini panino con tacchino a fette,12,0.0,no,[],cold_cuts,9.0,1.0,0.0,0.0,0.0,no,bread,no,"[""pane_bianco"", ""tacchino_affettato""]"
base:recipe-version:mini-piadina-con-tacchino-e-robiola:56c4ffbd2213f20d,base:recipe:mini-piadina-con-tacchino-e-robiola,Mini piadina con tacchino e robiola,0,0.0,yes,"[""robiola""]",cold_cuts,10.0,0.8163,0.0,0.0,0.0,no,bread,no,"[""kiwi"", ""piadina"", ""robiola"", ""tacchino_affettato""]"
base:recipe-version:mini-piadina-con-tacchino-e-robiola:82b30f81245be73d,base:recipe:mini-piadina-con-tacchino-e-robiola,Mini piadina con tacchino e robiola,1,0.0,yes,"[""robiola""]",cold_cuts,10.0,0.8163,0.0,0.0,0.0,no,bread,no,"[""mandarino"", ""piadina"", ""robiola"", ""tacchino_affettato""]"
base:recipe-version:mini-piadina-con-tacchino-e-robiola:84945f17e68be9e8,base:recipe:mini-piadina-con-tacchino-e-robiola,Mini piadina con tacchino e robiola,1,0.0,yes,"[""robiola""]",cold_cuts,10.0,0.8163,0.0,0.0,0.0,no,bread,no,"[""banana"", ""piadina"", ""robiola"", ""tacchino_affettato""]"
base:recipe-version:mini-piadina-con-tacchino-e-robiola:a13b6e47fda1968b,base:recipe:mini-piadina-con-tacchino-e-robiola,Mini piadina con tacchino e robiola,1,0.0,yes,"[""robiola""]",cold_cuts,10.0,0.8163,0.0,0.0,0.0,no,bread,no,"[""piadina"", ""pompelmo"", ""robiola"", ""tacchino_affettato""]"
base:recipe-version:mini-piadina-con-tacchino-e-robiola:a3ee748df4965850,base:recipe:mini-piadina-con-tacchino-e-robiola,Mini piadina con tacchino e robiola,1,0.0,yes,"[""robiola""]",cold_cuts,10.0,0.8163,0.0,0.0,0.0,no,bread,no,"[""pera"", ""piadina"", ""robiola"", ""tacchino_affettato""]"
base:recipe-version:mini-piadina-con-tacchino-e-robiola:a9b830a3c5b09b17,base:recipe:mini-piadina-con-tacchino-e-robiola,Mini piadina con tacchino e robiola,1,0.0,yes,"[""robiola""]",cold_cuts,10.0,0.8163,0.0,0.0,0.0,no,bread,no,"[""mela"", ""piadina"", ""robiola"", ""tacchino_affettato""]"
base:recipe-version:mozzarella-e-pomodorini:ed19c9fabc9729ed,base:recipe:mozzarella-e-pomodorini,Mozzarella e pomodorini,0,0.0,yes,"[""mozzarella""]",cheese,9.0,1.0,0.0,0.0,0.0,no,,no,"[""mozzarella"", ""pomodoro""]"
base:recipe-version:nasello-con-pane-bianco-e-fagiolini:c2d1f365a35492b7,base:recipe:nasello-con-pane-bianco-e-fagiolini,Nasello con pane bianco e fagiolini,0,0.0,no,[],fish,34.2,1.0,0.0,0.0,0.0,no,bread,no,"[""fagiolini"", ""nasello"", ""olio"", ""pane_bianco""]"
base:recipe-version:nasello-con-pane-bianco-e-finocchi:fb6cecf679eeabdd,base:recipe:nasello-con-pane-bianco-e-finocchi,Nasello con pane bianco e finocchi,0,0.0,no,[],fish,34.2,1.0,0.0,0.0,0.0,no,bread,no,"[""finocchio"", ""nasello"", ""olio"", ""pane_bianco""]"
base:recipe-version:nasello-con-pane-bianco-e-radicchio:e5aa19fc76b39721,base:recipe:nasello-con-pane-bianco-e-radicchio,Nasello con pane bianco e radicchio,3,0.0,no,[],fish,34.2,1.0,0.0,0.0,0.0,no,bread,no,"[""nasello"", ""olio"", ""pane_integrale"", ""radicchio""]"
base:recipe-version:nasello-con-pane-bianco-e-spinaci:107aea51ceccbf4b,base:recipe:nasello-con-pane-bianco-e-spinaci,Nasello con pane bianco e spinaci,0,0.0,no,[],fish,34.2,1.0,0.0,0.0,0.0,no,bread,no,"[""nasello"", ""olio"", ""pane_bianco"", ""spinaci""]"
base:recipe-version:noodles-di-riso-con-pollo-e-bietole:0f02d14b9aa8eefb,base:recipe:noodles-di-riso-con-pollo-e-bietole,Noodles di riso con pollo e bietole,0,0.0,no,[],poultry,25.3,1.0,0.0,0.0,0.0,no,other_grains,no,"[""bietola"", ""cavolfiore"", ""noodles_riso"", ""olio"", ""pollo"", ""salsa_soia""]"
base:recipe-version:noodles-di-riso-con-pollo-e-finocchi:1145cdd2934760b8,base:recipe:noodles-di-riso-con-pollo-e-finocchi,Noodles di riso con pollo e finocchi,1,0.0,no,[],poultry,25.3,1.0,0.0,0.0,0.0,no,other_grains,no,"[""finocchio"", ""noodles_riso"", ""olio"", ""pollo"", ""salsa_soia"", ""zucchina""]"
base:recipe-version:noodles-di-riso-con-pollo-e-finocchi:2ba940cf86c249a7,base:recipe:noodles-di-riso-con-pollo-e-finocchi,Noodles di riso con pollo e finocchi,3,0.0,no,[],poultry,25.3,1.0,0.0,0.0,0.0,no,other_grains,no,"[""cavolfiore"", ""finocchio"", ""noodles_riso"", ""olio"", ""pollo"", ""salsa_soia""]"
base:recipe-version:noodles-di-riso-con-pollo-e-finocchi:77b54f21408e063d,base:recipe:noodles-di-riso-con-pollo-e-finocchi,Noodles di riso con pollo e finocchi,0,1.6,no,[],poultry,25.3,0.7437,0.0,0.0,0.0,no,other_grains,no,"[""albume"", ""cavolfiore"", ""finocchio"", ""noodles_riso"", ""olio"", ""pane_bianco"", ""pollo"", ""salsa_soia""]"
base:recipe-version:noodles-di-riso-con-pollo-e-radicchio:175403d7d56ca630,base:recipe:noodles-di-riso-con-pollo-e-radicchio,Noodles di riso con pollo e radicchio,0,1.6,no,[],poultry,25.3,0.7437,0.0,0.0,0.0,no,other_grains,no,"[""albume"", ""carota"", ""noodles_riso"", ""olio"", ""pollo"", ""radicchio"", ""salsa_soia""]"
base:recipe-version:omelette-alla-feta-con-pane-bianco:2d7c2704e28cc3ef,base:recipe:omelette-alla-feta-con-pane-bianco,Omelette alla feta con pane bianco,0,2.0,yes,"[""feta""]",eggs,12.6,0.75,0.0,0.0,0.0,no,bread,no,"[""feta"", ""kiwi"", ""pane_bianco"", ""uovo""]"
base:recipe-version:omelette-alla-feta-con-pane-bianco:3fd115ce6030c5aa,base:recipe:omelette-alla-feta-con-pane-bianco,Omelette alla feta con pane bianco,1,2.0,yes,"[""feta""]",eggs,12.6,0.75,0.0,0.0,0.0,no,bread,no,"[""feta"", ""fico"", ""pane_bianco"", ""uovo""]"
base:recipe-version:omelette-alla-feta-con-pane-bianco:5aa2b5a6c5b8a50a,base:recipe:omelette-alla-feta-con-pane-bianco,Omelette alla feta con pane bianco,0,2.0,yes,"[""feta""]",eggs,12.6,0.75,0.0,0.0,0.0,no,bread,no,"[""feta"", ""kiwi"", ""pane_bianco"", ""uovo""]"
base:recipe-version:omelette-alla-feta-con-pane-bianco:70c9637ce1e2a8a0,base:recipe:omelette-alla-feta-con-pane-bianco,Omelette alla feta con pane bianco,0,2.0,yes,"[""feta""]",eggs,12.6,0.75,0.0,0.0,0.0,no,bread,no,"[""feta"", ""melagrana"", ""pane_bianco"", ""uovo""]"
base:recipe-version:omelette-alla-feta-con-pane-bianco:b1898f8db236dc41,base:recipe:omelette-alla-feta-con-pane-bianco,Omelette alla feta con pane bianco,1,2.0,yes,"[""feta""]",eggs,12.6,0.75,0.0,0.0,0.0,no,bread,no,"[""feta"", ""mandarino"", ""pane_bianco"", ""uovo""]"
base:recipe-version:omelette-alla-feta-con-pane-bianco:bd44db62cadf4a80,base:recipe:omelette-alla-feta-con-pane-bianco,Omelette alla feta con pane bianco,0,2.0,yes,"[""feta""]",eggs,12.6,0.75,0.0,0.0,0.0,no,bread,no,"[""feta"", ""melagrana"", ""pane_integrale"", ""uovo""]"
base:recipe-version:omelette-alla-feta-con-pane-bianco:e9af1896d5db22b9,base:recipe:omelette-alla-feta-con-pane-bianco,Omelette alla feta con pane bianco,0,2.0,yes,"[""feta""]",eggs,12.6,0.75,0.0,0.0,0.0,no,bread,no,"[""feta"", ""pane_bianco"", ""pera"", ""uovo""]"
base:recipe-version:omelette-alla-feta-con-pane-bianco:fc60ecc67f252138,base:recipe:omelette-alla-feta-con-pane-bianco,Omelette alla feta con pane bianco,0,2.0,yes,"[""feta""]",eggs,12.6,0.75,0.0,0.0,0.0,no,bread,no,"[""feta"", ""pane_bianco"", ""pera"", ""uovo""]"
base:recipe-version:orata-con-patate-e-bietole:f7dd5fe6df51d49e,base:recipe:orata-con-patate-e-bietole,Orata con patate e bietole,5,0.0,no,[],fish,33.12,1.0,0.0,0.0,0.0,no,potato,no,"[""bietola"", ""olio"", ""orata"", ""patata""]"
base:recipe-version:orata-con-patate-e-carote:d0dd38aec06eb42b,base:recipe:orata-con-patate-e-carote,Orata con patate e carote,2,0.0,no,[],fish,33.12,1.0,0.0,0.0,0.0,no,potato,no,"[""carota"", ""olio"", ""orata"", ""patata""]"
base:recipe-version:pancake-di-farina-00-e-ricotta:bd48162fd8d11404,base:recipe:pancake-di-farina-00-e-ricotta,Pancake di farina 00 e ricotta,0,1.0,yes,"[""ricotta""]",eggs,6.3,0.5056,0.0,0.0,0.0,no,,no,"[""farina00"", ""latte_ps"", ""mandarino"", ""ricotta"", ""uovo""]"
base:recipe-version:pancake-di-farina-00-e-ricotta:d50ee1da31649cbc,base:recipe:pancake-di-farina-00-e-ricotta,Pancake di farina 00 e ricotta,1,1.0,yes,"[""ricotta""]",eggs,6.3,0.5056,0.0,0.0,0.0,no,,no,"[""farina00"", ""latte_ps"", ""pompelmo"", ""ricotta"", ""uovo""]"
base:recipe-version:pancake-di-farina-00-e-ricotta:e5be5645f16fd43b,base:recipe:pancake-di-farina-00-e-ricotta,Pancake di farina 00 e ricotta,2,1.0,yes,"[""ricotta""]",eggs,6.3,0.5056,0.0,0.0,0.0,no,,no,"[""farina00"", ""latte_ps"", ""mela"", ""ricotta"", ""uovo""]"
base:recipe-version:pancake-di-farina-00-e-ricotta:e78d2b0d38b9efc5,base:recipe:pancake-di-farina-00-e-ricotta,Pancake di farina 00 e ricotta,1,1.0,yes,"[""ricotta""]",eggs,6.3,0.5056,0.0,0.0,0.0,no,,no,"[""farina00"", ""latte_ps"", ""pera"", ""ricotta"", ""uovo""]"
base:recipe-version:pancake-di-farina-00-e-ricotta:fa298161ddd6d4f2,base:recipe:pancake-di-farina-00-e-ricotta,Pancake di farina 00 e ricotta,0,1.0,yes,"[""ricotta""]",eggs,6.3,0.5056,0.0,0.0,0.0,no,,no,"[""farina00"", ""latte_ps"", ""mela"", ""ricotta"", ""uovo""]"
base:recipe-version:pane-bianco-con-bresaola-mozzarella-e-carciofi:c8ecd1ee30930220,base:recipe:pane-bianco-con-bresaola-mozzarella-e-carciofi,"Pane bianco con bresaola, mozzarella e carciofi",0,0.0,yes,"[""mozzarella""]",cold_cuts,20.8,0.6582,0.0,0.0,0.0,no,bread,no,"[""bresaola"", ""carciofo"", ""mozzarella"", ""pane_bianco""]"
base:recipe-version:pane-bianco-con-bresaola-robiola-e-broccoli:7b3be6bb3f63a7e3,base:recipe:pane-bianco-con-bresaola-robiola-e-broccoli,"Pane bianco con bresaola, robiola e broccoli",0,0.0,yes,"[""robiola""]",cold_cuts,20.8,0.8685,0.0,0.0,0.0,no,bread,no,"[""bresaola"", ""broccoli"", ""pane_bianco"", ""robiola""]"
base:recipe-version:pane-bianco-con-mozzarella-e-pomodoro:0f1cfe5a0b37ce22,base:recipe:pane-bianco-con-mozzarella-e-pomodoro,Pane bianco con mozzarella e pomodoro,0,0.0,yes,"[""mozzarella""]",cheese,10.8,1.0,0.0,0.0,0.0,no,bread,no,"[""mozzarella"", ""pane_bianco"", ""pera"", ""pomodoro""]"
base:recipe-version:pane-bianco-con-mozzarella-e-pomodoro:239d355c8a7952d6,base:recipe:pane-bianco-con-mozzarella-e-pomodoro,Pane bianco con mozzarella e pomodoro,0,0.0,yes,"[""mozzarella""]",cheese,10.8,1.0,0.0,0.0,0.0,no,bread,no,"[""kiwi"", ""mozzarella"", ""pane_bianco"", ""pomodoro""]"
base:recipe-version:pane-bianco-con-mozzarella-e-pomodoro:35fb5f2be15a587d,base:recipe:pane-bianco-con-mozzarella-e-pomodoro,Pane bianco con mozzarella e pomodoro,1,0.0,yes,"[""mozzarella""]",cheese,10.8,1.0,0.0,0.0,0.0,no,bread,no,"[""fico"", ""mozzarella"", ""pane_bianco"", ""pomodoro""]"
base:recipe-version:pane-bianco-con-mozzarella-e-pomodoro:5781c3819a694901,base:recipe:pane-bianco-con-mozzarella-e-pomodoro,Pane bianco con mozzarella e pomodoro,0,0.0,yes,"[""mozzarella""]",cheese,10.8,1.0,0.0,0.0,0.0,no,bread,no,"[""mozzarella"", ""pane_integrale"", ""pera"", ""pomodoro""]"
base:recipe-version:pane-bianco-con-mozzarella-e-pomodoro:7cdba8b4c0ab3edc,base:recipe:pane-bianco-con-mozzarella-e-pomodoro,Pane bianco con mozzarella e pomodoro,0,0.0,yes,"[""mozzarella""]",cheese,10.8,1.0,0.0,0.0,0.0,no,bread,no,"[""melagrana"", ""mozzarella"", ""pane_bianco"", ""pomodoro""]"
base:recipe-version:pane-bianco-con-mozzarella-e-pomodoro:9a335ac12a6193ae,base:recipe:pane-bianco-con-mozzarella-e-pomodoro,Pane bianco con mozzarella e pomodoro,0,0.0,yes,"[""mozzarella""]",cheese,10.8,1.0,0.0,0.0,0.0,no,bread,no,"[""banana"", ""mozzarella"", ""pane_bianco"", ""pomodoro""]"
base:recipe-version:pane-bianco-con-mozzarella-e-pomodoro:d0bf82b30df40ac8,base:recipe:pane-bianco-con-mozzarella-e-pomodoro,Pane bianco con mozzarella e pomodoro,0,0.0,yes,"[""mozzarella""]",cheese,10.8,1.0,0.0,0.0,0.0,no,bread,no,"[""mozzarella"", ""pane_bianco"", ""pera"", ""pomodoro""]"
base:recipe-version:pane-bianco-con-mozzarella-e-pomodoro:d4fa14bfcb3b04d8,base:recipe:pane-bianco-con-mozzarella-e-pomodoro,Pane bianco con mozzarella e pomodoro,0,0.0,yes,"[""mozzarella""]",cheese,10.8,1.0,0.0,0.0,0.0,no,bread,no,"[""mandarino"", ""mozzarella"", ""pane_bianco"", ""pomodoro""]"
base:recipe-version:pane-bianco-con-mozzarella-e-pomodoro:e30e587bd290256d,base:recipe:pane-bianco-con-mozzarella-e-pomodoro,Pane bianco con mozzarella e pomodoro,0,0.0,yes,"[""mozzarella""]",cheese,10.8,1.0,0.0,0.0,0.0,no,bread,no,"[""banana"", ""mozzarella"", ""pane_integrale"", ""pomodoro""]"
base:recipe-version:pane-bianco-con-prosciutto-cotto-primosale-e-pomodori:753b8e904a7654b7,base:recipe:pane-bianco-con-prosciutto-cotto-primosale-e-pomodori,"Pane bianco con prosciutto cotto, primosale e pomodori",0,0.0,yes,"[""primosale""]",cold_cuts,15.0,0.6024,0.0,0.0,0.0,no,bread,no,"[""pane_bianco"", ""pomodoro"", ""primosale"", ""prosciutto_cotto""]"
base:recipe-version:pane-bianco-con-tacchino-a-fette-mozzarella-e-broccoli:7cad5061b1af657c,base:recipe:pane-bianco-con-tacchino-a-fette-mozzarella-e-broccoli,"Pane bianco con tacchino a fette, mozzarella e broccoli",0,0.0,yes,"[""mozzarella""]",cold_cuts,16.0,0.597,0.0,0.0,0.0,no,bread,no,"[""broccoli"", ""mozzarella"", ""pane_bianco"", ""tacchino_affettato""]"
base:recipe-version:pane-bianco-con-tacchino-a-fette-primosale-e-radicchio:cb496f723d77c4ba,base:recipe:pane-bianco-con-tacchino-a-fette-primosale-e-radicchio,"Pane bianco con tacchino a fette, primosale e radicchio",0,0.0,yes,"[""primosale""]",cold_cuts,16.0,0.6178,0.0,0.0,0.0,no,bread,no,"[""pane_bianco"", ""primosale"", ""radicchio"", ""tacchino_affettato""]"
base:recipe-version:pane-bianco-e-uovo-sodo:cc72ed269e031a57,base:recipe:pane-bianco-e-uovo-sodo,Pane bianco e uovo sodo,4,1.0,no,[],eggs,6.3,1.0,0.0,0.0,0.0,no,bread,no,"[""pane_bianco"", ""uovo""]"
base:recipe-version:pane-di-segale-robiola-e-pera:4c0ce9c99fee421c,base:recipe:pane-di-segale-robiola-e-pera,"Pane di segale, robiola e pera",1,0.0,yes,"[""robiola""]",,3.15,1.0,0.0,0.0,0.0,no,bread,no,"[""miele"", ""pane_segale"", ""pompelmo"", ""robiola""]"
base:recipe-version:pane-di-segale-robiola-e-pera:6299e74309b9fcd0,base:recipe:pane-di-segale-robiola-e-pera,"Pane di segale, robiola e pera",1,0.0,yes,"[""robiola""]",,3.15,1.0,0.0,0.0,0.0,no,bread,no,"[""miele"", ""pane_segale"", ""pera"", ""robiola""]"
base:recipe-version:pane-di-segale-robiola-e-pera:899d05fea260dc77,base:recipe:pane-di-segale-robiola-e-pera,"Pane di segale, robiola e pera",1,0.0,yes,"[""robiola""]",,3.15,1.0,0.0,0.0,0.0,no,bread,no,"[""melagrana"", ""miele"", ""pane_segale"", ""robiola""]"
base:recipe-version:pane-di-segale-robiola-e-pera:90cb97fa4e2a5372,base:recipe:pane-di-segale-robiola-e-pera,"Pane di segale, robiola e pera",1,0.0,yes,"[""robiola""]",,3.15,1.0,0.0,0.0,0.0,no,bread,no,"[""fico"", ""miele"", ""pane_segale"", ""robiola""]"
base:recipe-version:pane-di-segale-robiola-e-pera:bb18609d5a39569d,base:recipe:pane-di-segale-robiola-e-pera,"Pane di segale, robiola e pera",0,0.0,yes,"[""robiola""]",,3.15,1.0,0.0,0.0,0.0,no,bread,no,"[""kiwi"", ""miele"", ""pane_segale"", ""robiola""]"
base:recipe-version:pane-di-segale-robiola-e-pera:bdf0fbc211bec53a,base:recipe:pane-di-segale-robiola-e-pera,"Pane di segale, robiola e pera",0,0.0,yes,"[""robiola""]",,3.15,1.0,0.0,0.0,0.0,no,bread,no,"[""banana"", ""miele"", ""pane_segale"", ""robiola""]"
base:recipe-version:pane-di-segale-robiola-e-pera:d0f5fce67f36273f,base:recipe:pane-di-segale-robiola-e-pera,"Pane di segale, robiola e pera",0,0.0,yes,"[""robiola""]",,3.15,1.0,0.0,0.0,0.0,no,bread,no,"[""mandarino"", ""miele"", ""pane_segale"", ""robiola""]"
base:recipe-version:pane-integrale-primosale-e-frutta:24c98f8cb23c1db1,base:recipe:pane-integrale-primosale-e-frutta,"Pane integrale, primosale e frutta",1,0.0,yes,"[""primosale""]",cheese,9.9,1.0,0.0,0.0,0.0,no,bread,no,"[""melagrana"", ""pane_integrale"", ""primosale""]"
base:recipe-version:pane-integrale-primosale-e-frutta:83e53f1342fd5361,base:recipe:pane-integrale-primosale-e-frutta,"Pane integrale, primosale e frutta",0,0.0,yes,"[""primosale""]",cheese,9.9,1.0,0.0,0.0,0.0,no,bread,no,"[""fico"", ""pane_integrale"", ""primosale""]"
base:recipe-version:pasta-con-crema-di-cannellini-e-funghi:e2f9c03382aeb39e,base:recipe:pasta-con-crema-di-cannellini-e-funghi,Pasta con crema di cannellini e funghi,0,3.2,yes,"[""grana""]",eggs,17.44,0.645,80.0,6.96,0.2574,no,pasta,yes,"[""albume"", ""cannellini"", ""funghi"", ""grana"", ""olio"", ""pasta""]"
base:recipe-version:pasta-con-crema-di-lenticchie-e-carote:db7d19be9c9a8be9,base:recipe:pasta-con-crema-di-lenticchie-e-carote,Pasta con crema di lenticchie e carote,0,0.0,yes,"[""grana""]",legumes,6.75,0.7188,75.0,6.75,0.7188,yes,pasta,yes,"[""carota"", ""grana"", ""lenticchie"", ""olio"", ""pasta""]"
base:recipe-version:pasta-con-crema-di-lenticchie-e-zucchine:3bdab321be6f61ff,base:recipe:pasta-con-crema-di-lenticchie-e-zucchine,Pasta con crema di lenticchie e zucchine,0,3.2,yes,"[""grana""]",eggs,17.44,0.65,75.0,6.75,0.2516,no,pasta,yes,"[""albume"", ""grana"", ""lenticchie"", ""olio"", ""pasta"", ""zucchina""]"
base:recipe-version:pasta-con-crema-di-piselli-e-spinaci:c367a1f59fda02b3,base:recipe:pasta-con-crema-di-piselli-e-spinaci,Pasta con crema di piselli e spinaci,0,3.2,yes,"[""grana""]",eggs,17.44,0.6993,90.0,4.86,0.1949,no,pasta,yes,"[""albume"", ""grana"", ""olio"", ""pasta"", ""piselli"", ""spinaci""]"
base:recipe-version:pasta-con-gamberi-e-broccoli:bfe2d50e2d3dfbd5,base:recipe:pasta-con-gamberi-e-broccoli,Pasta con gamberi e broccoli,0,0.0,yes,"[""grana""]",fish,28.8,0.9458,0.0,0.0,0.0,no,pasta,yes,"[""broccoli"", ""gamberi"", ""grana"", ""olio"", ""pasta""]"
base:recipe-version:pasta-con-gamberi-e-spinaci:b49373180d3164d9,base:recipe:pasta-con-gamberi-e-spinaci,Pasta con gamberi e spinaci,0,0.0,yes,"[""grana""]",fish,28.8,0.9458,0.0,0.0,0.0,no,pasta,yes,"[""gamberi"", ""grana"", ""olio"", ""pasta"", ""spinaci""]"
base:recipe-version:pasta-con-mozzarella-e-radicchio:07856d15efd46b35,base:recipe:pasta-con-mozzarella-e-radicchio,Pasta con mozzarella e radicchio,0,1.6,yes,"[""mozzarella""]",cheese,11.7,0.573,0.0,0.0,0.0,no,pasta,yes,"[""albume"", ""mozzarella"", ""olio"", ""pasta"", ""radicchio""]"
base:recipe-version:pasta-con-pollo-e-cavolfiore:1c1feaf83b6eb375,base:recipe:pasta-con-pollo-e-cavolfiore,Pasta con pollo e cavolfiore,0,0.0,yes,"[""grana""]",poultry,23.0,0.9331,0.0,0.0,0.0,no,pasta,yes,"[""cavolfiore"", ""grana"", ""olio"", ""pasta"", ""pollo""]"
base:recipe-version:pasta-con-ricotta-e-funghi:03433e2f5f78a377,base:recipe:pasta-con-ricotta-e-funghi,Pasta con ricotta e funghi,0,1.6,yes,"[""ricotta""]",eggs,8.72,0.586,0.0,0.0,0.0,no,pasta,yes,"[""albume"", ""funghi"", ""olio"", ""pasta"", ""ricotta""]"
base:recipe-version:pasta-con-ricotta-e-lattuga:308769defe7b43ae,base:recipe:pasta-con-ricotta-e-lattuga,Pasta con ricotta e lattuga,0,1.6,yes,"[""ricotta""]",eggs,8.72,0.586,0.0,0.0,0.0,no,pasta,yes,"[""albume"", ""lattuga"", ""olio"", ""pasta"", ""ricotta""]"
base:recipe-version:pasta-con-tacchino-e-bietole:881bb6a255af0278,base:recipe:pasta-con-tacchino-e-bietole,Pasta con tacchino e bietole,0,0.0,yes,"[""grana""]",poultry,24.0,0.9357,0.0,0.0,0.0,no,pasta,yes,"[""bietola"", ""grana"", ""olio"", ""pasta"", ""tacchino""]"
base:recipe-version:pasta-con-tacchino-e-zucca:9a39bc782bd38c97,base:recipe:pasta-con-tacchino-e-zucca,Pasta con tacchino e zucca,0,0.0,yes,"[""grana""]",poultry,24.0,0.9357,0.0,0.0,0.0,no,pasta,yes,"[""grana"", ""olio"", ""pasta"", ""tacchino"", ""zucca""]"
base:recipe-version:pasta-con-tonno-e-finocchi:60531887a657020e,base:recipe:pasta-con-tonno-e-finocchi,Pasta con tonno e finocchi,0,0.0,yes,"[""grana""]",fish,20.8,0.9265,0.0,0.0,0.0,no,pasta,yes,"[""finocchio"", ""grana"", ""olio"", ""pasta"", ""tonno_naturale""]"
base:recipe-version:pasta-integrale-con-mozzarella-e-spinaci:b1b8477373d23d66,base:recipe:pasta-integrale-con-mozzarella-e-spinaci,Pasta integrale con mozzarella e spinaci,0,0.0,yes,"[""mozzarella""]",cheese,11.7,1.0,0.0,0.0,0.0,no,pasta,yes,"[""mozzarella"", ""olio"", ""pasta_integrale"", ""spinaci""]"
base:recipe-version:pasta-integrale-con-pollo-e-carote:e16c7d0561e5db8f,base:recipe:pasta-integrale-con-pollo-e-carote,Pasta integrale con pollo e carote,0,0.0,yes,"[""grana""]",poultry,23.0,0.9331,0.0,0.0,0.0,no,pasta,yes,"[""carota"", ""grana"", ""olio"", ""pasta_integrale"", ""pollo""]"
base:recipe-version:pasta-integrale-con-tonno-e-carote:52ddcc5f5c887c89,base:recipe:pasta-integrale-con-tonno-e-carote,Pasta integrale con tonno e carote,0,0.0,yes,"[""grana""]",fish,20.8,0.9265,0.0,0.0,0.0,no,pasta,yes,"[""carota"", ""grana"", ""olio"", ""pasta_integrale"", ""tonno_naturale""]"
base:recipe-version:pasto-flessibile-bowl-greca-con-pollo-riso-e-feta:bdea361bfb3a15f2,base:recipe:pasto-flessibile-bowl-greca-con-pollo-riso-e-feta,"Pasto flessibile: Bowl greca con pollo, riso e feta",0,0.0,no,[],,0.0,0.0,0.0,0.0,0.0,no,,no,[]
base:recipe-version:pasto-flessibile-burger-di-tacchino-patate-al-forno-e-insalata:18cdef82a0564a94,base:recipe:pasto-flessibile-burger-di-tacchino-patate-al-forno-e-insalata,"Pasto flessibile: Burger di tacchino, patate al forno e insalata",0,0.0,no,[],,0.0,0.0,0.0,0.0,0.0,no,,no,[]
base:recipe-version:pasto-flessibile-couscous-con-pollo-e-verdure-spezie-minime:188c63d472842e3e,base:recipe:pasto-flessibile-couscous-con-pollo-e-verdure-spezie-minime,"Pasto flessibile: Couscous con pollo e verdure, spezie minime",0,0.0,no,[],,0.0,0.0,0.0,0.0,0.0,no,,no,[]
base:recipe-version:pasto-flessibile-croque-monsieur-leggero-e-contorno:4c95f50455838863,base:recipe:pasto-flessibile-croque-monsieur-leggero-e-contorno,Pasto flessibile: Croque monsieur leggero e contorno,0,0.0,no,[],,0.0,0.0,0.0,0.0,0.0,no,,no,[]
base:recipe-version:pasto-flessibile-curry-delicato-di-pollo-con-riso-basmati:735fe1b8a1d300ef,base:recipe:pasto-flessibile-curry-delicato-di-pollo-con-riso-basmati,Pasto flessibile: Curry delicato di pollo con riso basmati,0,0.0,no,[],,0.0,0.0,0.0,0.0,0.0,no,,no,[]
base:recipe-version:pasto-flessibile-gnocchi-al-pomodoro-mozzarella-e-contorno:8f265cd07e754eb3,base:recipe:pasto-flessibile-gnocchi-al-pomodoro-mozzarella-e-contorno,"Pasto flessibile: Gnocchi al pomodoro, mozzarella e contorno",0,0.0,no,[],,0.0,0.0,0.0,0.0,0.0,no,,no,[]
base:recipe-version:pasto-flessibile-lasagna-al-ragu-e-verdure-cotte:16dbe32007b44acf,base:recipe:pasto-flessibile-lasagna-al-ragu-e-verdure-cotte,Pasto flessibile: Lasagna al ragù e verdure cotte,0,0.0,no,[],,0.0,0.0,0.0,0.0,0.0,no,,no,[]
base:recipe-version:pasto-flessibile-piadina-con-cotto-mozzarella-e-verdure:d0cdaaabc3931448,base:recipe:pasto-flessibile-piadina-con-cotto-mozzarella-e-verdure,"Pasto flessibile: Piadina con cotto, mozzarella e verdure",0,0.0,no,[],,0.0,0.0,0.0,0.0,0.0,no,,no,[]
base:recipe-version:pasto-flessibile-pizza-margherita-e-contorno-cotto:b7657ff281710f35,base:recipe:pasto-flessibile-pizza-margherita-e-contorno-cotto,Pasto flessibile: Pizza margherita e contorno cotto,0,0.0,no,[],,0.0,0.0,0.0,0.0,0.0,no,,no,[]
base:recipe-version:pasto-flessibile-poke-con-salmone-riso-e-verdure:90ba04e9f9d35bf8,base:recipe:pasto-flessibile-poke-con-salmone-riso-e-verdure,"Pasto flessibile: Poke con salmone, riso e verdure",0,0.0,no,[],,0.0,0.0,0.0,0.0,0.0,no,,no,[]
base:recipe-version:pasto-flessibile-polpette-svedesi-con-purea-di-patate:9fc3aae3233c6a8a,base:recipe:pasto-flessibile-polpette-svedesi-con-purea-di-patate,Pasto flessibile: Polpette svedesi con purea di patate,0,0.0,no,[],,0.0,0.0,0.0,0.0,0.0,no,,no,[]
base:recipe-version:pasto-flessibile-ramen-delicato-con-pollo-senza-piccante:593be4b533467034,base:recipe:pasto-flessibile-ramen-delicato-con-pollo-senza-piccante,"Pasto flessibile: Ramen delicato con pollo, senza piccante",0,0.0,no,[],,0.0,0.0,0.0,0.0,0.0,no,,no,[]
base:recipe-version:pasto-flessibile-ravioli-ricotta-e-spinaci-contorno-e-piccolo-dolce:1de614cd4828c63a,base:recipe:pasto-flessibile-ravioli-ricotta-e-spinaci-contorno-e-piccolo-dolce,"Pasto flessibile: Ravioli ricotta e spinaci, contorno e piccolo dolce",0,0.0,no,[],,0.0,0.0,0.0,0.0,0.0,no,,no,[]
base:recipe-version:pasto-flessibile-riso-cantonese-delicato-con-pollo-e-uovo:c4af8b3db18baf92,base:recipe:pasto-flessibile-riso-cantonese-delicato-con-pollo-e-uovo,Pasto flessibile: Riso cantonese delicato con pollo e uovo,0,0.0,no,[],,0.0,0.0,0.0,0.0,0.0,no,,no,[]
base:recipe-version:pasto-flessibile-risotto-ai-funghi-e-piccolo-secondo-di-pollo:14d424b24aa02cd4,base:recipe:pasto-flessibile-risotto-ai-funghi-e-piccolo-secondo-di-pollo,Pasto flessibile: Risotto ai funghi e piccolo secondo di pollo,0,0.0,no,[],,0.0,0.0,0.0,0.0,0.0,no,,no,[]
base:recipe-version:pasto-flessibile-sushi-delicato-misto-senza-salse-piccanti:7d4335563ee1c68c,base:recipe:pasto-flessibile-sushi-delicato-misto-senza-salse-piccanti,Pasto flessibile: Sushi delicato misto senza salse piccanti,0,0.0,no,[],,0.0,0.0,0.0,0.0,0.0,no,,no,[]
base:recipe-version:pasto-flessibile-tagliatelle-al-ragu-e-piccolo-dessert:8d3aaca1bb17d7a9,base:recipe:pasto-flessibile-tagliatelle-al-ragu-e-piccolo-dessert,Pasto flessibile: Tagliatelle al ragù e piccolo dessert,0,0.0,no,[],,0.0,0.0,0.0,0.0,0.0,no,,no,[]
base:recipe-version:pasto-flessibile-tortilla-spagnola-e-pane:7a09622330c0f25c,base:recipe:pasto-flessibile-tortilla-spagnola-e-pane,Pasto flessibile: Tortilla spagnola e pane,0,0.0,no,[],,0.0,0.0,0.0,0.0,0.0,no,,no,[]
base:recipe-version:patate-con-crema-di-borlotti-e-finocchi:896f7b97439bd61f,base:recipe:patate-con-crema-di-borlotti-e-finocchi,Patate con crema di borlotti e finocchi,0,0.0,yes,"[""grana""]",legumes,7.2,0.7317,80.0,7.2,0.7317,yes,potato,no,"[""borlotti"", ""finocchio"", ""grana"", ""olio"", ""patata""]"
base:recipe-version:patate-con-crema-di-borlotti-e-melanzane:5b22336a355001da,base:recipe:patate-con-crema-di-borlotti-e-melanzane,Patate con crema di borlotti e melanzane,0,3.2,yes,"[""grana""]",eggs,17.44,0.6393,80.0,7.2,0.2639,no,potato,no,"[""albume"", ""borlotti"", ""grana"", ""melanzana"", ""olio"", ""patata""]"
base:recipe-version:patate-con-crema-di-piselli-e-fagiolini:bd3f2ccd5bfa8ba0,base:recipe:patate-con-crema-di-piselli-e-fagiolini,Patate con crema di piselli e fagiolini,0,3.2,yes,"[""grana""]",eggs,17.44,0.7479,60.0,3.24,0.1389,no,potato,no,"[""albume"", ""fagiolini"", ""grana"", ""olio"", ""pane_bianco"", ""patata"", ""piselli""]"
base:recipe-version:patate-con-crema-di-piselli-e-spinaci:59036389bb2efb60,base:recipe:patate-con-crema-di-piselli-e-spinaci,Patate con crema di piselli e spinaci,0,3.2,yes,"[""grana""]",eggs,17.44,0.7309,70.0,3.78,0.1584,no,potato,no,"[""albume"", ""grana"", ""olio"", ""pane_bianco"", ""patata"", ""piselli"", ""spinaci""]"
base:recipe-version:piadina-con-bresaola-mozzarella-e-carote:110896ce57a353b4,base:recipe:piadina-con-bresaola-mozzarella-e-carote,"Piadina con bresaola, mozzarella e carote",0,0.0,yes,"[""mozzarella""]",cold_cuts,20.8,0.6582,0.0,0.0,0.0,no,bread,no,"[""bresaola"", ""carota"", ""mozzarella"", ""piadina""]"
base:recipe-version:piadina-con-bresaola-robiola-e-zucca:678dc2678f33097c,base:recipe:piadina-con-bresaola-robiola-e-zucca,"Piadina con bresaola, robiola e zucca",1,0.0,yes,"[""robiola""]",cold_cuts,20.8,0.8685,0.0,0.0,0.0,no,bread,no,"[""bresaola"", ""piadina"", ""robiola"", ""zucca""]"
base:recipe-version:piadina-con-prosciutto-cotto-robiola-e-carciofi:bbf01ab372f91ff1,base:recipe:piadina-con-prosciutto-cotto-robiola-e-carciofi,"Piadina con prosciutto cotto, robiola e carciofi",1,0.0,yes,"[""robiola""]",cold_cuts,15.0,0.8264,0.0,0.0,0.0,no,bread,no,"[""carciofo"", ""pane_bianco"", ""piadina"", ""prosciutto_cotto"", ""robiola""]"
base:recipe-version:piadina-con-tacchino-a-fette-mozzarella-e-pomodori:263bce48b9c42ae7,base:recipe:piadina-con-tacchino-a-fette-mozzarella-e-pomodori,"Piadina con tacchino a fette, mozzarella e pomodori",0,0.0,yes,"[""mozzarella""]",cold_cuts,16.0,0.597,0.0,0.0,0.0,no,bread,no,"[""mozzarella"", ""piadina"", ""pomodoro"", ""tacchino_affettato""]"
base:recipe-version:piadina-con-tacchino-a-fette-primosale-e-carote:7d154b18cc99f2c9,base:recipe:piadina-con-tacchino-a-fette-primosale-e-carote,"Piadina con tacchino a fette, primosale e carote",1,0.0,yes,"[""primosale""]",cold_cuts,16.0,0.6178,0.0,0.0,0.0,no,bread,no,"[""carota"", ""piadina"", ""primosale"", ""tacchino_affettato""]"
base:recipe-version:piadina-mini-con-ricotta:09c4f393f702c181,base:recipe:piadina-mini-con-ricotta,Piadina mini con ricotta,5,0.0,yes,"[""ricotta""]",,3.08,1.0,0.0,0.0,0.0,no,bread,no,"[""piadina"", ""ricotta""]"
base:recipe-version:piadina-mini-con-ricotta:14c972e7099a49db,base:recipe:piadina-mini-con-ricotta,Piadina mini con ricotta,0,0.0,yes,"[""ricotta""]",,3.08,1.0,0.0,0.0,0.0,no,bread,no,"[""banana"", ""piadina"", ""ricotta""]"
base:recipe-version:piatto-caldo-con-feta-patate-e-broccoli:dffc19efa2622b11,base:recipe:piatto-caldo-con-feta-patate-e-broccoli,"Piatto caldo con feta, patate e broccoli",0,3.2,yes,"[""feta""]",eggs,17.44,0.6571,0.0,0.0,0.0,no,potato,no,"[""albume"", ""broccoli"", ""feta"", ""olio"", ""patata""]"
base:recipe-version:piatto-caldo-con-feta-polenta-e-spinaci:3c5c5487d0aa86fd,base:recipe:piatto-caldo-con-feta-polenta-e-spinaci,"Piatto caldo con feta, polenta e spinaci",0,0.0,yes,"[""feta""]",cheese,9.1,1.0,0.0,0.0,0.0,no,other_grains,no,"[""feta"", ""olio"", ""polenta"", ""spinaci""]"
base:recipe-version:piatto-caldo-con-mozzarella-pane-bianco-e-bietole:d0806959e6f7e830,base:recipe:piatto-caldo-con-mozzarella-pane-bianco-e-bietole,"Piatto caldo con mozzarella, pane bianco e bietole",0,0.0,yes,"[""mozzarella""]",cheese,16.2,1.0,0.0,0.0,0.0,no,bread,no,"[""bietola"", ""mozzarella"", ""olio"", ""pane_integrale""]"
base:recipe-version:piatto-caldo-con-mozzarella-patate-e-bietole:5101ef1a81ce8bd4,base:recipe:piatto-caldo-con-mozzarella-patate-e-bietole,"Piatto caldo con mozzarella, patate e bietole",0,0.0,yes,"[""mozzarella""]",cheese,16.2,1.0,0.0,0.0,0.0,no,potato,no,"[""bietola"", ""mozzarella"", ""olio"", ""patata""]"
base:recipe-version:piatto-caldo-con-primosale-pane-bianco-e-finocchi:9c0dcc5da2baa524,base:recipe:piatto-caldo-con-primosale-pane-bianco-e-finocchi,"Piatto caldo con primosale, pane bianco e finocchi",1,0.0,yes,"[""primosale""]",cheese,15.3,1.0,0.0,0.0,0.0,no,bread,no,"[""finocchio"", ""olio"", ""pane_bianco"", ""primosale""]"
base:recipe-version:piatto-caldo-con-primosale-riso-e-radicchio:9277611001a02ab9,base:recipe:piatto-caldo-con-primosale-riso-e-radicchio,"Piatto caldo con primosale, riso e radicchio",0,0.0,yes,"[""primosale""]",cheese,15.3,1.0,0.0,0.0,0.0,no,rice,yes,"[""olio"", ""primosale"", ""radicchio"", ""riso_basmati""]"
base:recipe-version:piatto-caldo-con-ricotta-pane-bianco-e-finocchi:08857bec84d89f72,base:recipe:piatto-caldo-con-ricotta-pane-bianco-e-finocchi,"Piatto caldo con ricotta, pane bianco e finocchi",0,2.0,yes,"[""ricotta""]",eggs,10.9,0.5533,0.0,0.0,0.0,no,bread,no,"[""albume"", ""finocchio"", ""olio"", ""pane_bianco"", ""ricotta""]"
base:recipe-version:piatto-caldo-con-ricotta-pane-bianco-e-lattuga:3902a17753d83a21,base:recipe:piatto-caldo-con-ricotta-pane-bianco-e-lattuga,"Piatto caldo con ricotta, pane bianco e lattuga",0,2.0,yes,"[""ricotta""]",eggs,10.9,0.5533,0.0,0.0,0.0,no,bread,no,"[""albume"", ""lattuga"", ""olio"", ""pane_integrale"", ""ricotta""]"
base:recipe-version:piatto-caldo-con-ricotta-patate-e-cavolfiore:052a0530d763a51b,base:recipe:piatto-caldo-con-ricotta-patate-e-cavolfiore,"Piatto caldo con ricotta, patate e cavolfiore",0,3.6,yes,"[""ricotta""]",eggs,19.62,0.6904,0.0,0.0,0.0,no,potato,no,"[""albume"", ""cavolfiore"", ""olio"", ""patata"", ""ricotta""]"
base:recipe-version:piatto-caldo-con-robiola-polenta-e-bietole:188ba8ebd2c9e2b8,base:recipe:piatto-caldo-con-robiola-polenta-e-bietole,"Piatto caldo con robiola, polenta e bietole",0,3.6,yes,"[""robiola""]",eggs,19.62,0.7985,0.0,0.0,0.0,no,other_grains,no,"[""albume"", ""bietola"", ""olio"", ""polenta"", ""robiola""]"
base:recipe-version:piatto-caldo-con-robiola-polenta-e-bietole:947164d211cd239d,base:recipe:piatto-caldo-con-robiola-polenta-e-bietole,"Piatto caldo con robiola, polenta e bietole",0,3.6,yes,"[""robiola""]",eggs,19.62,0.7985,0.0,0.0,0.0,no,other_grains,no,"[""albume"", ""bietola"", ""olio"", ""polenta"", ""robiola""]"
base:recipe-version:piatto-caldo-con-robiola-riso-e-radicchio:7bd3a6c9415fe405,base:recipe:piatto-caldo-con-robiola-riso-e-radicchio,"Piatto caldo con robiola, riso e radicchio",0,5.2,yes,"[""robiola""]",eggs,28.34,0.8513,0.0,0.0,0.0,no,rice,yes,"[""albume"", ""olio"", ""radicchio"", ""riso_basmati"", ""robiola""]"
base:recipe-version:piccola-porzione-di-lupini-e-frutta:1441081cb6be12f5,base:recipe:piccola-porzione-di-lupini-e-frutta,Piccola porzione di lupini e frutta,1,0.0,no,[],legumes,7.8,1.0,50.0,7.8,1.0,no,,no,"[""banana"", ""lupini""]"
base:recipe-version:piccola-porzione-di-lupini-e-frutta:18e647a88a8a62ae,base:recipe:piccola-porzione-di-lupini-e-frutta,Piccola porzione di lupini e frutta,0,0.0,no,[],legumes,7.8,1.0,50.0,7.8,1.0,no,,no,"[""lupini"", ""mela""]"
base:recipe-version:piccola-porzione-di-lupini-e-frutta:1b299d173f5668ce,base:recipe:piccola-porzione-di-lupini-e-frutta,Piccola porzione di lupini e frutta,3,0.0,no,[],legumes,7.8,1.0,50.0,7.8,1.0,no,,no,"[""kiwi"", ""lupini""]"
base:recipe-version:piccola-porzione-di-lupini-e-frutta:27a1df3729d2c523,base:recipe:piccola-porzione-di-lupini-e-frutta,Piccola porzione di lupini e frutta,10,0.0,no,[],legumes,7.8,1.0,50.0,7.8,1.0,no,,no,"[""lupini"", ""melagrana""]"
base:recipe-version:piccola-porzione-di-lupini-e-frutta:6a911f595824db87,base:recipe:piccola-porzione-di-lupini-e-frutta,Piccola porzione di lupini e frutta,3,0.0,no,[],legumes,7.8,1.0,50.0,7.8,1.0,no,,no,"[""arancia"", ""lupini""]"
base:recipe-version:piccola-porzione-di-lupini-e-frutta:c20727b103b43b47,base:recipe:piccola-porzione-di-lupini-e-frutta,Piccola porzione di lupini e frutta,1,0.0,no,[],legumes,7.8,1.0,50.0,7.8,1.0,no,,no,"[""lupini"", ""mandarino""]"
base:recipe-version:poke-tiepido-con-salmone-e-bietole:c50d8dc2771754a4,base:recipe:poke-tiepido-con-salmone-e-bietole,Poke tiepido con salmone e bietole,0,0.0,no,[],fish,20.0,0.9737,0.0,0.0,0.0,no,rice,yes,"[""bietola"", ""cetriolo"", ""riso_basmati"", ""salmone"", ""salsa_soia"", ""sesamo""]"
base:recipe-version:poke-tiepido-con-salmone-e-carote:152c9430cb653a85,base:recipe:poke-tiepido-con-salmone-e-carote,Poke tiepido con salmone e carote,0,0.0,no,[],fish,20.0,0.9737,0.0,0.0,0.0,no,rice,yes,"[""carota"", ""cetriolo"", ""riso_basmati"", ""salmone"", ""salsa_soia"", ""sesamo""]"
base:recipe-version:poke-tiepido-con-salmone-e-carote:17ef670289008a36,base:recipe:poke-tiepido-con-salmone-e-carote,Poke tiepido con salmone e carote,0,1.6,no,[],fish,20.0,0.6835,0.0,0.0,0.0,no,rice,yes,"[""albume"", ""carota"", ""cetriolo"", ""pane_bianco"", ""riso_basmati"", ""salmone"", ""salsa_soia"", ""sesamo""]"
base:recipe-version:poke-tiepido-con-salmone-e-carote:38ccf71c2323630b,base:recipe:poke-tiepido-con-salmone-e-carote,Poke tiepido con salmone e carote,1,0.0,no,[],fish,20.0,0.9737,0.0,0.0,0.0,no,rice,yes,"[""carota"", ""cetriolo"", ""riso_basmati"", ""salmone"", ""salsa_soia"", ""sesamo""]"
base:recipe-version:poke-tiepido-con-salmone-e-zucca:aee8bd1aa6f671e1,base:recipe:poke-tiepido-con-salmone-e-zucca,Poke tiepido con salmone e zucca,0,0.0,no,[],fish,20.0,0.9737,0.0,0.0,0.0,no,rice,yes,"[""cetriolo"", ""riso_basmati"", ""salmone"", ""salsa_soia"", ""sesamo"", ""zucca""]"
base:recipe-version:pollo-con-patate-e-carciofi:6d2eaaa952c1d950,base:recipe:pollo-con-patate-e-carciofi,Pollo con patate e carciofi,3,0.0,no,[],poultry,29.9,1.0,0.0,0.0,0.0,no,potato,no,"[""carciofo"", ""olio"", ""patata"", ""pollo""]"
base:recipe-version:pollo-con-patate-e-funghi:7cb1d5839f736ddb,base:recipe:pollo-con-patate-e-funghi,Pollo con patate e funghi,2,0.0,no,[],poultry,29.9,1.0,0.0,0.0,0.0,no,potato,no,"[""funghi"", ""olio"", ""patata"", ""pollo""]"
base:recipe-version:pollo-con-patate-e-spinaci:09c2c9eb05de90c3,base:recipe:pollo-con-patate-e-spinaci,Pollo con patate e spinaci,0,0.0,no,[],poultry,29.9,1.0,0.0,0.0,0.0,no,potato,no,"[""olio"", ""patata"", ""pollo"", ""spinaci""]"
base:recipe-version:pollo-con-patate-e-spinaci:60e1b4880c2b8295,base:recipe:pollo-con-patate-e-spinaci,Pollo con patate e spinaci,7,0.0,no,[],poultry,29.9,1.0,0.0,0.0,0.0,no,bread,no,"[""olio"", ""pane_bianco"", ""patata"", ""pollo"", ""spinaci""]"
base:recipe-version:pollo-con-polenta-e-zucca:95b4da9b795cd857,base:recipe:pollo-con-polenta-e-zucca,Pollo con polenta e zucca,2,0.0,no,[],poultry,29.9,1.0,0.0,0.0,0.0,no,other_grains,no,"[""olio"", ""polenta"", ""pollo"", ""zucca""]"
base:recipe-version:pollo-con-riso-basmati-e-finocchi:13c773b5cea60d65,base:recipe:pollo-con-riso-basmati-e-finocchi,Pollo con riso basmati e finocchi,2,0.0,no,[],poultry,29.9,1.0,0.0,0.0,0.0,no,rice,yes,"[""finocchio"", ""olio"", ""pollo"", ""riso_basmati""]"
base:recipe-version:polpette-svedesi-leggere-con-finocchi:d07cce2ce10dceb3,base:recipe:polpette-svedesi-leggere-con-finocchi,Polpette svedesi leggere con finocchi,0,0.6,no,[],poultry,31.2,0.8529,0.0,0.0,0.0,no,potato,no,"[""finocchio"", ""olio"", ""pane_bianco"", ""pangrattato"", ""patata"", ""tacchino"", ""uovo"", ""yogurt_bianco""]"
base:recipe-version:polpette-svedesi-leggere-con-finocchi:ddcab9fe75d5ba64,base:recipe:polpette-svedesi-leggere-con-finocchi,Polpette svedesi leggere con finocchi,0,0.6,no,[],poultry,31.2,0.8529,0.0,0.0,0.0,no,potato,no,"[""finocchio"", ""olio"", ""pangrattato"", ""patata"", ""tacchino"", ""uovo"", ""yogurt_bianco""]"
base:recipe-version:polpette-svedesi-leggere-con-finocchi:ffe2f2ba2ba41e72,base:recipe:polpette-svedesi-leggere-con-finocchi,Polpette svedesi leggere con finocchi,0,0.6,no,[],poultry,31.2,0.8529,0.0,0.0,0.0,no,bread,no,"[""finocchio"", ""olio"", ""pane_bianco"", ""pangrattato"", ""patata"", ""tacchino"", ""uovo"", ""yogurt_bianco""]"
base:recipe-version:polpette-svedesi-leggere-con-zucca:09ff0cbe36d88784,base:recipe:polpette-svedesi-leggere-con-zucca,Polpette svedesi leggere con zucca,1,0.6,no,[],poultry,31.2,0.8529,0.0,0.0,0.0,no,potato,no,"[""olio"", ""pangrattato"", ""patata"", ""tacchino"", ""uovo"", ""yogurt_bianco"", ""zucca""]"
base:recipe-version:polpette-svedesi-leggere-con-zucca:53e18a5007aa66f1,base:recipe:polpette-svedesi-leggere-con-zucca,Polpette svedesi leggere con zucca,0,0.6,no,[],poultry,31.2,0.8529,0.0,0.0,0.0,no,bread,no,"[""olio"", ""pane_bianco"", ""pangrattato"", ""patata"", ""tacchino"", ""uovo"", ""yogurt_bianco"", ""zucca""]"
base:recipe-version:polpette-svedesi-leggere-con-zucca:dbbd488c534fc81a,base:recipe:polpette-svedesi-leggere-con-zucca,Polpette svedesi leggere con zucca,0,0.6,no,[],poultry,31.2,0.8529,0.0,0.0,0.0,no,potato,no,"[""olio"", ""pangrattato"", ""patata"", ""tacchino"", ""uovo"", ""yogurt_bianco"", ""zucca""]"
base:recipe-version:porridge-piccolo-con-frutta-cotta:1538450e6584f491,base:recipe:porridge-piccolo-con-frutta-cotta,Porridge piccolo con frutta cotta,1,0.0,no,[],milk_yogurt,6.6,0.8967,0.0,0.0,0.0,no,other_grains,no,"[""avena"", ""banana"", ""latte_ps"", ""noci""]"
base:recipe-version:porridge-piccolo-con-frutta-cotta:46147f8fc54780e5,base:recipe:porridge-piccolo-con-frutta-cotta,Porridge piccolo con frutta cotta,2,0.0,no,[],milk_yogurt,6.6,0.8967,0.0,0.0,0.0,no,other_grains,no,"[""arancia"", ""avena"", ""latte_ps"", ""noci""]"
base:recipe-version:porridge-piccolo-con-frutta-cotta:4eb65512fcd2116f,base:recipe:porridge-piccolo-con-frutta-cotta,Porridge piccolo con frutta cotta,1,0.0,no,[],milk_yogurt,6.6,0.8967,0.0,0.0,0.0,no,other_grains,no,"[""avena"", ""latte_ps"", ""mandarino"", ""noci""]"
base:recipe-version:porridge-piccolo-con-frutta-cotta:d4000c044e0ed85c,base:recipe:porridge-piccolo-con-frutta-cotta,Porridge piccolo con frutta cotta,2,0.0,no,[],milk_yogurt,6.6,0.8967,0.0,0.0,0.0,no,other_grains,no,"[""avena"", ""latte_ps"", ""noci"", ""pera""]"
base:recipe-version:porridge-piccolo-con-frutta-cotta:f276206b0d53a6b1,base:recipe:porridge-piccolo-con-frutta-cotta,Porridge piccolo con frutta cotta,0,0.0,no,[],milk_yogurt,6.6,0.8967,0.0,0.0,0.0,no,other_grains,no,"[""avena"", ""latte_ps"", ""noci"", ""pompelmo""]"
base:recipe-version:pranzo-leggero-con-merluzzo-pane-e-finocchi:560ae55501b9ed95,base:recipe:pranzo-leggero-con-merluzzo-pane-e-finocchi,"Pranzo leggero con merluzzo, pane e finocchi",1,0.0,no,[],fish,28.8,1.0,0.0,0.0,0.0,no,bread,no,"[""finocchio"", ""merluzzo"", ""olio"", ""pane_bianco"", ""pane_integrale""]"
base:recipe-version:pranzo-leggero-con-merluzzo-pane-e-spinaci:70170d62e5c2f053,base:recipe:pranzo-leggero-con-merluzzo-pane-e-spinaci,"Pranzo leggero con merluzzo, pane e spinaci",1,0.0,no,[],fish,28.8,1.0,0.0,0.0,0.0,no,bread,no,"[""merluzzo"", ""olio"", ""pane_bianco"", ""pane_integrale"", ""spinaci""]"
base:recipe-version:pranzo-leggero-con-merluzzo-pane-e-zucchine:63b7c39ffdf6a5d8,base:recipe:pranzo-leggero-con-merluzzo-pane-e-zucchine,"Pranzo leggero con merluzzo, pane e zucchine",0,1.6,no,[],fish,28.8,0.7676,0.0,0.0,0.0,no,bread,no,"[""albume"", ""merluzzo"", ""olio"", ""pane_bianco"", ""pane_integrale"", ""zucchina""]"
base:recipe-version:pranzo-leggero-con-merluzzo-riso-e-funghi:f54301d61167e559,base:recipe:pranzo-leggero-con-merluzzo-riso-e-funghi,"Pranzo leggero con merluzzo, riso e funghi",1,0.0,no,[],fish,28.8,1.0,0.0,0.0,0.0,no,rice,yes,"[""funghi"", ""merluzzo"", ""olio"", ""pane_bianco"", ""riso_integrale""]"
base:recipe-version:pranzo-leggero-con-merluzzo-riso-e-lattuga:f2fccd0b2d68ec98,base:recipe:pranzo-leggero-con-merluzzo-riso-e-lattuga,"Pranzo leggero con merluzzo, riso e lattuga",0,1.6,no,[],fish,28.8,0.7676,0.0,0.0,0.0,no,rice,yes,"[""albume"", ""lattuga"", ""merluzzo"", ""olio"", ""riso_integrale""]"
base:recipe-version:pranzo-leggero-con-merluzzo-riso-e-sedano-rapa:10f30b08e0580860,base:recipe:pranzo-leggero-con-merluzzo-riso-e-sedano-rapa,"Pranzo leggero con merluzzo, riso e sedano rapa",0,1.6,no,[],fish,28.8,0.7676,0.0,0.0,0.0,no,rice,yes,"[""albume"", ""merluzzo"", ""olio"", ""pane_bianco"", ""riso_integrale"", ""sedano_rapa""]"
base:recipe-version:pranzo-leggero-con-pollo-patate-e-bietole:51f53f0a48ab85d6,base:recipe:pranzo-leggero-con-pollo-patate-e-bietole,"Pranzo leggero con pollo, patate e bietole",0,1.6,no,[],poultry,25.3,0.7437,0.0,0.0,0.0,no,potato,no,"[""albume"", ""bietola"", ""olio"", ""pane_bianco"", ""patata"", ""pollo""]"
base:recipe-version:pranzo-leggero-con-pollo-patate-e-fagiolini:51b326d65f384f25,base:recipe:pranzo-leggero-con-pollo-patate-e-fagiolini,"Pranzo leggero con pollo, patate e fagiolini",0,1.6,no,[],poultry,25.3,0.7437,0.0,0.0,0.0,no,potato,no,"[""albume"", ""fagiolini"", ""olio"", ""pane_bianco"", ""patata"", ""pollo""]"
base:recipe-version:pranzo-leggero-con-pollo-patate-e-sedano-rapa:0b95dcb91da7b419,base:recipe:pranzo-leggero-con-pollo-patate-e-sedano-rapa,"Pranzo leggero con pollo, patate e sedano rapa",0,1.6,no,[],poultry,25.3,0.7437,0.0,0.0,0.0,no,potato,no,"[""albume"", ""olio"", ""patata"", ""pollo"", ""sedano_rapa""]"
base:recipe-version:pranzo-leggero-con-pollo-riso-e-cavolfiore:49e323aa10f63151,base:recipe:pranzo-leggero-con-pollo-riso-e-cavolfiore,"Pranzo leggero con pollo, riso e cavolfiore",0,1.6,no,[],poultry,25.3,0.7437,0.0,0.0,0.0,no,rice,yes,"[""albume"", ""cavolfiore"", ""olio"", ""pane_bianco"", ""pollo"", ""riso_basmati""]"
base:recipe-version:pranzo-leggero-con-pollo-riso-e-cavolfiore:4b87f1f403d94dda,base:recipe:pranzo-leggero-con-pollo-riso-e-cavolfiore,"Pranzo leggero con pollo, riso e cavolfiore",0,1.6,no,[],poultry,25.3,0.7437,0.0,0.0,0.0,no,rice,yes,"[""albume"", ""cavolfiore"", ""olio"", ""pane_bianco"", ""pollo"", ""riso_basmati""]"
base:recipe-version:pranzo-leggero-con-pollo-riso-e-zucchine:be3c48898181ce93,base:recipe:pranzo-leggero-con-pollo-riso-e-zucchine,"Pranzo leggero con pollo, riso e zucchine",0,0.0,no,[],poultry,25.3,1.0,0.0,0.0,0.0,no,rice,yes,"[""olio"", ""pane_bianco"", ""pollo"", ""riso_basmati"", ""zucchina""]"
base:recipe-version:pranzo-leggero-con-tacchino-pane-e-fagiolini:7f0d78fdb7e3ddb2,base:recipe:pranzo-leggero-con-tacchino-pane-e-fagiolini,"Pranzo leggero con tacchino, pane e fagiolini",0,1.6,no,[],poultry,26.4,0.7517,0.0,0.0,0.0,no,bread,no,"[""albume"", ""fagiolini"", ""olio"", ""pane_bianco"", ""tacchino""]"
base:recipe-version:pranzo-leggero-con-tacchino-pane-e-funghi:38bb15f313984032,base:recipe:pranzo-leggero-con-tacchino-pane-e-funghi,"Pranzo leggero con tacchino, pane e funghi",0,0.0,no,[],poultry,26.4,1.0,0.0,0.0,0.0,no,bread,no,"[""funghi"", ""olio"", ""pane_bianco"", ""pane_integrale"", ""tacchino""]"
base:recipe-version:pranzo-leggero-con-tacchino-pane-e-spinaci:b78acd31c8ff180a,base:recipe:pranzo-leggero-con-tacchino-pane-e-spinaci,"Pranzo leggero con tacchino, pane e spinaci",1,0.0,no,[],poultry,26.4,1.0,0.0,0.0,0.0,no,bread,no,"[""olio"", ""pane_bianco"", ""pane_integrale"", ""spinaci"", ""tacchino""]"
base:recipe-version:pranzo-leggero-con-tacchino-patate-e-cavolfiore:5c747b342e4ce898,base:recipe:pranzo-leggero-con-tacchino-patate-e-cavolfiore,"Pranzo leggero con tacchino, patate e cavolfiore",0,1.6,no,[],poultry,26.4,0.7517,0.0,0.0,0.0,no,potato,no,"[""albume"", ""cavolfiore"", ""olio"", ""pane_bianco"", ""patata"", ""tacchino""]"
base:recipe-version:pranzo-leggero-con-tacchino-patate-e-radicchio:6c8d2a1c4c29e71c,base:recipe:pranzo-leggero-con-tacchino-patate-e-radicchio,"Pranzo leggero con tacchino, patate e radicchio",0,1.6,no,[],poultry,26.4,0.7517,0.0,0.0,0.0,no,potato,no,"[""albume"", ""olio"", ""pane_bianco"", ""patata"", ""radicchio"", ""tacchino""]"
base:recipe-version:pranzo-leggero-con-tacchino-patate-e-spinaci:0f665cf77535a378,base:recipe:pranzo-leggero-con-tacchino-patate-e-spinaci,"Pranzo leggero con tacchino, patate e spinaci",0,1.6,no,[],poultry,26.4,0.7517,0.0,0.0,0.0,no,potato,no,"[""albume"", ""olio"", ""patata"", ""spinaci"", ""tacchino""]"
base:recipe-version:primosale-e-gallette-di-riso:c2e743864218b117,base:recipe:primosale-e-gallette-di-riso,Primosale e gallette di riso,6,0.0,yes,"[""primosale""]",cheese,7.2,1.0,0.0,0.0,0.0,no,crackers_rusks_cakes,no,"[""gallette_riso"", ""primosale""]"
base:recipe-version:ricotta-e-frutta:349f87813a30d26f,base:recipe:ricotta-e-frutta,Ricotta e frutta,1,0.0,yes,"[""ricotta""]",cheese,4.84,1.0,0.0,0.0,0.0,no,,no,"[""arancia"", ""ricotta""]"
base:recipe-version:ricotta-e-frutta:55113038eb8f33ff,base:recipe:ricotta-e-frutta,Ricotta e frutta,0,0.0,yes,"[""ricotta""]",cheese,4.84,1.0,0.0,0.0,0.0,no,,no,"[""cachi"", ""ricotta""]"
base:recipe-version:ricotta-e-frutta:79840a612df588f9,base:recipe:ricotta-e-frutta,Ricotta e frutta,0,0.0,yes,"[""ricotta""]",cheese,4.84,1.0,0.0,0.0,0.0,no,,no,"[""mela"", ""ricotta""]"
base:recipe-version:ricotta-e-frutta:829fdb82bcf4550d,base:recipe:ricotta-e-frutta,Ricotta e frutta,1,0.0,yes,"[""ricotta""]",cheese,4.84,1.0,0.0,0.0,0.0,no,,no,"[""mandarino"", ""ricotta""]"
base:recipe-version:ricotta-e-frutta:b5453d1fd509a598,base:recipe:ricotta-e-frutta,Ricotta e frutta,0,0.0,yes,"[""ricotta""]",cheese,4.84,1.0,0.0,0.0,0.0,no,,no,"[""pera"", ""ricotta""]"
base:recipe-version:ricotta-e-frutta:e975774931e472a9,base:recipe:ricotta-e-frutta,Ricotta e frutta,1,0.0,yes,"[""ricotta""]",cheese,4.84,1.0,0.0,0.0,0.0,no,,no,"[""kiwi"", ""ricotta""]"
base:recipe-version:riso-con-crema-di-borlotti-e-sedano-rapa:2da40a245a71862b,base:recipe:riso-con-crema-di-borlotti-e-sedano-rapa,Riso con crema di borlotti e sedano rapa,0,1.6,yes,"[""grana""]",eggs,8.72,0.4698,80.0,7.2,0.3879,no,rice,yes,"[""albume"", ""borlotti"", ""grana"", ""olio"", ""riso_basmati"", ""sedano_rapa""]"
base:recipe-version:riso-con-crema-di-cannellini-e-bietole:4b4091a52cb4608a,base:recipe:riso-con-crema-di-cannellini-e-bietole,Riso con crema di cannellini e bietole,0,0.0,yes,"[""grana""]",legumes,6.96,0.725,80.0,6.96,0.725,yes,rice,yes,"[""bietola"", ""cannellini"", ""grana"", ""olio"", ""riso_basmati""]"
base:recipe-version:riso-con-crema-di-ceci-e-cavolfiore:6eb574cb284712ea,base:recipe:riso-con-crema-di-ceci-e-cavolfiore,Riso con crema di ceci e cavolfiore,0,3.2,yes,"[""grana""]",eggs,17.44,0.6629,70.0,6.23,0.2368,no,rice,yes,"[""albume"", ""cavolfiore"", ""ceci"", ""grana"", ""olio"", ""riso_basmati""]"
base:recipe-version:riso-con-crema-di-ceci-e-cavolfiore:a8da746f76cd5d77,base:recipe:riso-con-crema-di-ceci-e-cavolfiore,Riso con crema di ceci e cavolfiore,0,3.2,yes,"[""grana""]",eggs,17.44,0.6629,70.0,6.23,0.2368,no,rice,yes,"[""albume"", ""cavolfiore"", ""ceci"", ""grana"", ""olio"", ""riso_basmati""]"
base:recipe-version:riso-teriyaki-delicato-con-tacchino-e-carciofi:750ad5a8af8f7fdf,base:recipe:riso-teriyaki-delicato-con-tacchino-e-carciofi,Riso teriyaki delicato con tacchino e carciofi,0,0.0,no,[],poultry,27.6,1.0,0.0,0.0,0.0,no,rice,yes,"[""bietola"", ""carciofo"", ""olio"", ""riso_jasmine"", ""salsa_soia"", ""tacchino""]"
base:recipe-version:riso-teriyaki-delicato-con-tacchino-e-carciofi:c60447a224c2e3c9,base:recipe:riso-teriyaki-delicato-con-tacchino-e-carciofi,Riso teriyaki delicato con tacchino e carciofi,1,0.0,no,[],poultry,27.6,1.0,0.0,0.0,0.0,no,rice,yes,"[""bietola"", ""carciofo"", ""olio"", ""riso_jasmine"", ""salsa_soia"", ""tacchino""]"
base:recipe-version:riso-teriyaki-delicato-con-tacchino-e-carciofi:ca0b3a9ea09065a5,base:recipe:riso-teriyaki-delicato-con-tacchino-e-carciofi,Riso teriyaki delicato con tacchino e carciofi,0,1.6,no,[],poultry,27.6,0.7599,0.0,0.0,0.0,no,bread,no,"[""albume"", ""bietola"", ""carciofo"", ""olio"", ""pane_bianco"", ""riso_jasmine"", ""salsa_soia"", ""tacchino""]"
base:recipe-version:riso-teriyaki-delicato-con-tacchino-e-carciofi:e4b71ccbec6fce46,base:recipe:riso-teriyaki-delicato-con-tacchino-e-carciofi,Riso teriyaki delicato con tacchino e carciofi,4,0.0,no,[],poultry,27.6,1.0,0.0,0.0,0.0,no,rice,yes,"[""carciofo"", ""olio"", ""radicchio"", ""riso_jasmine"", ""salsa_soia"", ""tacchino""]"
base:recipe-version:riso-teriyaki-delicato-con-tacchino-e-funghi:082024a2420476a2,base:recipe:riso-teriyaki-delicato-con-tacchino-e-funghi,Riso teriyaki delicato con tacchino e funghi,0,0.0,no,[],poultry,27.6,1.0,0.0,0.0,0.0,no,rice,yes,"[""funghi"", ""olio"", ""riso_jasmine"", ""salsa_soia"", ""spinaci"", ""tacchino""]"
base:recipe-version:riso-teriyaki-delicato-con-tacchino-e-melanzane:6da7b42882068260,base:recipe:riso-teriyaki-delicato-con-tacchino-e-melanzane,Riso teriyaki delicato con tacchino e melanzane,2,0.0,no,[],poultry,27.6,1.0,0.0,0.0,0.0,no,rice,yes,"[""bietola"", ""melanzana"", ""olio"", ""riso_jasmine"", ""salsa_soia"", ""tacchino""]"
base:recipe-version:riso-teriyaki-delicato-con-tacchino-e-melanzane:c8d495a18082b006,base:recipe:riso-teriyaki-delicato-con-tacchino-e-melanzane,Riso teriyaki delicato con tacchino e melanzane,0,1.6,no,[],poultry,27.6,0.7599,0.0,0.0,0.0,no,bread,no,"[""albume"", ""bietola"", ""melanzana"", ""olio"", ""pane_bianco"", ""riso_jasmine"", ""salsa_soia"", ""tacchino""]"
base:recipe-version:riso-teriyaki-delicato-con-tacchino-e-spinaci:7ebcf1cfe3de74f2,base:recipe:riso-teriyaki-delicato-con-tacchino-e-spinaci,Riso teriyaki delicato con tacchino e spinaci,1,0.0,no,[],poultry,27.6,1.0,0.0,0.0,0.0,no,rice,yes,"[""cavolfiore"", ""olio"", ""riso_jasmine"", ""salsa_soia"", ""spinaci"", ""tacchino""]"
base:recipe-version:risotto-delicato-con-funghi-e-carciofi:ea9b50d16e2b76e8,base:recipe:risotto-delicato-con-funghi-e-carciofi,Risotto delicato con funghi e carciofi,0,3.6,yes,"[""grana""]",eggs,19.62,0.8814,0.0,0.0,0.0,no,rice,yes,"[""albume"", ""carciofo"", ""funghi"", ""grana"", ""olio"", ""pane_bianco"", ""riso_basmati""]"
base:recipe-version:risotto-delicato-con-funghi-e-carote:f423c15899b3ca32,base:recipe:risotto-delicato-con-funghi-e-carote,Risotto delicato con funghi e carote,0,2.0,yes,"[""grana""]",eggs,10.9,0.805,0.0,0.0,0.0,no,rice,yes,"[""albume"", ""carota"", ""funghi"", ""grana"", ""olio"", ""riso_basmati""]"
base:recipe-version:risotto-delicato-con-funghi-e-finocchi:badfcbab95b55a39,base:recipe:risotto-delicato-con-funghi-e-finocchi,Risotto delicato con funghi e finocchi,0,3.6,yes,"[""grana""]",eggs,19.62,0.8814,0.0,0.0,0.0,no,rice,yes,"[""albume"", ""finocchio"", ""funghi"", ""grana"", ""olio"", ""riso_basmati""]"
base:recipe-version:risotto-delicato-con-funghi-e-sedano-rapa:dfe52745bbdb8b1a,base:recipe:risotto-delicato-con-funghi-e-sedano-rapa,Risotto delicato con funghi e sedano rapa,0,2.0,yes,"[""grana""]",eggs,10.9,0.805,0.0,0.0,0.0,no,rice,yes,"[""albume"", ""funghi"", ""grana"", ""olio"", ""riso_basmati"", ""sedano_rapa""]"
base:recipe-version:risotto-delicato-con-funghi-e-zucca:c83ed23823f534c3,base:recipe:risotto-delicato-con-funghi-e-zucca,Risotto delicato con funghi e zucca,0,2.0,yes,"[""grana""]",eggs,10.9,0.805,0.0,0.0,0.0,no,rice,yes,"[""albume"", ""funghi"", ""grana"", ""olio"", ""riso_integrale"", ""zucca""]"
base:recipe-version:risotto-delicato-con-gamberi-e-fagiolini:d50853aedadb24c6,base:recipe:risotto-delicato-con-gamberi-e-fagiolini,Risotto delicato con gamberi e fagiolini,0,0.0,yes,"[""grana""]",fish,31.2,0.922,0.0,0.0,0.0,no,rice,yes,"[""fagiolini"", ""gamberi"", ""grana"", ""olio"", ""riso_integrale""]"
base:recipe-version:risotto-delicato-con-gamberi-e-finocchi:f9f7c5c8af94dffa,base:recipe:risotto-delicato-con-gamberi-e-finocchi,Risotto delicato con gamberi e finocchi,0,0.0,yes,"[""grana""]",fish,31.2,0.922,0.0,0.0,0.0,no,rice,yes,"[""finocchio"", ""gamberi"", ""grana"", ""olio"", ""riso_basmati""]"
base:recipe-version:risotto-delicato-con-gamberi-e-radicchio:0c963a38ab00f4fe,base:recipe:risotto-delicato-con-gamberi-e-radicchio,Risotto delicato con gamberi e radicchio,0,0.0,yes,"[""grana""]",fish,31.2,0.922,0.0,0.0,0.0,no,rice,yes,"[""gamberi"", ""grana"", ""olio"", ""radicchio"", ""riso_basmati""]"
base:recipe-version:risotto-delicato-con-gamberi-e-spinaci:49b022ea9c54c14a,base:recipe:risotto-delicato-con-gamberi-e-spinaci,Risotto delicato con gamberi e spinaci,0,0.0,yes,"[""grana""]",fish,31.2,0.922,0.0,0.0,0.0,no,rice,yes,"[""gamberi"", ""grana"", ""olio"", ""riso_basmati"", ""spinaci""]"
base:recipe-version:risotto-delicato-con-gamberi-e-zucca:4ca778d49fafd80b,base:recipe:risotto-delicato-con-gamberi-e-zucca,Risotto delicato con gamberi e zucca,0,0.0,yes,"[""grana""]",fish,31.2,0.922,0.0,0.0,0.0,no,rice,yes,"[""gamberi"", ""grana"", ""olio"", ""pane_bianco"", ""riso_integrale"", ""zucca""]"
base:recipe-version:risotto-delicato-con-pollo-e-cavolfiore:fbd8f5e1e6271c53,base:recipe:risotto-delicato-con-pollo-e-cavolfiore,Risotto delicato con pollo e cavolfiore,0,0.0,yes,"[""grana""]",poultry,24.15,0.9015,0.0,0.0,0.0,no,rice,yes,"[""cavolfiore"", ""grana"", ""olio"", ""pollo"", ""riso_basmati""]"
base:recipe-version:risotto-delicato-con-pollo-e-radicchio:f1e5760d15164be8,base:recipe:risotto-delicato-con-pollo-e-radicchio,Risotto delicato con pollo e radicchio,0,1.6,yes,"[""grana""]",poultry,24.15,0.6801,0.0,0.0,0.0,no,rice,yes,"[""albume"", ""grana"", ""olio"", ""pane_bianco"", ""pollo"", ""radicchio"", ""riso_integrale""]"
base:recipe-version:risotto-delicato-con-pollo-e-spinaci:732bc06dab53b4ef,base:recipe:risotto-delicato-con-pollo-e-spinaci,Risotto delicato con pollo e spinaci,0,0.0,yes,"[""grana""]",poultry,24.15,0.9015,0.0,0.0,0.0,no,rice,yes,"[""grana"", ""olio"", ""pollo"", ""riso_integrale"", ""spinaci""]"
base:recipe-version:risotto-delicato-con-pollo-e-zucca:6c7d5e7d95593ffe,base:recipe:risotto-delicato-con-pollo-e-zucca,Risotto delicato con pollo e zucca,0,0.0,yes,"[""grana""]",poultry,24.15,0.9015,0.0,0.0,0.0,no,rice,yes,"[""grana"", ""olio"", ""pollo"", ""riso_basmati"", ""zucca""]"
base:recipe-version:risotto-delicato-con-primosale-e-carote:3ff932730a1bad10,base:recipe:risotto-delicato-con-primosale-e-carote,Risotto delicato con primosale e carote,0,4.8,yes,"[""grana"", ""primosale""]",eggs,26.16,0.6606,0.0,0.0,0.0,no,rice,yes,"[""albume"", ""carota"", ""grana"", ""olio"", ""pane_bianco"", ""primosale"", ""riso_integrale""]"
base:recipe-version:risotto-delicato-con-primosale-e-cavolfiore:3f8eb30a600af6ea,base:recipe:risotto-delicato-con-primosale-e-cavolfiore,Risotto delicato con primosale e cavolfiore,0,0.0,yes,"[""grana"", ""primosale""]",cheese,13.44,1.0,0.0,0.0,0.0,no,rice,yes,"[""cavolfiore"", ""grana"", ""olio"", ""primosale"", ""riso_basmati""]"
base:recipe-version:risotto-delicato-con-primosale-e-pomodori:e1ee16fe31a6d889,base:recipe:risotto-delicato-con-primosale-e-pomodori,Risotto delicato con primosale e pomodori,0,3.2,yes,"[""grana"", ""primosale""]",eggs,17.44,0.5648,0.0,0.0,0.0,no,rice,yes,"[""albume"", ""grana"", ""olio"", ""pomodoro"", ""primosale"", ""riso_integrale""]"
base:recipe-version:risotto-delicato-con-primosale-e-radicchio:1d2d9cb423ef8129,base:recipe:risotto-delicato-con-primosale-e-radicchio,Risotto delicato con primosale e radicchio,0,0.0,yes,"[""grana"", ""primosale""]",cheese,13.44,1.0,0.0,0.0,0.0,no,rice,yes,"[""grana"", ""olio"", ""primosale"", ""radicchio"", ""riso_basmati""]"
base:recipe-version:risotto-delicato-con-primosale-e-radicchio:92651735e226d5bf,base:recipe:risotto-delicato-con-primosale-e-radicchio,Risotto delicato con primosale e radicchio,0,0.0,yes,"[""grana"", ""primosale""]",cheese,13.44,1.0,0.0,0.0,0.0,no,rice,yes,"[""grana"", ""olio"", ""primosale"", ""radicchio"", ""riso_integrale""]"
base:recipe-version:risotto-delicato-con-primosale-e-zucchine:ab6e3039c5bf6ff7,base:recipe:risotto-delicato-con-primosale-e-zucchine,Risotto delicato con primosale e zucchine,0,1.6,yes,"[""grana"", ""primosale""]",cheese,13.44,0.6065,0.0,0.0,0.0,no,rice,yes,"[""albume"", ""grana"", ""olio"", ""primosale"", ""riso_basmati"", ""zucchina""]"
base:recipe-version:risotto-delicato-con-salmone-e-carciofi:1ffda40ee6c1e911,base:recipe:risotto-delicato-con-salmone-e-carciofi,Risotto delicato con salmone e carciofi,0,1.6,yes,"[""grana""]",fish,16.0,0.5848,0.0,0.0,0.0,no,rice,yes,"[""albume"", ""carciofo"", ""grana"", ""olio"", ""riso_basmati"", ""salmone""]"
base:recipe-version:risotto-delicato-con-salmone-e-carciofi:8c4fab888f0ce3fa,base:recipe:risotto-delicato-con-salmone-e-carciofi,Risotto delicato con salmone e carciofi,0,0.0,yes,"[""grana""]",fish,16.0,0.8584,0.0,0.0,0.0,no,rice,yes,"[""carciofo"", ""grana"", ""olio"", ""riso_basmati"", ""salmone""]"
base:recipe-version:risotto-delicato-con-salmone-e-carciofi:9706a3fc6988f08a,base:recipe:risotto-delicato-con-salmone-e-carciofi,Risotto delicato con salmone e carciofi,0,0.0,yes,"[""grana""]",fish,16.0,0.8584,0.0,0.0,0.0,no,rice,yes,"[""carciofo"", ""grana"", ""olio"", ""riso_basmati"", ""salmone""]"
base:recipe-version:risotto-delicato-con-salmone-e-carote:debc30dc70ba9495,base:recipe:risotto-delicato-con-salmone-e-carote,Risotto delicato con salmone e carote,0,0.0,yes,"[""grana""]",fish,16.0,0.8584,0.0,0.0,0.0,no,rice,yes,"[""carota"", ""grana"", ""olio"", ""riso_basmati"", ""salmone""]"
base:recipe-version:risotto-delicato-con-salmone-e-finocchi:afb896dd21be7ba5,base:recipe:risotto-delicato-con-salmone-e-finocchi,Risotto delicato con salmone e finocchi,0,3.2,yes,"[""grana""]",eggs,17.44,0.4834,0.0,0.0,0.0,no,rice,yes,"[""albume"", ""finocchio"", ""grana"", ""olio"", ""pane_bianco"", ""riso_basmati"", ""salmone""]"
base:recipe-version:risotto-delicato-con-salmone-e-funghi:2af3d7d5d32a254d,base:recipe:risotto-delicato-con-salmone-e-funghi,Risotto delicato con salmone e funghi,0,0.0,yes,"[""grana""]",fish,16.0,0.8584,0.0,0.0,0.0,no,rice,yes,"[""funghi"", ""grana"", ""olio"", ""riso_basmati"", ""salmone""]"
base:recipe-version:risotto-delicato-con-tacchino-e-bietole:c1a2c5a25d9f67f8,base:recipe:risotto-delicato-con-tacchino-e-bietole,Risotto delicato con tacchino e bietole,0,0.0,yes,"[""grana""]",poultry,25.2,0.9052,0.0,0.0,0.0,no,rice,yes,"[""bietola"", ""grana"", ""olio"", ""riso_basmati"", ""tacchino""]"
base:recipe-version:risotto-delicato-con-tacchino-e-broccoli:4fe20951105e4cb6,base:recipe:risotto-delicato-con-tacchino-e-broccoli,Risotto delicato con tacchino e broccoli,0,0.0,yes,"[""grana""]",poultry,25.2,0.9052,0.0,0.0,0.0,no,rice,yes,"[""broccoli"", ""grana"", ""olio"", ""riso_integrale"", ""tacchino""]"
base:recipe-version:risotto-delicato-con-tacchino-e-carote:9d6b19ddb31328f0,base:recipe:risotto-delicato-con-tacchino-e-carote,Risotto delicato con tacchino e carote,0,0.0,yes,"[""grana""]",poultry,25.2,0.9052,0.0,0.0,0.0,no,rice,yes,"[""carota"", ""grana"", ""olio"", ""riso_basmati"", ""tacchino""]"
base:recipe-version:risotto-delicato-con-tacchino-e-carote:c570d4166dc6e497,base:recipe:risotto-delicato-con-tacchino-e-carote,Risotto delicato con tacchino e carote,0,0.0,yes,"[""grana""]",poultry,25.2,0.9052,0.0,0.0,0.0,no,rice,yes,"[""carota"", ""grana"", ""olio"", ""riso_basmati"", ""tacchino""]"
base:recipe-version:risotto-delicato-con-tacchino-e-zucca:ae50dd5e2207bce2,base:recipe:risotto-delicato-con-tacchino-e-zucca,Risotto delicato con tacchino e zucca,0,1.6,yes,"[""grana""]",poultry,25.2,0.6893,0.0,0.0,0.0,no,rice,yes,"[""albume"", ""grana"", ""olio"", ""pane_bianco"", ""riso_integrale"", ""tacchino"", ""zucca""]"
base:recipe-version:risotto-delicato-con-tacchino-e-zucchine:439bf425b5eeec2c,base:recipe:risotto-delicato-con-tacchino-e-zucchine,Risotto delicato con tacchino e zucchine,0,0.0,yes,"[""grana""]",poultry,25.2,0.9052,0.0,0.0,0.0,no,rice,yes,"[""grana"", ""olio"", ""riso_integrale"", ""tacchino"", ""zucchina""]"
base:recipe-version:salmone-con-polenta-e-carciofi:f669043325b6b4ce,base:recipe:salmone-con-polenta-e-carciofi,Salmone con polenta e carciofi,2,1.6,no,[],fish,22.0,0.7161,0.0,0.0,0.0,no,other_grains,no,"[""albume"", ""carciofo"", ""olio"", ""polenta"", ""salmone""]"
base:recipe-version:salmone-con-polenta-e-funghi:98ea033f289fe02c,base:recipe:salmone-con-polenta-e-funghi,Salmone con polenta e funghi,2,0.0,no,[],fish,22.0,1.0,0.0,0.0,0.0,no,other_grains,no,"[""funghi"", ""olio"", ""polenta"", ""salmone""]"
base:recipe-version:salmone-con-polenta-e-spinaci:50caa9014a2d0b85,base:recipe:salmone-con-polenta-e-spinaci,Salmone con polenta e spinaci,1,0.0,no,[],fish,22.0,1.0,0.0,0.0,0.0,no,other_grains,no,"[""olio"", ""polenta"", ""salmone"", ""spinaci""]"
base:recipe-version:salmone-nordico-con-patate-e-broccoli:3bf06f6c333277ab,base:recipe:salmone-nordico-con-patate-e-broccoli,Salmone nordico con patate e broccoli,1,0.0,no,[],fish,24.0,0.9375,0.0,0.0,0.0,no,potato,no,"[""broccoli"", ""olio"", ""patata"", ""salmone"", ""yogurt_bianco""]"
base:recipe-version:salmone-nordico-con-patate-e-broccoli:a601c6ff906564f3,base:recipe:salmone-nordico-con-patate-e-broccoli,Salmone nordico con patate e broccoli,0,0.0,no,[],fish,24.0,0.9375,0.0,0.0,0.0,no,potato,no,"[""broccoli"", ""olio"", ""patata"", ""salmone"", ""yogurt_bianco""]"
base:recipe-version:salmone-nordico-con-patate-e-carote:acf402ed30a94387,base:recipe:salmone-nordico-con-patate-e-carote,Salmone nordico con patate e carote,0,0.0,no,[],fish,24.0,0.9375,0.0,0.0,0.0,no,potato,no,"[""carota"", ""olio"", ""patata"", ""salmone"", ""yogurt_bianco""]"
base:recipe-version:salmone-nordico-con-patate-e-cavolfiore:3f265b82ad2b2dec,base:recipe:salmone-nordico-con-patate-e-cavolfiore,Salmone nordico con patate e cavolfiore,1,0.0,no,[],fish,24.0,0.9375,0.0,0.0,0.0,no,potato,no,"[""cavolfiore"", ""olio"", ""patata"", ""salmone"", ""yogurt_bianco""]"
base:recipe-version:salmone-nordico-con-patate-e-cavolfiore:a5af330bd4835b4d,base:recipe:salmone-nordico-con-patate-e-cavolfiore,Salmone nordico con patate e cavolfiore,4,0.0,no,[],fish,24.0,0.9375,0.0,0.0,0.0,no,potato,no,"[""cavolfiore"", ""olio"", ""patata"", ""salmone"", ""yogurt_bianco""]"
base:recipe-version:salmone-nordico-con-patate-e-zucca:12ef1495b6cb91b9,base:recipe:salmone-nordico-con-patate-e-zucca,Salmone nordico con patate e zucca,1,0.0,no,[],fish,24.0,0.9375,0.0,0.0,0.0,no,potato,no,"[""olio"", ""patata"", ""salmone"", ""yogurt_bianco"", ""zucca""]"
base:recipe-version:salmone-nordico-con-patate-e-zucca:382f659369edb060,base:recipe:salmone-nordico-con-patate-e-zucca,Salmone nordico con patate e zucca,0,0.0,no,[],fish,24.0,0.9375,0.0,0.0,0.0,no,potato,no,"[""olio"", ""patata"", ""salmone"", ""yogurt_bianco"", ""zucca""]"
base:recipe-version:salmone-nordico-con-patate-e-zucca:c8a1c4ca9ba7579f,base:recipe:salmone-nordico-con-patate-e-zucca,Salmone nordico con patate e zucca,0,1.6,no,[],fish,24.0,0.6993,0.0,0.0,0.0,no,potato,no,"[""albume"", ""olio"", ""pane_bianco"", ""patata"", ""salmone"", ""yogurt_bianco"", ""zucca""]"
base:recipe-version:semolino-al-latte-con-frutta:684b6cb4fac1d9a6,base:recipe:semolino-al-latte-con-frutta,Semolino al latte con frutta,7,0.0,no,[],milk_yogurt,6.6,0.898,0.0,0.0,0.0,no,other_grains,no,"[""latte_ps"", ""nocciole"", ""pera"", ""semolino""]"
base:recipe-version:semolino-al-latte-con-frutta:f9c97b197bd188de,base:recipe:semolino-al-latte-con-frutta,Semolino al latte con frutta,1,0.0,no,[],milk_yogurt,6.6,0.898,0.0,0.0,0.0,no,other_grains,no,"[""latte_ps"", ""mandarino"", ""nocciole"", ""semolino""]"
base:recipe-version:sgombro-con-pane-bianco-e-pomodori:8a722b95679d9c63,base:recipe:sgombro-con-pane-bianco-e-pomodori,Sgombro con pane bianco e pomodori,1,1.6,no,[],fish,20.9,0.7056,0.0,0.0,0.0,no,bread,no,"[""albume"", ""olio"", ""pane_bianco"", ""pomodoro"", ""sgombro""]"
base:recipe-version:sgombro-con-pane-bianco-e-radicchio:62b9443c428c46f1,base:recipe:sgombro-con-pane-bianco-e-radicchio,Sgombro con pane bianco e radicchio,0,0.0,no,[],fish,20.9,1.0,0.0,0.0,0.0,no,bread,no,"[""olio"", ""pane_bianco"", ""radicchio"", ""sgombro""]"
base:recipe-version:sgombro-con-pane-bianco-e-spinaci:6968448b5a629ff6,base:recipe:sgombro-con-pane-bianco-e-spinaci,Sgombro con pane bianco e spinaci,0,0.0,no,[],fish,20.9,1.0,0.0,0.0,0.0,no,bread,no,"[""olio"", ""pane_bianco"", ""sgombro"", ""spinaci""]"
base:recipe-version:sogliola-con-riso-e-carote:caf0435252af9262,base:recipe:sogliola-con-riso-e-carote,Sogliola con riso e carote,0,0.0,no,[],fish,32.4,1.0,0.0,0.0,0.0,no,rice,yes,"[""carota"", ""olio"", ""riso_basmati"", ""sogliola""]"
base:recipe-version:sogliola-con-riso-e-lattuga:dad2da960a909df7,base:recipe:sogliola-con-riso-e-lattuga,Sogliola con riso e lattuga,6,0.0,no,[],fish,32.4,1.0,0.0,0.0,0.0,no,rice,yes,"[""lattuga"", ""olio"", ""riso_basmati"", ""sogliola""]"
base:recipe-version:sogliola-con-riso-e-sedano-rapa:217b6da137397614,base:recipe:sogliola-con-riso-e-sedano-rapa,Sogliola con riso e sedano rapa,1,0.0,no,[],fish,32.4,1.0,0.0,0.0,0.0,no,rice,yes,"[""olio"", ""riso_basmati"", ""sedano_rapa"", ""sogliola""]"
base:recipe-version:tacchino-con-pane-bianco-e-cavolfiore:d44a48e0ba0d19a4,base:recipe:tacchino-con-pane-bianco-e-cavolfiore,Tacchino con pane bianco e cavolfiore,1,0.0,no,[],poultry,31.2,1.0,0.0,0.0,0.0,no,bread,no,"[""cavolfiore"", ""olio"", ""pane_integrale"", ""tacchino""]"
base:recipe-version:tacchino-con-pane-bianco-e-zucca:3031ea51c14aa153,base:recipe:tacchino-con-pane-bianco-e-zucca,Tacchino con pane bianco e zucca,3,0.0,no,[],poultry,31.2,1.0,0.0,0.0,0.0,no,bread,no,"[""olio"", ""pane_integrale"", ""tacchino"", ""zucca""]"
base:recipe-version:tacchino-con-riso-basmati-e-bietole:0df19eb374359662,base:recipe:tacchino-con-riso-basmati-e-bietole,Tacchino con riso basmati e bietole,1,0.0,no,[],poultry,31.2,1.0,0.0,0.0,0.0,no,bread,no,"[""bietola"", ""olio"", ""pane_bianco"", ""riso_basmati"", ""tacchino""]"
base:recipe-version:tacchino-con-riso-basmati-e-bietole:1209f4be8f816255,base:recipe:tacchino-con-riso-basmati-e-bietole,Tacchino con riso basmati e bietole,1,0.0,no,[],poultry,31.2,1.0,0.0,0.0,0.0,no,rice,yes,"[""bietola"", ""olio"", ""riso_basmati"", ""tacchino""]"
base:recipe-version:tacchino-con-riso-basmati-e-cavolfiore:3841d5c167566f43,base:recipe:tacchino-con-riso-basmati-e-cavolfiore,Tacchino con riso basmati e cavolfiore,1,0.0,no,[],poultry,31.2,1.0,0.0,0.0,0.0,no,rice,yes,"[""cavolfiore"", ""olio"", ""riso_basmati"", ""tacchino""]"
base:recipe-version:tacchino-con-riso-basmati-e-radicchio:440c2d054c742a4b,base:recipe:tacchino-con-riso-basmati-e-radicchio,Tacchino con riso basmati e radicchio,0,0.0,no,[],poultry,31.2,1.0,0.0,0.0,0.0,no,rice,yes,"[""olio"", ""radicchio"", ""riso_basmati"", ""tacchino""]"
base:recipe-version:toast-bianco-con-ricotta-e-confettura:3dcfa40fb5f04db9,base:recipe:toast-bianco-con-ricotta-e-confettura,Toast bianco con ricotta e confettura,1,0.0,yes,"[""ricotta""]",cheese,5.28,1.0,0.0,0.0,0.0,no,bread,no,"[""marmellata"", ""mela"", ""pane_integrale"", ""ricotta""]"
base:recipe-version:toast-bianco-con-ricotta-e-confettura:af4d9ae16aa4329a,base:recipe:toast-bianco-con-ricotta-e-confettura,Toast bianco con ricotta e confettura,1,0.0,yes,"[""ricotta""]",cheese,5.28,1.0,0.0,0.0,0.0,no,bread,no,"[""marmellata"", ""mela"", ""pane_bianco"", ""ricotta""]"
base:recipe-version:toast-bianco-con-ricotta-e-confettura:c721af28b9b8a37b,base:recipe:toast-bianco-con-ricotta-e-confettura,Toast bianco con ricotta e confettura,1,0.0,yes,"[""ricotta""]",cheese,5.28,1.0,0.0,0.0,0.0,no,bread,no,"[""mandarino"", ""marmellata"", ""pane_bianco"", ""ricotta""]"
base:recipe-version:toast-bianco-con-ricotta-e-confettura:d94a534f8b20d17e,base:recipe:toast-bianco-con-ricotta-e-confettura,Toast bianco con ricotta e confettura,0,0.0,yes,"[""ricotta""]",cheese,5.28,1.0,0.0,0.0,0.0,no,bread,no,"[""marmellata"", ""pane_integrale"", ""pera"", ""ricotta""]"
base:recipe-version:toast-bianco-con-ricotta-e-confettura:f63b55b04be95689,base:recipe:toast-bianco-con-ricotta-e-confettura,Toast bianco con ricotta e confettura,0,0.0,yes,"[""ricotta""]",cheese,5.28,1.0,0.0,0.0,0.0,no,bread,no,"[""arancia"", ""marmellata"", ""pane_bianco"", ""ricotta""]"
base:recipe-version:toast-bianco-con-ricotta-e-confettura:fd4a18c0525835bf,base:recipe:toast-bianco-con-ricotta-e-confettura,Toast bianco con ricotta e confettura,1,0.0,yes,"[""ricotta""]",cheese,5.28,1.0,0.0,0.0,0.0,no,bread,no,"[""marmellata"", ""pane_bianco"", ""pera"", ""ricotta""]"
base:recipe-version:toast-con-prosciutto-cotto-e-mozzarella:650bae86e9bfda69,base:recipe:toast-con-prosciutto-cotto-e-mozzarella,Toast con prosciutto cotto e mozzarella,1,0.0,yes,"[""mozzarella""]",cold_cuts,9.0,0.5263,0.0,0.0,0.0,no,bread,no,"[""arancia"", ""mozzarella"", ""pane_bianco"", ""prosciutto_cotto""]"
base:recipe-version:toast-con-prosciutto-cotto-e-mozzarella:9171c6f63934962a,base:recipe:toast-con-prosciutto-cotto-e-mozzarella,Toast con prosciutto cotto e mozzarella,0,0.0,yes,"[""mozzarella""]",cold_cuts,9.0,0.5263,0.0,0.0,0.0,no,bread,no,"[""mela"", ""mozzarella"", ""pane_bianco"", ""prosciutto_cotto""]"
base:recipe-version:toast-francese-con-primosale-e-pomodoro:20d854fd1667f738,base:recipe:toast-francese-con-primosale-e-pomodoro,Toast francese con primosale e pomodoro,1,0.0,yes,"[""primosale""]",cheese,9.9,1.0,0.0,0.0,0.0,no,bread,no,"[""fico"", ""pane_bianco"", ""pomodoro"", ""primosale""]"
base:recipe-version:toast-francese-con-primosale-e-pomodoro:382336a6501c0f23,base:recipe:toast-francese-con-primosale-e-pomodoro,Toast francese con primosale e pomodoro,0,0.0,yes,"[""primosale""]",cheese,9.9,1.0,0.0,0.0,0.0,no,bread,no,"[""melagrana"", ""pane_bianco"", ""pomodoro"", ""primosale""]"
base:recipe-version:toast-francese-con-primosale-e-pomodoro:8fecd8e4e753cb23,base:recipe:toast-francese-con-primosale-e-pomodoro,Toast francese con primosale e pomodoro,0,0.0,yes,"[""primosale""]",cheese,9.9,1.0,0.0,0.0,0.0,no,bread,no,"[""mandarino"", ""pane_bianco"", ""pomodoro"", ""primosale""]"
base:recipe-version:toast-francese-con-primosale-e-pomodoro:9f1fd6bc06fbe19c,base:recipe:toast-francese-con-primosale-e-pomodoro,Toast francese con primosale e pomodoro,0,0.0,yes,"[""primosale""]",cheese,9.9,1.0,0.0,0.0,0.0,no,bread,no,"[""pane_integrale"", ""pera"", ""pomodoro"", ""primosale""]"
base:recipe-version:toast-francese-con-primosale-e-pomodoro:a1722c6cb0626b89,base:recipe:toast-francese-con-primosale-e-pomodoro,Toast francese con primosale e pomodoro,0,0.0,yes,"[""primosale""]",cheese,9.9,1.0,0.0,0.0,0.0,no,bread,no,"[""melagrana"", ""pane_bianco"", ""pomodoro"", ""primosale""]"
base:recipe-version:toast-leggero-con-ricotta-e-frutta:01ec808040d53a6a,base:recipe:toast-leggero-con-ricotta-e-frutta,Toast leggero con ricotta e frutta,0,0.0,yes,"[""ricotta""]",,3.96,1.0,0.0,0.0,0.0,no,bread,no,"[""pane_integrale"", ""pera"", ""ricotta""]"
base:recipe-version:toast-leggero-con-ricotta-e-frutta:2d8345951932d1ac,base:recipe:toast-leggero-con-ricotta-e-frutta,Toast leggero con ricotta e frutta,0,0.0,yes,"[""ricotta""]",,3.96,1.0,0.0,0.0,0.0,no,bread,no,"[""melagrana"", ""pane_integrale"", ""ricotta""]"
base:recipe-version:toast-leggero-con-ricotta-e-frutta:5d606c7d41f7ba13,base:recipe:toast-leggero-con-ricotta-e-frutta,Toast leggero con ricotta e frutta,0,0.0,yes,"[""ricotta""]",,3.96,1.0,0.0,0.0,0.0,no,bread,no,"[""pane_bianco"", ""pera"", ""ricotta""]"
base:recipe-version:toast-leggero-con-ricotta-e-frutta:c76c7ddc707e77c8,base:recipe:toast-leggero-con-ricotta-e-frutta,Toast leggero con ricotta e frutta,0,0.0,yes,"[""ricotta""]",,3.96,1.0,0.0,0.0,0.0,no,bread,no,"[""banana"", ""pane_bianco"", ""ricotta""]"
base:recipe-version:toast-leggero-con-ricotta-e-frutta:db1c7df75d9e5742,base:recipe:toast-leggero-con-ricotta-e-frutta,Toast leggero con ricotta e frutta,0,0.0,yes,"[""ricotta""]",,3.96,1.0,0.0,0.0,0.0,no,bread,no,"[""mela"", ""pane_bianco"", ""ricotta""]"
base:recipe-version:tortilla-spagnola-leggera-con-zucchine:2e90390923703559,base:recipe:tortilla-spagnola-leggera-con-zucchine,Tortilla spagnola leggera con zucchine,0,4.0,no,[],eggs,23.5,1.0,0.0,0.0,0.0,no,potato,no,"[""albume"", ""olio"", ""pane_bianco"", ""patata"", ""uovo"", ""zucchina""]"
base:recipe-version:tortilla-spagnola-leggera-con-zucchine:79c67442c19f618f,base:recipe:tortilla-spagnola-leggera-con-zucchine,Tortilla spagnola leggera con zucchine,0,4.0,no,[],eggs,23.5,1.0,0.0,0.0,0.0,no,potato,no,"[""albume"", ""olio"", ""pane_bianco"", ""patata"", ""uovo"", ""zucchina""]"
base:recipe-version:tortilla-spagnola-leggera-con-zucchine:8e4f2dad094d7dca,base:recipe:tortilla-spagnola-leggera-con-zucchine,Tortilla spagnola leggera con zucchine,0,4.0,no,[],eggs,23.5,1.0,0.0,0.0,0.0,no,potato,no,"[""albume"", ""olio"", ""pane_bianco"", ""patata"", ""uovo"", ""zucchina""]"
base:recipe-version:tortilla-spagnola-leggera-con-zucchine:939e97fd8a9e0f0d,base:recipe:tortilla-spagnola-leggera-con-zucchine,Tortilla spagnola leggera con zucchine,0,4.0,no,[],eggs,23.5,1.0,0.0,0.0,0.0,no,potato,no,"[""albume"", ""olio"", ""pane_bianco"", ""patata"", ""uovo"", ""zucchina""]"
base:recipe-version:tortilla-spagnola-leggera-con-zucchine:a462a4a125100c48,base:recipe:tortilla-spagnola-leggera-con-zucchine,Tortilla spagnola leggera con zucchine,0,5.6,no,[],eggs,32.22,1.0,0.0,0.0,0.0,no,bread,no,"[""albume"", ""olio"", ""pane_bianco"", ""patata"", ""uovo"", ""zucchina""]"
base:recipe-version:tortilla-spagnola-leggera-con-zucchine:b0e5e738cc34b8d2,base:recipe:tortilla-spagnola-leggera-con-zucchine,Tortilla spagnola leggera con zucchine,0,4.0,no,[],eggs,23.5,1.0,0.0,0.0,0.0,no,potato,no,"[""albume"", ""olio"", ""pane_bianco"", ""patata"", ""uovo"", ""zucchina""]"
base:recipe-version:tortino-al-forno-di-uova-patate-e-broccoli:e7bf75c877964fbe,base:recipe:tortino-al-forno-di-uova-patate-e-broccoli,"Tortino al forno di uova, patate e broccoli",0,5.2,no,[],eggs,30.04,1.0,0.0,0.0,0.0,no,bread,no,"[""albume"", ""broccoli"", ""olio"", ""pane_bianco"", ""patata"", ""uovo""]"
base:recipe-version:tortino-al-forno-di-uova-patate-e-carote:124911724a3abbf1,base:recipe:tortino-al-forno-di-uova-patate-e-carote,"Tortino al forno di uova, patate e carote",0,6.8,no,[],eggs,38.76,1.0,0.0,0.0,0.0,no,potato,no,"[""albume"", ""carota"", ""olio"", ""pane_bianco"", ""patata"", ""uovo""]"
base:recipe-version:tortino-al-forno-di-uova-patate-e-carote:485d4b591a7a77e5,base:recipe:tortino-al-forno-di-uova-patate-e-carote,"Tortino al forno di uova, patate e carote",0,6.8,no,[],eggs,38.76,1.0,0.0,0.0,0.0,no,bread,no,"[""albume"", ""carota"", ""olio"", ""pane_bianco"", ""patata"", ""uovo""]"
base:recipe-version:tortino-al-forno-di-uova-patate-e-funghi:33d196db1c8daef0,base:recipe:tortino-al-forno-di-uova-patate-e-funghi,"Tortino al forno di uova, patate e funghi",0,5.2,no,[],eggs,30.04,1.0,0.0,0.0,0.0,no,bread,no,"[""albume"", ""funghi"", ""olio"", ""pane_bianco"", ""patata"", ""uovo""]"
base:recipe-version:tortino-al-forno-di-uova-patate-e-spinaci:26d21ce067f46e2d,base:recipe:tortino-al-forno-di-uova-patate-e-spinaci,"Tortino al forno di uova, patate e spinaci",0,5.2,no,[],eggs,30.04,1.0,0.0,0.0,0.0,no,bread,no,"[""albume"", ""olio"", ""pane_bianco"", ""patata"", ""spinaci"", ""uovo""]"
base:recipe-version:tortino-al-forno-di-uova-patate-e-zucca:9362f0f663dd136c,base:recipe:tortino-al-forno-di-uova-patate-e-zucca,"Tortino al forno di uova, patate e zucca",0,5.2,no,[],eggs,30.04,1.0,0.0,0.0,0.0,no,bread,no,"[""albume"", ""olio"", ""pane_bianco"", ""patata"", ""uovo"", ""zucca""]"
base:recipe-version:trota-con-riso-e-broccoli:cabee0d8a86538f5,base:recipe:trota-con-riso-e-broccoli,Trota con riso e broccoli,2,0.0,no,[],fish,28.7,1.0,0.0,0.0,0.0,no,rice,yes,"[""broccoli"", ""olio"", ""riso_basmati"", ""trota""]"
base:recipe-version:trota-con-riso-e-cavolfiore:74a435400eb0a948,base:recipe:trota-con-riso-e-cavolfiore,Trota con riso e cavolfiore,1,0.0,no,[],fish,28.7,1.0,0.0,0.0,0.0,no,rice,yes,"[""cavolfiore"", ""olio"", ""riso_basmati"", ""trota""]"
base:recipe-version:trota-con-riso-e-cavolfiore:cddc8c375f54093d,base:recipe:trota-con-riso-e-cavolfiore,Trota con riso e cavolfiore,0,0.0,no,[],fish,28.7,1.0,0.0,0.0,0.0,no,rice,yes,"[""cavolfiore"", ""olio"", ""riso_basmati"", ""trota""]"
base:recipe-version:trota-con-riso-e-zucchine:36972b50f1b64e38,base:recipe:trota-con-riso-e-zucchine,Trota con riso e zucchine,1,0.0,no,[],fish,28.7,1.0,0.0,0.0,0.0,no,rice,yes,"[""olio"", ""riso_basmati"", ""trota"", ""zucchina""]"
base:recipe-version:uova-strapazzate-pane-bianco-e-frutta:6638580855d72107,base:recipe:uova-strapazzate-pane-bianco-e-frutta,"Uova strapazzate, pane bianco e frutta",1,2.0,no,[],eggs,12.6,1.0,0.0,0.0,0.0,no,bread,no,"[""arancia"", ""pane_bianco"", ""spinaci"", ""uovo""]"
base:recipe-version:uova-strapazzate-pane-bianco-e-frutta:a839660cc452be4b,base:recipe:uova-strapazzate-pane-bianco-e-frutta,"Uova strapazzate, pane bianco e frutta",1,2.0,no,[],eggs,12.6,1.0,0.0,0.0,0.0,no,bread,no,"[""mela"", ""pane_bianco"", ""spinaci"", ""uovo""]"
base:recipe-version:uova-strapazzate-pane-bianco-e-frutta:aad0f082c2429a2a,base:recipe:uova-strapazzate-pane-bianco-e-frutta,"Uova strapazzate, pane bianco e frutta",0,2.0,no,[],eggs,12.6,1.0,0.0,0.0,0.0,no,bread,no,"[""pane_bianco"", ""pera"", ""spinaci"", ""uovo""]"
base:recipe-version:uova-strapazzate-pane-bianco-e-frutta:b3168f70b4000f23,base:recipe:uova-strapazzate-pane-bianco-e-frutta,"Uova strapazzate, pane bianco e frutta",0,2.0,no,[],eggs,12.6,1.0,0.0,0.0,0.0,no,bread,no,"[""pane_bianco"", ""pera"", ""spinaci"", ""uovo""]"
base:recipe-version:uova-strapazzate-pane-bianco-e-frutta:df0406801e311ac0,base:recipe:uova-strapazzate-pane-bianco-e-frutta,"Uova strapazzate, pane bianco e frutta",1,2.0,no,[],eggs,12.6,1.0,0.0,0.0,0.0,no,bread,no,"[""mela"", ""pane_integrale"", ""spinaci"", ""uovo""]"
base:recipe-version:uova-strapazzate-pane-bianco-e-frutta:e6f53c3cac84cfbc,base:recipe:uova-strapazzate-pane-bianco-e-frutta,"Uova strapazzate, pane bianco e frutta",1,2.0,no,[],eggs,12.6,1.0,0.0,0.0,0.0,no,bread,no,"[""pane_bianco"", ""pompelmo"", ""spinaci"", ""uovo""]"
base:recipe-version:uova-strapazzate-pane-bianco-e-frutta:f66f59f30a1a4190,base:recipe:uova-strapazzate-pane-bianco-e-frutta,"Uova strapazzate, pane bianco e frutta",1,2.0,no,[],eggs,12.6,1.0,0.0,0.0,0.0,no,bread,no,"[""mandarino"", ""pane_bianco"", ""spinaci"", ""uovo""]"
base:recipe-version:uovo-sodo-e-crackers:b92d407cf54f5e44,base:recipe:uovo-sodo-e-crackers,Uovo sodo e crackers,6,1.0,no,[],eggs,6.3,1.0,0.0,0.0,0.0,no,crackers_rusks_cakes,no,"[""crackers"", ""uovo""]"
base:recipe-version:v6-couscous-con-ceci-e-zucca:bab621ed3ccb17ac,base:recipe:v6-couscous-con-ceci-e-zucca,Couscous con ceci e zucca,0,0.0,no,[],legumes,7.12,1.0,80.0,7.12,1.0,yes,other_grains,no,"[""ceci"", ""couscous"", ""olio"", ""zucca""]"
base:recipe-version:v6-couscous-con-gamberi-e-broccoli:cacc7a666bf66029,base:recipe:v6-couscous-con-gamberi-e-broccoli,Couscous con gamberi e broccoli,7,0.0,no,[],fish,24.0,1.0,0.0,0.0,0.0,no,other_grains,no,"[""broccoli"", ""couscous"", ""gamberi"", ""olio""]"
base:recipe-version:v6-couscous-con-lenticchie-e-carote:e98233c14ecb6202,base:recipe:v6-couscous-con-lenticchie-e-carote,Couscous con lenticchie e carote,0,0.0,no,[],legumes,6.75,1.0,75.0,6.75,1.0,yes,other_grains,no,"[""carota"", ""couscous"", ""lenticchie"", ""olio""]"
base:recipe-version:v6-couscous-con-pollo-e-carote:d861a05c3d30d7fb,base:recipe:v6-couscous-con-pollo-e-carote,Couscous con pollo e carote,8,0.0,no,[],poultry,23.0,1.0,0.0,0.0,0.0,no,other_grains,no,"[""carota"", ""couscous"", ""olio"", ""pollo""]"
base:recipe-version:v6-crackers-integrali-con-hummus-e-carote:f06cae1e98dec421,base:recipe:v6-crackers-integrali-con-hummus-e-carote,Crackers integrali con hummus e carote,12,0.0,no,[],legumes,4.345,1.0,55.0,4.345,1.0,no,crackers_rusks_cakes,no,"[""carota"", ""crackers_integrali"", ""hummus""]"
base:recipe-version:v6-farro-con-borlotti-e-funghi:b87abf5b1bd3ab80,base:recipe:v6-farro-con-borlotti-e-funghi,Farro con borlotti e funghi,0,0.0,no,[],legumes,7.2,1.0,80.0,7.2,1.0,yes,other_grains,no,"[""borlotti"", ""farro"", ""funghi"", ""olio""]"
base:recipe-version:v6-farro-con-cannellini-e-cavolo-nero:bb10225227fc2337,base:recipe:v6-farro-con-cannellini-e-cavolo-nero,Farro con cannellini e cavolo nero,0,0.0,no,[],legumes,6.525,1.0,75.0,6.525,1.0,yes,other_grains,no,"[""cannellini"", ""cavolo_nero"", ""farro"", ""olio""]"
base:recipe-version:v6-farro-con-tonno-e-radicchio:a2aa957d5bcb6ace,base:recipe:v6-farro-con-tonno-e-radicchio,Farro con tonno e radicchio,6,0.0,no,[],fish,23.4,1.0,0.0,0.0,0.0,no,other_grains,no,"[""farro"", ""olio"", ""radicchio"", ""tonno_naturale""]"
base:recipe-version:v6-fette-integrali-con-burro-di-arachidi-e-confettura:72fcd8752957f6a3,base:recipe:v6-fette-integrali-con-burro-di-arachidi-e-confettura,Fette integrali con burro di arachidi e confettura,17,0.0,no,[],nuts_seeds,4.0,1.0,0.0,0.0,0.0,no,crackers_rusks_cakes,no,"[""burro_arachidi"", ""fette_integrali"", ""marmellata""]"
base:recipe-version:v6-gallette-di-riso-con-burro-di-arachidi-e-banana:0662b0d58a819f7a,base:recipe:v6-gallette-di-riso-con-burro-di-arachidi-e-banana,Gallette di riso con burro di arachidi e banana,11,0.0,no,[],nuts_seeds,4.0,1.0,0.0,0.0,0.0,no,crackers_rusks_cakes,no,"[""banana"", ""burro_arachidi"", ""gallette_riso""]"
base:recipe-version:v6-gnocchi-con-ragu-delicato-di-lenticchie:f940f4562f524a20,base:recipe:v6-gnocchi-con-ragu-delicato-di-lenticchie,Gnocchi con ragù delicato di lenticchie,0,0.0,no,[],legumes,6.75,1.0,75.0,6.75,1.0,yes,potato,no,"[""carota"", ""gnocchi"", ""lenticchie"", ""olio"", ""passata""]"
base:recipe-version:v6-grano-saraceno-con-manzo-e-funghi:d004b061ebe7cd7e,base:recipe:v6-grano-saraceno-con-manzo-e-funghi,Grano saraceno con manzo e funghi,3,0.0,no,[],red_meat,19.8,1.0,0.0,0.0,0.0,no,other_grains,no,"[""funghi"", ""grano_saraceno"", ""manzo_magro"", ""olio""]"
base:recipe-version:v6-kefir-con-avena-e-mela:5949e62cb01d3247,base:recipe:v6-kefir-con-avena-e-mela,Kefir con avena e mela,2,0.0,no,[],milk_yogurt,6.3,1.0,0.0,0.0,0.0,no,other_grains,no,"[""avena"", ""kefir"", ""mela""]"
base:recipe-version:v6-kefir-con-banana-e-pistacchi:6663fc9362c6db18,base:recipe:v6-kefir-con-banana-e-pistacchi,Kefir con banana e pistacchi,11,0.0,no,[],milk_yogurt,5.6,0.6512,0.0,0.0,0.0,no,,no,"[""banana"", ""kefir"", ""pistacchi""]"
base:recipe-version:v6-latte-avena-e-banana:2d8c1f81a04cbfae,base:recipe:v6-latte-avena-e-banana,"Latte, avena e banana",1,0.0,no,[],milk_yogurt,6.6,1.0,0.0,0.0,0.0,no,other_grains,no,"[""avena"", ""banana"", ""latte_ps""]"
base:recipe-version:v6-mini-panino-con-bresaola-e-carote:f4a50d7eba0d1cff,base:recipe:v6-mini-panino-con-bresaola-e-carote,Mini panino con bresaola e carote,11,0.0,no,[],cold_cuts,11.2,1.0,0.0,0.0,0.0,no,bread,no,"[""bresaola"", ""carota"", ""pane_bianco""]"
base:recipe-version:v6-mini-panino-con-tacchino-e-spinaci:f554c16213f54aa1,base:recipe:v6-mini-panino-con-tacchino-e-spinaci,Mini panino con tacchino e spinaci,15,0.0,no,[],cold_cuts,8.0,1.0,0.0,0.0,0.0,no,bread,no,"[""pane_bianco"", ""spinaci"", ""tacchino_affettato""]"
base:recipe-version:v6-orzo-con-ceci-e-broccoli:0e25d16728c66ba3,base:recipe:v6-orzo-con-ceci-e-broccoli,Orzo con ceci e broccoli,0,0.0,no,[],legumes,6.675,1.0,75.0,6.675,1.0,yes,other_grains,no,"[""broccoli"", ""ceci"", ""olio"", ""orzo""]"
base:recipe-version:v6-orzo-con-lenticchie-e-finocchi:69ac32ac762eea2e,base:recipe:v6-orzo-con-lenticchie-e-finocchi,Orzo con lenticchie e finocchi,0,0.0,no,[],legumes,6.75,1.0,75.0,6.75,1.0,yes,other_grains,no,"[""finocchio"", ""lenticchie"", ""olio"", ""orzo""]"
base:recipe-version:v6-orzo-con-tacchino-e-zucca:03634e841f0aec0c,base:recipe:v6-orzo-con-tacchino-e-zucca,Orzo con tacchino e zucca,6,0.0,no,[],poultry,24.0,1.0,0.0,0.0,0.0,no,other_grains,no,"[""olio"", ""orzo"", ""tacchino"", ""zucca""]"
base:recipe-version:v6-pane-di-segale-burro-di-arachidi-e-pera:949d5ac5223fb3e8,base:recipe:v6-pane-di-segale-burro-di-arachidi-e-pera,"Pane di segale, burro di arachidi e pera",9,0.0,no,[],nuts_seeds,4.5,1.0,0.0,0.0,0.0,no,bread,no,"[""burro_arachidi"", ""pane_segale"", ""pera""]"
base:recipe-version:v6-pane-integrale-burro-di-arachidi-e-banana:7ed21ce5cd13d99d,base:recipe:v6-pane-integrale-burro-di-arachidi-e-banana,"Pane integrale, burro di arachidi e banana",8,0.0,no,[],nuts_seeds,4.5,1.0,0.0,0.0,0.0,no,bread,no,"[""banana"", ""burro_arachidi"", ""pane_integrale""]"
base:recipe-version:v6-pane-integrale-con-hummus-e-spinaci:1ba508863e4ce1bf,base:recipe:v6-pane-integrale-con-hummus-e-spinaci,Pane integrale con hummus e spinaci,16,0.0,no,[],legumes,4.345,1.0,55.0,4.345,1.0,no,bread,no,"[""hummus"", ""pane_integrale"", ""spinaci""]"
base:recipe-version:v6-pane-integrale-con-pollo-e-zucca-arrosto:d29d09614bd2ff7b,base:recipe:v6-pane-integrale-con-pollo-e-zucca-arrosto,Pane integrale con pollo e zucca arrosto,5,0.0,no,[],poultry,23.0,1.0,0.0,0.0,0.0,no,bread,no,"[""olio"", ""pane_integrale"", ""pollo"", ""zucca""]"
base:recipe-version:v6-pasta-al-ragu-leggero-di-manzo:8ccd58ff43dcb868,base:recipe:v6-pasta-al-ragu-leggero-di-manzo,Pasta al ragù leggero di manzo,4,0.0,no,[],red_meat,19.8,1.0,0.0,0.0,0.0,no,pasta,yes,"[""carota"", ""manzo_magro"", ""olio"", ""passata"", ""pasta""]"
base:recipe-version:v6-pasta-con-branzino-e-zucchine:4d2f780150b38086,base:recipe:v6-pasta-con-branzino-e-zucchine,Pasta con branzino e zucchine,1,0.0,no,[],fish,18.0,1.0,0.0,0.0,0.0,no,pasta,yes,"[""branzino"", ""olio"", ""pasta"", ""zucchina""]"
base:recipe-version:v6-pasta-con-calamari-e-pomodoro:776c1b90947dc181,base:recipe:v6-pasta-con-calamari-e-pomodoro,Pasta con calamari e pomodoro,1,0.0,no,[],fish,17.6,1.0,0.0,0.0,0.0,no,pasta,yes,"[""calamaro"", ""olio"", ""pasta"", ""pomodoro""]"
base:recipe-version:v6-pasta-con-cozze-e-passata:da3072c9cbc57409,base:recipe:v6-pasta-con-cozze-e-passata,Pasta con cozze e passata,0,0.0,no,[],fish,15.6,1.0,0.0,0.0,0.0,no,pasta,yes,"[""cozze"", ""olio"", ""passata"", ""pasta""]"
base:recipe-version:v6-pasta-con-gamberi-e-carciofi:f45aea6899f58243,base:recipe:v6-pasta-con-gamberi-e-carciofi,Pasta con gamberi e carciofi,0,0.0,no,[],fish,24.0,1.0,0.0,0.0,0.0,no,pasta,yes,"[""carciofo"", ""gamberi"", ""olio"", ""pasta""]"
base:recipe-version:v6-pasta-con-gamberi-e-zucchine:dd40348d582dc3cf,base:recipe:v6-pasta-con-gamberi-e-zucchine,Pasta con gamberi e zucchine,2,0.0,no,[],fish,24.0,1.0,0.0,0.0,0.0,no,pasta,yes,"[""gamberi"", ""olio"", ""pasta"", ""zucchina""]"
base:recipe-version:v6-pasta-con-merluzzo-e-porro:8974176c87f65731,base:recipe:v6-pasta-con-merluzzo-e-porro,Pasta con merluzzo e porro,1,0.0,no,[],fish,19.8,1.0,0.0,0.0,0.0,no,pasta,yes,"[""merluzzo"", ""olio"", ""pasta"", ""porro""]"
base:recipe-version:v6-pasta-con-nasello-e-zucca:7bc29a7e5814c184,base:recipe:v6-pasta-con-nasello-e-zucca,Pasta con nasello e zucca,3,0.0,no,[],fish,20.9,1.0,0.0,0.0,0.0,no,pasta,yes,"[""nasello"", ""olio"", ""pasta"", ""zucca""]"
base:recipe-version:v6-pasta-con-pollo-e-broccoli:de3fc0b129ecc413,base:recipe:v6-pasta-con-pollo-e-broccoli,Pasta con pollo e broccoli,2,0.0,no,[],poultry,23.0,1.0,0.0,0.0,0.0,no,pasta,yes,"[""broccoli"", ""olio"", ""pasta"", ""pollo""]"
base:recipe-version:v6-pasta-con-pollo-e-radicchio:9033e2196f9502d9,base:recipe:v6-pasta-con-pollo-e-radicchio,Pasta con pollo e radicchio,2,0.0,no,[],poultry,23.0,1.0,0.0,0.0,0.0,no,pasta,yes,"[""olio"", ""pasta"", ""pollo"", ""radicchio""]"
base:recipe-version:v6-pasta-con-pollo-e-zucca:d4acaa9dc2d6eec5,base:recipe:v6-pasta-con-pollo-e-zucca,Pasta con pollo e zucca,0,0.0,no,[],poultry,23.0,1.0,0.0,0.0,0.0,no,pasta,yes,"[""olio"", ""pasta"", ""pollo"", ""zucca""]"
base:recipe-version:v6-pasta-con-salmone-e-porro:5793a4d6fe797246,base:recipe:v6-pasta-con-salmone-e-porro,Pasta con salmone e porro,4,0.0,no,[],fish,17.0,1.0,0.0,0.0,0.0,no,pasta,yes,"[""olio"", ""pasta"", ""porro"", ""salmone""]"
base:recipe-version:v6-pasta-con-sardine-e-broccoli:c174b31ea11d846f,base:recipe:v6-pasta-con-sardine-e-broccoli,Pasta con sardine e broccoli,0,0.0,no,[],fish,20.0,1.0,0.0,0.0,0.0,no,pasta,yes,"[""broccoli"", ""olio"", ""pasta"", ""sardine""]"
base:recipe-version:v6-pasta-con-sgombro-e-cavolo-cappuccio:eff554c976679eb2,base:recipe:v6-pasta-con-sgombro-e-cavolo-cappuccio,Pasta con sgombro e cavolo cappuccio,2,0.0,no,[],fish,15.2,1.0,0.0,0.0,0.0,no,pasta,yes,"[""cavolo_cappuccio"", ""olio"", ""pasta"", ""sgombro""]"
base:recipe-version:v6-pasta-con-tacchino-e-carciofi:542f4cbf7170b7e9,base:recipe:v6-pasta-con-tacchino-e-carciofi,Pasta con tacchino e carciofi,1,0.0,no,[],poultry,24.0,1.0,0.0,0.0,0.0,no,pasta,yes,"[""carciofo"", ""olio"", ""pasta"", ""tacchino""]"
base:recipe-version:v6-pasta-con-tacchino-e-funghi:4d168b1338ddc83d,base:recipe:v6-pasta-con-tacchino-e-funghi,Pasta con tacchino e funghi,0,0.0,no,[],poultry,24.0,1.0,0.0,0.0,0.0,no,pasta,yes,"[""funghi"", ""olio"", ""pasta"", ""tacchino""]"
base:recipe-version:v6-pasta-con-tacchino-e-spinaci:77943eaf3219f1fc,base:recipe:v6-pasta-con-tacchino-e-spinaci,Pasta con tacchino e spinaci,1,0.0,no,[],poultry,24.0,1.0,0.0,0.0,0.0,no,pasta,yes,"[""olio"", ""pasta"", ""spinaci"", ""tacchino""]"
base:recipe-version:v6-pasta-con-tonno-e-broccoli:dd261be4e72f12f6,base:recipe:v6-pasta-con-tonno-e-broccoli,Pasta con tonno e broccoli,1,0.0,no,[],fish,23.4,1.0,0.0,0.0,0.0,no,pasta,yes,"[""broccoli"", ""olio"", ""pasta"", ""tonno_naturale""]"
base:recipe-version:v6-pasta-con-tonno-passata-e-finocchi:8dfcc934ae7d2be9,base:recipe:v6-pasta-con-tonno-passata-e-finocchi,"Pasta con tonno, passata e finocchi",0,0.0,no,[],fish,23.4,1.0,0.0,0.0,0.0,no,pasta,yes,"[""finocchio"", ""olio"", ""passata"", ""pasta"", ""tonno_naturale""]"
base:recipe-version:v6-pasta-con-trota-e-spinaci:311d59fd35a93850,base:recipe:v6-pasta-con-trota-e-spinaci,Pasta con trota e spinaci,0,0.0,no,[],fish,20.5,1.0,0.0,0.0,0.0,no,pasta,yes,"[""olio"", ""pasta"", ""spinaci"", ""trota""]"
base:recipe-version:v6-pasta-e-borlotti-con-funghi:939d2c259695ddf0,base:recipe:v6-pasta-e-borlotti-con-funghi,Pasta e borlotti con funghi,1,0.0,no,[],legumes,7.2,1.0,80.0,7.2,1.0,yes,pasta,yes,"[""borlotti"", ""funghi"", ""olio"", ""pasta""]"
base:recipe-version:v6-pasta-e-borlotti-con-verza:9dcbb7155f5bf733,base:recipe:v6-pasta-e-borlotti-con-verza,Pasta e borlotti con verza,3,0.0,no,[],legumes,7.2,1.0,80.0,7.2,1.0,yes,pasta,yes,"[""borlotti"", ""olio"", ""pasta"", ""verza""]"
base:recipe-version:v6-pasta-e-cannellini-con-carciofi:1c84aec1e0489802,base:recipe:v6-pasta-e-cannellini-con-carciofi,Pasta e cannellini con carciofi,2,0.0,no,[],legumes,6.525,1.0,75.0,6.525,1.0,yes,pasta,yes,"[""cannellini"", ""carciofo"", ""olio"", ""pasta""]"
base:recipe-version:v6-pasta-e-cannellini-con-cavolfiore:55e427835555bad5,base:recipe:v6-pasta-e-cannellini-con-cavolfiore,Pasta e cannellini con cavolfiore,3,0.0,no,[],legumes,6.96,1.0,80.0,6.96,1.0,yes,pasta,yes,"[""cannellini"", ""cavolfiore"", ""olio"", ""pasta""]"
base:recipe-version:v6-pasta-e-cannellini-con-spinaci:e4fd05f4eb3c7075,base:recipe:v6-pasta-e-cannellini-con-spinaci,Pasta e cannellini con spinaci,2,0.0,no,[],legumes,6.96,1.0,80.0,6.96,1.0,yes,pasta,yes,"[""cannellini"", ""olio"", ""pasta"", ""spinaci""]"
base:recipe-version:v6-pasta-e-ceci-con-broccoli:83b8f13d2844e188,base:recipe:v6-pasta-e-ceci-con-broccoli,Pasta e ceci con broccoli,5,0.0,no,[],legumes,7.12,1.0,80.0,7.12,1.0,yes,pasta,yes,"[""broccoli"", ""ceci"", ""olio"", ""pasta""]"
base:recipe-version:v6-pasta-e-ceci-con-finocchi:cfa75b0312798ee1,base:recipe:v6-pasta-e-ceci-con-finocchi,Pasta e ceci con finocchi,5,0.0,no,[],legumes,6.675,1.0,75.0,6.675,1.0,yes,pasta,yes,"[""ceci"", ""finocchio"", ""olio"", ""pasta""]"
base:recipe-version:v6-pasta-e-ceci-con-zucca:04b7f6a9d9589b93,base:recipe:v6-pasta-e-ceci-con-zucca,Pasta e ceci con zucca,6,0.0,no,[],legumes,7.12,1.0,80.0,7.12,1.0,yes,pasta,yes,"[""ceci"", ""olio"", ""pasta"", ""zucca""]"
base:recipe-version:v6-pasta-e-fave-con-carciofi:144a580e25d57ac0,base:recipe:v6-pasta-e-fave-con-carciofi,Pasta e fave con carciofi,2,0.0,no,[],legumes,6.08,1.0,80.0,6.08,1.0,yes,pasta,yes,"[""carciofo"", ""fave"", ""olio"", ""pasta""]"
base:recipe-version:v6-pasta-e-lenticchie-con-carote:86363e74837643b7,base:recipe:v6-pasta-e-lenticchie-con-carote,Pasta e lenticchie con carote,7,0.0,no,[],legumes,6.75,1.0,75.0,6.75,1.0,yes,pasta,yes,"[""carota"", ""lenticchie"", ""olio"", ""pasta""]"
base:recipe-version:v6-pasta-e-lenticchie-con-cavolo-nero:6cfbf87c7ea7e664,base:recipe:v6-pasta-e-lenticchie-con-cavolo-nero,Pasta e lenticchie con cavolo nero,2,0.0,no,[],legumes,6.75,1.0,75.0,6.75,1.0,yes,pasta,yes,"[""cavolo_nero"", ""lenticchie"", ""olio"", ""pasta""]"
base:recipe-version:v6-pasta-e-lenticchie-con-passata-e-spinaci:9a451f889d032790,base:recipe:v6-pasta-e-lenticchie-con-passata-e-spinaci,Pasta e lenticchie con passata e spinaci,4,0.0,no,[],legumes,6.75,1.0,75.0,6.75,1.0,yes,pasta,yes,"[""lenticchie"", ""olio"", ""passata"", ""pasta"", ""spinaci""]"
base:recipe-version:v6-pasta-e-piselli-con-porro:4688d88f642de1ef,base:recipe:v6-pasta-e-piselli-con-porro,Pasta e piselli con porro,3,0.0,no,[],legumes,6.21,1.0,115.0,6.21,1.0,yes,pasta,yes,"[""olio"", ""pasta"", ""piselli"", ""porro""]"
base:recipe-version:v6-pasta-e-piselli-con-spinaci:1b8955b2f5d4cea1,base:recipe:v6-pasta-e-piselli-con-spinaci,Pasta e piselli con spinaci,2,0.0,no,[],legumes,6.21,1.0,115.0,6.21,1.0,yes,pasta,yes,"[""olio"", ""pasta"", ""piselli"", ""spinaci""]"
base:recipe-version:v6-pasta-integrale-con-hummus-carote-e-spinaci:a9229b7253a81780,base:recipe:v6-pasta-integrale-con-hummus-carote-e-spinaci,"Pasta integrale con hummus, carote e spinaci",2,0.0,no,[],legumes,6.32,1.0,80.0,6.32,1.0,yes,pasta,yes,"[""carota"", ""hummus"", ""olio"", ""pasta_integrale"", ""spinaci""]"
base:recipe-version:v6-pasta-integrale-con-lupini-e-zucca:b3901392e023e90a,base:recipe:v6-pasta-integrale-con-lupini-e-zucca,Pasta integrale con lupini e zucca,3,0.0,no,[],legumes,10.92,1.0,70.0,10.92,1.0,yes,pasta,yes,"[""lupini"", ""olio"", ""pasta_integrale"", ""zucca""]"
base:recipe-version:v6-patate-con-lenticchie-e-spinaci:fd1f12d70759cf1f,base:recipe:v6-patate-con-lenticchie-e-spinaci,Patate con lenticchie e spinaci,0,0.0,no,[],legumes,6.75,1.0,75.0,6.75,1.0,yes,potato,no,"[""lenticchie"", ""olio"", ""patata"", ""spinaci""]"
base:recipe-version:v6-patate-con-lupini-e-carciofi:ddf868d1c5308085,base:recipe:v6-patate-con-lupini-e-carciofi,Patate con lupini e carciofi,0,0.0,no,[],legumes,11.7,1.0,75.0,11.7,1.0,yes,potato,no,"[""carciofo"", ""lupini"", ""olio"", ""patata""]"
base:recipe-version:v6-patate-con-salmone-e-finocchi:5750ae4635bb4b0d,base:recipe:v6-patate-con-salmone-e-finocchi,Patate con salmone e finocchi,8,0.0,no,[],fish,18.0,1.0,0.0,0.0,0.0,no,potato,no,"[""finocchio"", ""olio"", ""patata"", ""salmone""]"
base:recipe-version:v6-piadina-con-hummus-lupini-e-verdure:73afb40df07e6050,base:recipe:v6-piadina-con-hummus-lupini-e-verdure,"Piadina con hummus, lupini e verdure",0,0.0,no,[],legumes,10.98,1.0,100.0,10.98,1.0,yes,bread,no,"[""carota"", ""hummus"", ""lupini"", ""olio"", ""piadina"", ""spinaci""]"
base:recipe-version:v6-polenta-con-borlotti-e-funghi:f57d2cbdc79e7adc,base:recipe:v6-polenta-con-borlotti-e-funghi,Polenta con borlotti e funghi,0,0.0,no,[],legumes,7.2,1.0,80.0,7.2,1.0,yes,other_grains,no,"[""borlotti"", ""funghi"", ""olio"", ""polenta""]"
base:recipe-version:v6-polenta-con-cannellini-e-cavolfiore:bc4ef25d23b13a81,base:recipe:v6-polenta-con-cannellini-e-cavolfiore,Polenta con cannellini e cavolfiore,0,0.0,no,[],legumes,6.96,1.0,80.0,6.96,1.0,yes,other_grains,no,"[""cannellini"", ""cavolfiore"", ""olio"", ""polenta""]"
base:recipe-version:v6-polenta-con-merluzzo-e-cavolo-nero:3155bb1fe698b930,base:recipe:v6-polenta-con-merluzzo-e-cavolo-nero,Polenta con merluzzo e cavolo nero,8,0.0,no,[],fish,21.6,1.0,0.0,0.0,0.0,no,other_grains,no,"[""cavolo_nero"", ""merluzzo"", ""olio"", ""polenta""]"
base:recipe-version:v6-riso-basmati-con-borlotti-e-spinaci:96ddd02df0493d09,base:recipe:v6-riso-basmati-con-borlotti-e-spinaci,Riso basmati con borlotti e spinaci,1,0.0,no,[],legumes,7.2,1.0,80.0,7.2,1.0,yes,rice,yes,"[""borlotti"", ""olio"", ""riso_basmati"", ""spinaci""]"
base:recipe-version:v6-riso-basmati-con-ceci-e-carote:7277f67999f4413a,base:recipe:v6-riso-basmati-con-ceci-e-carote,Riso basmati con ceci e carote,7,0.0,no,[],legumes,7.12,1.0,80.0,7.12,1.0,yes,rice,yes,"[""carota"", ""ceci"", ""olio"", ""riso_basmati""]"
base:recipe-version:v6-riso-basmati-con-lenticchie-e-broccoli:96846871ea25b833,base:recipe:v6-riso-basmati-con-lenticchie-e-broccoli,Riso basmati con lenticchie e broccoli,2,0.0,no,[],legumes,7.2,1.0,80.0,7.2,1.0,yes,rice,yes,"[""broccoli"", ""lenticchie"", ""olio"", ""riso_basmati""]"
base:recipe-version:v6-riso-basmati-con-piselli-e-zucca:75aaa80296aeb6f9,base:recipe:v6-riso-basmati-con-piselli-e-zucca,Riso basmati con piselli e zucca,2,0.0,no,[],legumes,6.21,1.0,115.0,6.21,1.0,yes,rice,yes,"[""olio"", ""piselli"", ""riso_basmati"", ""zucca""]"
base:recipe-version:v6-riso-integrale-con-borlotti-e-verza:9eb8ad6d3f6ed2cf,base:recipe:v6-riso-integrale-con-borlotti-e-verza,Riso integrale con borlotti e verza,0,0.0,no,[],legumes,7.2,1.0,80.0,7.2,1.0,yes,rice,yes,"[""borlotti"", ""olio"", ""riso_integrale"", ""verza""]"
base:recipe-version:v6-riso-integrale-con-cannellini-e-finocchi:65aefdcdfb48f1ac,base:recipe:v6-riso-integrale-con-cannellini-e-finocchi,Riso integrale con cannellini e finocchi,0,0.0,no,[],legumes,6.525,1.0,75.0,6.525,1.0,yes,rice,yes,"[""cannellini"", ""finocchio"", ""olio"", ""riso_integrale""]"
base:recipe-version:v6-riso-integrale-con-fave-e-cavolo-cappuccio:9be40ab85728a515,base:recipe:v6-riso-integrale-con-fave-e-cavolo-cappuccio,Riso integrale con fave e cavolo cappuccio,1,0.0,no,[],legumes,6.46,1.0,85.0,6.46,1.0,yes,rice,yes,"[""cavolo_cappuccio"", ""fave"", ""olio"", ""riso_integrale""]"
base:recipe-version:v6-riso-integrale-con-lenticchie-e-zucca:dc511af2e1f40d7c,base:recipe:v6-riso-integrale-con-lenticchie-e-zucca,Riso integrale con lenticchie e zucca,1,0.0,no,[],legumes,7.2,1.0,80.0,7.2,1.0,yes,rice,yes,"[""lenticchie"", ""olio"", ""riso_integrale"", ""zucca""]"
base:recipe-version:v6-riso-jasmine-con-cannellini-e-cavolfiore:36eddf9e96f7366b,base:recipe:v6-riso-jasmine-con-cannellini-e-cavolfiore,Riso jasmine con cannellini e cavolfiore,2,0.0,no,[],legumes,6.96,1.0,80.0,6.96,1.0,yes,rice,yes,"[""cannellini"", ""cavolfiore"", ""olio"", ""riso_jasmine""]"
base:recipe-version:v6-riso-jasmine-con-ceci-e-zucca:7c93685bbfc7f317,base:recipe:v6-riso-jasmine-con-ceci-e-zucca,Riso jasmine con ceci e zucca,6,0.0,no,[],legumes,7.12,1.0,80.0,7.12,1.0,yes,rice,yes,"[""ceci"", ""olio"", ""riso_jasmine"", ""zucca""]"
base:recipe-version:v6-riso-jasmine-con-lupini-e-carote:f7a2f448e19fedd4,base:recipe:v6-riso-jasmine-con-lupini-e-carote,Riso jasmine con lupini e carote,2,0.0,no,[],legumes,10.92,1.0,70.0,10.92,1.0,yes,rice,yes,"[""carota"", ""lupini"", ""olio"", ""riso_jasmine""]"
base:recipe-version:v6-riso-jasmine-con-piselli-e-carciofi:4d462d6ae6e29a37,base:recipe:v6-riso-jasmine-con-piselli-e-carciofi,Riso jasmine con piselli e carciofi,2,0.0,no,[],legumes,6.21,1.0,115.0,6.21,1.0,yes,rice,yes,"[""carciofo"", ""olio"", ""piselli"", ""riso_jasmine""]"
base:recipe-version:v6-yogurt-banana-e-mandorle:3c809d3ef5f7a883,base:recipe:v6-yogurt-banana-e-mandorle,"Yogurt, banana e mandorle",2,0.0,no,[],milk_yogurt,6.8,0.6814,0.0,0.0,0.0,no,,no,"[""banana"", ""mandorle"", ""yogurt_bianco""]"
base:recipe-version:v6-yogurt-con-avena-e-mela:1bc3c9dc04beea24,base:recipe:v6-yogurt-con-avena-e-mela,Yogurt con avena e mela,5,0.0,no,[],milk_yogurt,6.8,1.0,0.0,0.0,0.0,no,other_grains,no,"[""avena"", ""mela"", ""yogurt_bianco""]"
base:recipe-version:v6-yogurt-con-avena-e-pera:deac64791fb6ff2d,base:recipe:v6-yogurt-con-avena-e-pera,Yogurt con avena e pera,8,0.0,no,[],milk_yogurt,6.8,1.0,0.0,0.0,0.0,no,other_grains,no,"[""avena"", ""pera"", ""yogurt_bianco""]"
base:recipe-version:v6-yogurt-con-frutti-di-bosco-e-nocciole:b86f2b6106ba2075,base:recipe:v6-yogurt-con-frutti-di-bosco-e-nocciole,Yogurt con frutti di bosco e nocciole,16,0.0,no,[],milk_yogurt,6.0,0.7273,0.0,0.0,0.0,no,,no,"[""frutti_bosco"", ""nocciole"", ""yogurt_bianco""]"
base:recipe-version:v6-yogurt-kiwi-e-noci:1f35f66ca7cb06e3,base:recipe:v6-yogurt-kiwi-e-noci,"Yogurt, kiwi e noci",3,0.0,no,[],milk_yogurt,6.8,0.7885,0.0,0.0,0.0,no,,no,"[""kiwi"", ""noci"", ""yogurt_bianco""]"
base:recipe-version:v6c-bowl-di-yogurt-avena-mela-e-crema-di-arachidi:3dd4c719b3e7c782,base:recipe:v6c-bowl-di-yogurt-avena-mela-e-crema-di-arachidi,"Bowl di yogurt, avena, mela e crema di arachidi",1,0.0,no,[],milk_yogurt,6.8,0.7312,0.0,0.0,0.0,no,other_grains,no,"[""avena"", ""burro_arachidi"", ""mela"", ""yogurt_bianco""]"
base:recipe-version:v6c-brunch-completo-con-couscous-pollo-e-carote:b068d2d1e6885f55,base:recipe:v6c-brunch-completo-con-couscous-pollo-e-carote,"Brunch completo con couscous, pollo e carote",3,0.0,no,[],poultry,34.5,1.0,0.0,0.0,0.0,no,other_grains,no,"[""carota"", ""couscous"", ""olio"", ""pollo""]"
base:recipe-version:v6c-brunch-completo-con-couscous-salmone-e-zucca:102298fa07c2f568,base:recipe:v6c-brunch-completo-con-couscous-salmone-e-zucca,"Brunch completo con couscous, salmone e zucca",4,0.0,no,[],fish,26.0,1.0,0.0,0.0,0.0,no,other_grains,no,"[""couscous"", ""olio"", ""salmone"", ""zucca""]"
base:recipe-version:v6c-brunch-completo-con-couscous-tacchino-e-spinaci:a20df9da2d65c783,base:recipe:v6c-brunch-completo-con-couscous-tacchino-e-spinaci,"Brunch completo con couscous, tacchino e spinaci",4,0.0,no,[],poultry,38.4,1.0,0.0,0.0,0.0,no,other_grains,no,"[""couscous"", ""olio"", ""spinaci"", ""tacchino""]"
base:recipe-version:v6c-brunch-completo-con-farro-manzo-e-radicchio:0c5331d87c3f4d84,base:recipe:v6c-brunch-completo-con-farro-manzo-e-radicchio,"Brunch completo con farro, manzo e radicchio",4,0.0,no,[],red_meat,33.0,1.0,0.0,0.0,0.0,no,other_grains,no,"[""farro"", ""manzo_magro"", ""olio"", ""radicchio""]"
base:recipe-version:v6c-brunch-completo-con-farro-manzo-e-spinaci:e0a63897061312ac,base:recipe:v6c-brunch-completo-con-farro-manzo-e-spinaci,"Brunch completo con farro, manzo e spinaci",0,0.0,no,[],red_meat,33.0,1.0,0.0,0.0,0.0,no,other_grains,no,"[""farro"", ""manzo_magro"", ""olio"", ""spinaci""]"
base:recipe-version:v6c-brunch-completo-con-farro-tonno-e-fagiolini:ec10bbd1714ec88b,base:recipe:v6c-brunch-completo-con-farro-tonno-e-fagiolini,"Brunch completo con farro, tonno e fagiolini",1,0.0,no,[],fish,39.0,1.0,0.0,0.0,0.0,no,other_grains,no,"[""fagiolini"", ""farro"", ""olio"", ""tonno_naturale""]"
base:recipe-version:v6c-brunch-completo-con-farro-tonno-e-spinaci:798c70f6ab73f8e4,base:recipe:v6c-brunch-completo-con-farro-tonno-e-spinaci,"Brunch completo con farro, tonno e spinaci",2,0.0,no,[],fish,36.4,1.0,0.0,0.0,0.0,no,other_grains,no,"[""farro"", ""olio"", ""spinaci"", ""tonno_naturale""]"
base:recipe-version:v6c-brunch-completo-con-orzo-salmone-e-finocchi:4b22d8aeec21d660,base:recipe:v6c-brunch-completo-con-orzo-salmone-e-finocchi,"Brunch completo con orzo, salmone e finocchi",1,0.0,no,[],fish,26.0,1.0,0.0,0.0,0.0,no,other_grains,no,"[""finocchio"", ""olio"", ""orzo"", ""salmone""]"
base:recipe-version:v6c-brunch-completo-con-orzo-tacchino-e-zucca:7898281ada572089,base:recipe:v6c-brunch-completo-con-orzo-tacchino-e-zucca,"Brunch completo con orzo, tacchino e zucca",2,0.0,no,[],poultry,36.0,1.0,0.0,0.0,0.0,no,other_grains,no,"[""olio"", ""orzo"", ""tacchino"", ""zucca""]"
base:recipe-version:v6c-brunch-completo-con-pane-integrale-salmone-e-radicchio:00d65b0e082ec016,base:recipe:v6c-brunch-completo-con-pane-integrale-salmone-e-radicchio,"Brunch completo con pane integrale, salmone e radicchio",9,0.0,no,[],fish,30.0,1.0,0.0,0.0,0.0,no,bread,no,"[""olio"", ""pane_integrale"", ""radicchio"", ""salmone""]"
base:recipe-version:v6c-brunch-completo-con-patate-manzo-e-cavolfiore:f06e5927f70f22c5,base:recipe:v6c-brunch-completo-con-patate-manzo-e-cavolfiore,"Brunch completo con patate, manzo e cavolfiore",4,0.0,no,[],red_meat,35.2,1.0,0.0,0.0,0.0,no,potato,no,"[""cavolfiore"", ""manzo_magro"", ""olio"", ""patata""]"
base:recipe-version:v6c-brunch-completo-con-patate-pollo-e-spinaci:5e33b6e57d8f6e2f,base:recipe:v6c-brunch-completo-con-patate-pollo-e-spinaci,"Brunch completo con patate, pollo e spinaci",1,0.0,no,[],poultry,41.4,1.0,0.0,0.0,0.0,no,potato,no,"[""olio"", ""patata"", ""pollo"", ""spinaci""]"
base:recipe-version:v6c-brunch-completo-con-polenta-manzo-e-broccoli:de9b2e35908b5a3c,base:recipe:v6c-brunch-completo-con-polenta-manzo-e-broccoli,"Brunch completo con polenta, manzo e broccoli",8,0.0,no,[],red_meat,33.0,1.0,0.0,0.0,0.0,no,other_grains,no,"[""broccoli"", ""manzo_magro"", ""olio"", ""polenta""]"
base:recipe-version:v6c-brunch-completo-con-polenta-merluzzo-e-cavolo-nero:afbacbc2ff064302,base:recipe:v6c-brunch-completo-con-polenta-merluzzo-e-cavolo-nero,"Brunch completo con polenta, merluzzo e cavolo nero",2,0.0,no,[],fish,32.4,1.0,0.0,0.0,0.0,no,other_grains,no,"[""cavolo_nero"", ""merluzzo"", ""olio"", ""polenta""]"
base:recipe-version:wrap-con-prosciutto-cotto-primosale-e-zucca:5dba1a9f007b5f8c,base:recipe:wrap-con-prosciutto-cotto-primosale-e-zucca,"Wrap con prosciutto cotto, primosale e zucca",0,0.0,yes,"[""primosale""]",cold_cuts,15.0,0.6024,0.0,0.0,0.0,no,bread,no,"[""primosale"", ""prosciutto_cotto"", ""tortilla"", ""zucca""]"
base:recipe-version:wrap-con-prosciutto-cotto-robiola-e-radicchio:8725dcd1b480bcf7,base:recipe:wrap-con-prosciutto-cotto-robiola-e-radicchio,"Wrap con prosciutto cotto, robiola e radicchio",0,0.0,yes,"[""robiola""]",cold_cuts,15.0,0.8264,0.0,0.0,0.0,no,bread,no,"[""prosciutto_cotto"", ""radicchio"", ""robiola"", ""tortilla""]"
base:recipe-version:wrap-morbido-con-pollo-primosale-e-bietole:6bf1f86e7d657087,base:recipe:wrap-morbido-con-pollo-primosale-e-bietole,"Wrap morbido con pollo, primosale e bietole",0,0.0,yes,"[""primosale""]",poultry,23.0,0.785,0.0,0.0,0.0,no,bread,no,"[""bietola"", ""mais"", ""pollo"", ""primosale"", ""tortilla""]"
base:recipe-version:wrap-morbido-con-pollo-primosale-e-cavolfiore:bcd3218b8900d878,base:recipe:wrap-morbido-con-pollo-primosale-e-cavolfiore,"Wrap morbido con pollo, primosale e cavolfiore",0,0.0,yes,"[""primosale""]",poultry,23.0,0.785,0.0,0.0,0.0,no,bread,no,"[""cavolfiore"", ""mais"", ""pollo"", ""primosale"", ""tortilla""]"
base:recipe-version:wrap-morbido-con-pollo-primosale-e-radicchio:490d12d3cb4db91f,base:recipe:wrap-morbido-con-pollo-primosale-e-radicchio,"Wrap morbido con pollo, primosale e radicchio",0,0.0,yes,"[""primosale""]",poultry,23.0,0.785,0.0,0.0,0.0,no,bread,no,"[""mais"", ""pollo"", ""primosale"", ""radicchio"", ""tortilla""]"
base:recipe-version:wrap-morbido-con-pollo-primosale-e-radicchio:aab15f7c9af063bd,base:recipe:wrap-morbido-con-pollo-primosale-e-radicchio,"Wrap morbido con pollo, primosale e radicchio",0,0.0,yes,"[""primosale""]",poultry,23.0,0.785,0.0,0.0,0.0,no,bread,no,"[""mais"", ""pane_bianco"", ""pollo"", ""primosale"", ""radicchio"", ""tortilla""]"
base:recipe-version:wrap-morbido-con-pollo-primosale-e-radicchio:f5266f2855084edf,base:recipe:wrap-morbido-con-pollo-primosale-e-radicchio,"Wrap morbido con pollo, primosale e radicchio",0,0.0,yes,"[""primosale""]",poultry,23.0,0.785,0.0,0.0,0.0,no,bread,no,"[""mais"", ""pollo"", ""primosale"", ""radicchio"", ""tortilla""]"
base:recipe-version:wrap-morbido-con-pollo-primosale-e-spinaci:31375e66eb4c553f,base:recipe:wrap-morbido-con-pollo-primosale-e-spinaci,"Wrap morbido con pollo, primosale e spinaci",0,0.0,yes,"[""primosale""]",poultry,23.0,0.785,0.0,0.0,0.0,no,bread,no,"[""mais"", ""pollo"", ""primosale"", ""spinaci"", ""tortilla""]"
base:recipe-version:wrap-morbido-con-pollo-primosale-e-spinaci:43afd079740a1328,base:recipe:wrap-morbido-con-pollo-primosale-e-spinaci,"Wrap morbido con pollo, primosale e spinaci",0,0.0,yes,"[""primosale""]",poultry,23.0,0.785,0.0,0.0,0.0,no,bread,no,"[""mais"", ""pollo"", ""primosale"", ""spinaci"", ""tortilla""]"
base:recipe-version:wrap-morbido-con-pollo-primosale-e-spinaci:eb2a07f2671578f3,base:recipe:wrap-morbido-con-pollo-primosale-e-spinaci,"Wrap morbido con pollo, primosale e spinaci",0,0.0,yes,"[""primosale""]",poultry,23.0,0.785,0.0,0.0,0.0,no,bread,no,"[""mais"", ""pollo"", ""primosale"", ""spinaci"", ""tortilla""]"
base:recipe-version:yogurt-bianco-corn-flakes-e-banana:6ba3d2479e91774a,base:recipe:yogurt-bianco-corn-flakes-e-banana,"Yogurt bianco, corn flakes e banana",6,0.0,no,[],milk_yogurt,6.0,0.8499,0.0,0.0,0.0,no,other_grains,no,"[""banana"", ""cornflakes"", ""mandorle"", ""yogurt_bianco""]"
base:recipe-version:yogurt-bianco-corn-flakes-e-frutta:16e276c270d9e192,base:recipe:yogurt-bianco-corn-flakes-e-frutta,"Yogurt bianco, corn flakes e frutta",0,0.0,no,[],milk_yogurt,5.0,1.0,0.0,0.0,0.0,no,other_grains,no,"[""cornflakes"", ""kiwi"", ""yogurt_bianco""]"
base:recipe-version:yogurt-bianco-corn-flakes-e-frutta:8bd9d43e7adbdeed,base:recipe:yogurt-bianco-corn-flakes-e-frutta,"Yogurt bianco, corn flakes e frutta",2,0.0,no,[],milk_yogurt,5.0,1.0,0.0,0.0,0.0,no,other_grains,no,"[""cornflakes"", ""uva"", ""yogurt_bianco""]"
base:recipe-version:yogurt-bianco-corn-flakes-e-frutta:bfd6dccd07b87561,base:recipe:yogurt-bianco-corn-flakes-e-frutta,"Yogurt bianco, corn flakes e frutta",2,0.0,no,[],milk_yogurt,5.0,1.0,0.0,0.0,0.0,no,other_grains,no,"[""banana"", ""cornflakes"", ""yogurt_bianco""]"
base:recipe-version:yogurt-bianco-corn-flakes-e-frutta:c0ae1fc279e4587a,base:recipe:yogurt-bianco-corn-flakes-e-frutta,"Yogurt bianco, corn flakes e frutta",2,0.0,no,[],milk_yogurt,5.0,1.0,0.0,0.0,0.0,no,other_grains,no,"[""cornflakes"", ""mandarino"", ""yogurt_bianco""]"
base:recipe-version:yogurt-bianco-corn-flakes-e-frutta:db08b69389ae404c,base:recipe:yogurt-bianco-corn-flakes-e-frutta,"Yogurt bianco, corn flakes e frutta",1,0.0,no,[],milk_yogurt,5.0,1.0,0.0,0.0,0.0,no,other_grains,no,"[""arancia"", ""cornflakes"", ""yogurt_bianco""]"
base:recipe-version:yogurt-bianco-e-banana:047824242ce72a93,base:recipe:yogurt-bianco-e-banana,Yogurt bianco e banana,12,0.0,no,[],milk_yogurt,5.0,1.0,0.0,0.0,0.0,no,,no,"[""banana"", ""yogurt_bianco""]"
